transaction_id,company_name,owner_name,amount_usd,date,district
TXN-000001,Pinewood Highland Holdings LLC,Olivia Caruso,814387.93,2026-05-13,District 05
TXN-000002,Glenmore Pioneer Solutions PLC,Dmitri Jovanovic,8375.67,2024-04-19,District 03
TXN-000003,Tongi Bldrs Limited,Rafiqul Hasan,110129.21,2025-08-05,District 05
TXN-000004,Copperfield Zenith Enterprises Ltd,Elias Radovanovic,10147.07,2026-06-24,District 03
TXN-000005,Eastvale Apex Group LLC,Margaux Brogaard,16904.29,2024-12-29,District 02
TXN-000006,Radcliffe Industrial Logistics Co,Wilhelm Sebesta,12844.33,2026-04-29,District 06
TXN-000007,Underhill Apex Partners Inc,Amos Zanetti,67497.29,2024-11-08,District 07
TXN-000008,Belmont Industrial Services PLC,Dmitri Clemencic,155858.10,2025-07-02,District 01
TXN-000009,Belmont Commercial Logistics Inc,Enzo Moreau,723461.78,2026-09-02,District 06
TXN-000010,Underhill Highland Enterprises Inc,Felix Weber,244988.08,2025-07-22,District 05
TXN-000011,Eastvale Zenith Holdings Ltd,Rene Klassen,492705.74,2026-01-19,District 01
TXN-000012,Blackwood Apex Group Inc,Farida Rosqvist,11201.99,2024-06-24,District 11
TXN-000013,Queensbury Commercial Consulting LLC,Fiona Eekhoff,94083.88,2025-12-24,District 03
TXN-000014,Brookfield Summit Solutions LLC,Rosalind Pichler,25145.13,2026-07-06,District 05
TXN-000015,Jessup Pioneer Developments LLC,Petra Quaresma,19443.93,2025-02-27,District 07
TXN-000016,Vernon Summit Works LLC,Camille Marino,12836.03,2026-08-08,District 06
TXN-000017,Pinewood Commercial Consulting Co,Yusuf Rasmussen,217556.35,2025-06-23,District 04
TXN-000018,Ashford Atlas Engineering PLC,Camille Lindqvist,302363.60,2025-10-08,District 04
TXN-000019,Langford Coastal Group Ltd,Stefan Corvin,774184.57,2025-09-15,District 09
TXN-000020,Clarence Apex Infrastructure LLC,Silvia Lukacs,447723.10,2026-08-27,District 10
TXN-000021,Jessup Pioneer Logistics PLC,Paolina Olszynski,128155.87,2024-06-09,District 12
TXN-000022,Yorkfield Harbor Services Co,Sanne Kaufmann,358918.88,2024-06-22,District 09
TXN-000023,Ashford Prime Holdings LLC,Regina Wojcik,2533.24,2024-06-02,District 07
TXN-000024,Everly Prime Works PLC,Lucia Slavik,49694.70,2026-05-21,District 12
TXN-000025,Holloway Pioneer Consulting LLC,Miranda Richter,5700.65,2025-05-05,District 04
TXN-000026,Pinewood Prime Works LLC,Klaus Hoffmann,9060.47,2024-11-19,District 04
TXN-000027,Thornbury Commercial Holdings LLC,Miranda Pichler,184291.44,2025-11-20,District 07
TXN-000028,Pinewood Harbor Logistics Inc,Thibault Fischer,649329.65,2024-01-20,District 04
TXN-000029,Aldergate Titan Partners Inc,Fiona Beaumont,71273.51,2024-11-11,District 11
TXN-000030,Holloway Industrial Contractors PLC,Zoran Molinari,525517.76,2025-06-26,District 07
TXN-000031,Brookfield Metro Engineering PLC,Adrian Saavedra,772162.94,2025-02-12,District 10
TXN-000032,Pemberton Industrial Solutions Inc,Felix Pelletier,98427.30,2024-06-18,District 05
TXN-000033,Langford Prime Group LLC,Antoine Eekhoff,114572.69,2025-03-20,District 12
TXN-000034,Zephyr Summit Logistics LLC,Fabian Oberlin,9724.28,2024-01-23,District 11
TXN-000035,Belmont Civic Infrastructure Co,Florian Tarnowski,7129.17,2024-03-14,District 05
TXN-000036,Copperfield Civic Holdings PLC,Jelena Eekhoff,2593.64,2026-08-03,District 05
TXN-000037,Ashford Atlas Services Co,Julien Kaminski,297417.36,2024-12-05,District 05
TXN-000038,Queensbury Commercial Group Ltd,Ilse Petrov,8064.14,2026-01-18,District 08
TXN-000039,Zephyr Metro Ventures Co,Severin Johannsen,27669.68,2024-01-18,District 03
TXN-000040,Larkspur Industrial Engineering PLC,Hugo Nordin,88658.38,2026-01-02,District 03
TXN-000041,Clarence Zenith Holdings Inc,Vera Corvin,17527.04,2025-02-05,District 08
TXN-000042,Queensbury Titan Logistics Co,Jelena Vasquez,4282.64,2025-10-17,District 09
TXN-000043,Clarence Civil Contractors LLC,Silvia Pedersen,5388.62,2024-10-02,District 07
TXN-000044,Fairmont Commercial Group Inc,Halvard Dupont,23263.22,2026-04-11,District 09
TXN-000045,Ullswater Midland Logistics PLC,Janek Lukacs,80492.32,2026-05-20,District 12
TXN-000046,Moorfield Sovereign Consulting LLC,Guillaume Sandberg,100287.46,2026-06-22,District 07
TXN-000047,Vernon Commercial Enterprises LLC,Miroslav Rosqvist,47117.45,2025-05-30,District 05
TXN-000048,Brookfield Midland Trading Co,Farida Saavedra,2998.74,2026-03-14,District 05
TXN-000049,Aldergate Metro Services Inc,Amos Steffensen,254428.33,2026-07-30,District 12
TXN-000050,Darlington Coastal Solutions Ltd,Sabine Thomassen,6502.82,2025-07-25,District 12
TXN-000051,Devereux Harbor Trading LLC,Tadeusz Mueller,11533.89,2026-02-05,District 10
TXN-000052,Fairmont Industrial Holdings LLC,Ilse Blanchard,8124.25,2026-07-09,District 09
TXN-000053,Orchard Industrial Works PLC,Magda Roth,5327.72,2025-05-27,District 07
TXN-000054,Everly Civic Contractors PLC,Stefan Lorenz,393822.84,2024-09-17,District 10
TXN-000055,Grantham Summit Consulting Co,Silvia Radovanovic,214433.47,2026-04-29,District 05
TXN-000056,Foxglove Atlas Developments Co,Pavel Lindqvist,818520.33,2024-01-14,District 02
TXN-000057,Fenwick Reliance Services LLC,Paolina Richter,279699.95,2024-12-03,District 06
TXN-000058,Marlowe Lakeside Infrastructure LLC,Viktor Kaminski,902742.31,2025-02-25,District 10
TXN-000059,Marlowe Titan Contractors Ltd,Lars Dahlberg,291525.48,2025-09-07,District 07
TXN-000060,Vernon Titan Logistics Inc,Elena Novak,251770.89,2026-06-22,District 06
TXN-000061,Vanguard Steel Works Inc,Marek Duvall,3775.74,2025-12-12,District 02
TXN-000062,Moorfield Civic Group Ltd,Rene Caruso,6322.42,2025-12-03,District 11
TXN-000063,Zephyr Apex Consulting LLC,Boris Molinari,38900.15,2026-05-19,District 05
TXN-000064,Underhill Apex Works Ltd,Beatriz Haugen,11788.44,2025-10-23,District 08
TXN-000065,Sandalwood Atlas Works Co,Dorian Skovgaard,97826.74,2025-12-19,District 03
TXN-000066,Kingsmere Pioneer Enterprises PLC,Xenia Yilmaz,750861.67,2025-05-27,District 12
TXN-000067,Brookfield Prime Enterprises Co,Erin Iversen,154030.26,2025-12-28,District 09
TXN-000068,Amberley Civic Consulting LLC,Vera Szabo,25830.73,2024-02-13,District 06
TXN-000069,Dunmore Commercial Trading Inc,Vera Aaltonen,8077.81,2025-02-01,District 09
TXN-000070,Vernon Pioneer Partners Ltd,Yannick Moreau,536303.92,2024-12-31,District 03
TXN-000071,Redstone Commercial Enterprises Ltd,Damien Oberlin,95551.16,2025-08-02,District 07
TXN-000072,Brookfield Reliance Trading Inc,Nadia Roth,30619.07,2025-11-17,District 02
TXN-000073,Eastvale Sovereign Group Ltd,Alena Oberlin,728161.63,2025-04-25,District 02
TXN-000074,Larkspur Civic Trading Co,Enzo Keller,6030.20,2026-04-02,District 12
TXN-000075,Foxglove Commercial Ventures Co,Erin Thomassen,2805.90,2024-01-24,District 08
TXN-000076,Foxglove Titan Developments Ltd,Janek Ursu,35764.55,2026-09-10,District 09
TXN-000077,Zephyr Civic Works Inc,Ilse Scheffer,4755.01,2025-06-29,District 12
TXN-000078,Vanguard Steelworks,Marek Duvall,220956.81,2024-05-01,District 02
TXN-000079,Dunmore Civil Infrastructure Co,Amos Kovacs,862297.24,2025-07-23,District 05
TXN-000080,Stonebridge Reliance Partners LLC,Stefan Mueller,302958.10,2025-08-03,District 03
TXN-000081,Everly Midland Contractors LLC,Ilse Kaminski,851475.33,2025-03-23,District 03
TXN-000082,Yorkfield Civil Services Ltd,Yelena Engstrom,11907.50,2024-01-05,District 06
TXN-000083,Stonebridge Titan Consulting PLC,Sabine Marino,290833.67,2024-08-25,District 09
TXN-000084,Blue Crest Marine Serv.,Ingrid Sollas,2808.70,2025-09-11,District 09
TXN-000085,Darlington Metro Partners Inc,Vera Magnusson,733052.35,2024-02-22,District 10
TXN-000086,Yorkfield Prime Logistics Co,Ivo Dupont,195525.87,2026-01-14,District 03
TXN-000087,Belmont Industrial Enterprises Ltd,Farida Wagner,757905.08,2026-08-13,District 05
TXN-000088,Orchard Zenith Developments Ltd,Tadeusz Mertens,53459.76,2024-06-11,District 08
TXN-000089,Radcliffe Civil Enterprises LLC,Hugo Girard,7306.65,2024-10-31,District 05
TXN-000090,Kirkwood Pioneer Holdings Inc,Fabian Magnusson,54196.87,2026-07-22,District 07
TXN-000091,Fairmont Harbor Infrastructure Inc,Farida Lukacs,31708.67,2026-08-29,District 07
TXN-000092,Langford Coastal Ventures Inc,Hector Wojcik,150309.15,2024-01-25,District 06
TXN-000093,Pemberton Pioneer Works Co,Oskar Quaresma,4134.21,2025-07-04,District 01
TXN-000094,Grantham Reliance Logistics PLC,Elias Blanchard,39857.95,2025-12-12,District 05
TXN-000095,Stonebridge Industrial Group LLC,Ilse Wagner,4737.46,2025-07-02,District 06
TXN-000096,Wexford Metro Works Co,Stefan Quaresma,2550.44,2025-04-26,District 04
TXN-000097,Brookfield Titan Enterprises Co,Vera Weber,42069.74,2024-03-22,District 03
TXN-000098,Foxglove Sovereign Solutions Inc,Erin Lorenz,11075.57,2025-09-09,District 06
TXN-000099,Vernon Midland Ventures LLC,Elias Moreau,56715.71,2025-03-30,District 05
TXN-000100,Devereux Summit Holdings Co,Margaux Bondarenko,5841.51,2024-08-24,District 07
TXN-000101,Queensbury Summit Trading PLC,Karina Kaminski,249179.74,2025-08-30,District 03
TXN-000102,Dunmore Metro Enterprises Co,Fiona Bakker,5683.31,2024-09-17,District 06
TXN-000103,Blue Crest Marine Serv.,Ingrid Sollas,897959.81,2026-04-11,District 09
TXN-000104,Vernon Crestline Services PLC,Pavel Wendel,27046.34,2025-02-24,District 11
TXN-000105,Redstone Lakeside Partners PLC,Rene Garrido,31342.86,2024-02-09,District 07
TXN-000106,Jessup Reliance Solutions Ltd,Sabine Jovanovic,73215.81,2026-07-18,District 03
TXN-000107,Elmhurst Pioneer Holdings Inc,Noor Olszynski,155706.22,2025-07-22,District 01
TXN-000108,Elmhurst Industrial Consulting Inc,Olaf Braun,4141.05,2025-05-10,District 03
TXN-000109,Blackwood Atlas Logistics Inc,Yelena Delacroix,78408.21,2026-05-13,District 04
TXN-000110,Grantham Harbor Infrastructure Co,Rosalind Roth,29351.16,2024-09-26,District 12
TXN-000111,Dunmore Crestline Holdings Inc,Paolina Kaminski,254890.84,2025-04-09,District 08
TXN-000112,Norwood Civic Works Ltd,Lena Hoffmann,6966.40,2026-07-18,District 02
TXN-000113,Ashford Zenith Contractors Ltd,Laura Mikkelsen,6545.37,2026-04-08,District 06
TXN-000114,Jessup Civic Solutions PLC,Paolina Thiel,3416.44,2024-08-15,District 06
TXN-000115,Elmhurst Crestline Consulting Ltd,Katarina Bakker,411614.33,2026-06-03,District 08
TXN-000116,Everly Harbor Trading Ltd,Camille Villanueva,8743.30,2024-03-16,District 05
TXN-000117,Norwood Harbor Infrastructure Ltd,Janek Caruso,475023.02,2025-10-31,District 02
TXN-000118,Radcliffe Industrial Logistics PLC,Valentin Eekhoff,61859.11,2024-10-07,District 05
TXN-000119,Eastvale Midland Consulting Ltd,Stefan Garrido,29528.58,2024-03-29,District 05
TXN-000120,Glenmore Pioneer Logistics Co,Yusuf Pelletier,652131.42,2026-04-08,District 12
TXN-000121,Moorfield Summit Holdings Inc,Sabine Lambert,11922.01,2024-09-17,District 03
TXN-000122,Blue Crest Marine Serv.,Ingrid Sollas,6557.30,2025-05-21,District 09
TXN-000123,Trevor Summit Partners Ltd,Yannick Ferreira,90712.98,2025-08-24,District 07
TXN-000124,Underhill Apex Works LLC,Thibault Clemencic,50719.25,2025-02-08,District 01
TXN-000125,Amberley Civil Engineering Co,Quentin Vogel,18430.88,2024-09-21,District 07
TXN-000126,Redstone Summit Group PLC,Stefan Moreau,7389.31,2024-11-01,District 09
TXN-000127,Darlington Commercial Ventures PLC,Damien Lorenz,360523.57,2025-11-17,District 04
TXN-000128,Stonebridge Pioneer Contractors Ltd,Yannick Nyberg,698571.83,2025-12-09,District 08
TXN-000129,Copperfield Lakeside Trading Inc,Farida Dahlberg,755903.57,2024-12-15,District 03
TXN-000130,Darlington Atlas Consulting LLC,Oskar Demirci,228603.89,2026-04-06,District 06
TXN-000131,Redstone Prime Group LLC,Petra Tolvanen,3386.27,2024-06-13,District 02
TXN-000132,Cavendish Highland Works Inc,Evander Horvath,11270.67,2026-01-15,District 08
TXN-000133,Everly Crestline Trading Co,Florian Blanchard,218837.78,2025-02-23,District 12
TXN-000134,Clarence Reliance Group LLC,Dmitri Richter,620511.49,2025-09-29,District 10
TXN-000135,Dunmore Reliance Logistics LLC,Pablo Roth,16154.96,2024-10-21,District 12
TXN-000136,Dunmore Harbor Group Inc,Stefan Bauer,249990.54,2025-06-02,District 02
TXN-000137,Vernon Civil Consulting PLC,Branislav Falkenstein,3588.01,2025-09-12,District 06
TXN-000138,Northgate Lakeside Enterprises Co,Miranda Engstrom,136652.17,2025-01-12,District 01
TXN-000139,Inglewood Civil Enterprises Ltd,Aaron Dagher,23548.33,2024-04-28,District 02
TXN-000140,Thornbury Coastal Developments Inc,Sabine Mueller,31321.78,2024-09-25,District 12
TXN-000141,Thornbury Highland Contractors Co,Alena Vasquez,9592.18,2025-09-09,District 09
TXN-000142,Zephyr Industrial Ventures PLC,Estelle Klassen,9040.92,2024-02-25,District 07
TXN-000143,Fairmont Crestline Ventures Inc,Jacqueline Nyberg,659941.66,2025-09-06,District 04
TXN-000144,Pinewood Atlas Ventures PLC,Magda Bergstrom,5508.18,2025-03-02,District 10
TXN-000145,Holloway Civic Trading PLC,Valentin Aaltonen,35864.65,2024-09-23,District 01
TXN-000146,Sandalwood Civil Works Inc,Lucia Nyberg,4421.42,2024-03-06,District 07
TXN-000147,Foxglove Lakeside Developments Co,Conrad Haugen,44839.49,2025-02-08,District 09
TXN-000148,Fenwick Reliance Ventures Inc,Delphine Clemencic,96951.64,2024-01-23,District 11
TXN-000149,Trevor Highland Services Inc,Olaf Beaumont,380020.89,2025-02-09,District 12
TXN-000150,Darlington Highland Enterprises Ltd,Elias Magnusson,8490.79,2024-08-14,District 07
TXN-000151,Brookfield Coastal Works Ltd,Yannick Roth,96505.87,2024-04-09,District 09
TXN-000152,Underhill Titan Enterprises PLC,Oskar Karlsen,24972.99,2025-01-20,District 04
TXN-000153,Langford Lakeside Consulting PLC,Evander Fontaine,9032.99,2025-11-03,District 01
TXN-000154,Pinewood Civic Works PLC,Rosalind Mertens,124435.04,2024-05-08,District 03
TXN-000155,Dunmore Pioneer Trading PLC,Nadia Skovgaard,7293.26,2026-03-10,District 04
TXN-000156,Trevor Highland Works LLC,Rurik Steffensen,6799.23,2026-04-08,District 07
TXN-000157,Darlington Atlas Services Inc,Elias Demirci,862151.06,2025-11-18,District 04
TXN-000158,Underhill Prime Developments Co,Yelena Tarnowski,38549.81,2025-07-20,District 11
TXN-000159,Amberley Titan Group Ltd,Delphine Lorenz,693763.81,2024-04-21,District 10
TXN-000160,Underhill Lakeside Enterprises LLC,Stefan Petrov,92758.83,2026-06-01,District 06
TXN-000161,Redstone Pioneer Contractors Ltd,Margaux Caruso,185509.78,2024-09-16,District 07
TXN-000162,Foxglove Summit Trading Ltd,Laura Aaltonen,23280.60,2025-11-10,District 12
TXN-000163,Everly Titan Works Inc,Yannick Tolvanen,79838.81,2024-08-28,District 04
TXN-000164,Darlington Civil Engineering PLC,Dmitri Popescu,8219.06,2024-02-27,District 09
TXN-000165,Fairmont Pioneer Infrastructure Ltd,Hugo Jankowski,39795.85,2024-06-13,District 01
TXN-000166,Norwood Crestline Trading Ltd,Helena Moreau,28319.83,2026-07-29,District 01
TXN-000167,Golden Harvest Agro Co.,Tomas Ekstrom,875315.60,2025-12-17,District 11
TXN-000168,Inglewood Industrial Partners Ltd,Amos Haugen,16648.15,2025-08-04,District 06
TXN-000169,Grantham Crestline Works PLC,Rene Pichler,412317.17,2025-11-16,District 01
TXN-000170,Oakridge Coastal Developments PLC,Pavel Stark,40953.66,2025-12-20,District 08
TXN-000171,Underhill Prime Logistics PLC,Tatiana Lindqvist,5683.12,2024-01-23,District 09
TXN-000172,Foxglove Prime Consulting PLC,Stefan Jankowski,5286.92,2024-01-05,District 09
TXN-000173,Oakridge Lakeside Holdings Inc,Greta Popescu,7641.66,2025-02-26,District 06
TXN-000174,Yorkfield Civic Infrastructure LLC,Boris Fontaine,23470.27,2025-12-13,District 11
TXN-000175,Stonebridge Industrial Holdings Inc,Miroslav Karlsen,6339.26,2024-10-25,District 05
TXN-000176,Blackwood Metro Infrastructure Inc,Florian Johannsen,265016.99,2024-11-03,District 09
TXN-000177,Redstone Crestline Works Ltd,Janek Skovgaard,210183.44,2024-03-22,District 08
TXN-000178,Wexford Commercial Enterprises Ltd,Leona Lorenz,5406.12,2025-10-13,District 08
TXN-000179,Belmont Civil Enterprises LLC,Viktor Weber,18590.84,2024-02-23,District 01
TXN-000180,Clarence Crestline Solutions Inc,Conrad Castellan,441936.53,2024-02-27,District 08
TXN-000181,Everly Commercial Trading Ltd,Lena Persson,44215.32,2025-10-10,District 08
TXN-000182,Belmont Metro Trading LLC,Gabriel Hartmann,490731.89,2025-12-09,District 06
TXN-000183,Pinewood Harbor Engineering Inc,Felix Georgiev,3963.51,2026-08-01,District 12
TXN-000184,Wexford Pioneer Partners Inc,Lucia Molinari,176970.09,2024-12-06,District 06
TXN-000185,Holloway Commercial Works Co,Severin Wendel,4210.23,2024-03-23,District 02
TXN-000186,Everly Metro Ventures LLC,Margaux Corvin,7100.20,2025-01-08,District 01
TXN-000187,Kirkwood Lakeside Trading Co,Ulrike Chaudhry,117212.65,2024-02-17,District 03
TXN-000188,Ullswater Apex Consulting Ltd,Tadeusz Slavik,3357.13,2026-02-07,District 11
TXN-000189,Clarence Titan Infrastructure Inc,Viktor Bauer,173289.00,2025-03-29,District 06
TXN-000190,Copperfield Civic Engineering LLC,Lena Graziani,625269.27,2025-02-09,District 06
TXN-000191,Underhill Civic Infrastructure LLC,Enzo Pichler,2764.99,2026-06-22,District 02
TXN-000192,Norwood Highland Holdings PLC,Laurent Roth,96687.98,2025-12-26,District 03
TXN-000193,Cavendish Midland Contractors Co,Enzo Fischer,468896.12,2024-06-08,District 04
TXN-000194,Clarence Coastal Contractors LLC,Lucian Pelletier,78093.37,2024-03-29,District 02
TXN-000195,Radcliffe Zenith Group Ltd,Amos Schneider,20212.20,2026-07-10,District 02
TXN-000196,Brookfield Summit Developments PLC,Olivia Sandberg,17605.20,2024-09-10,District 09
TXN-000197,Pemberton Highland Infrastructure Inc,Leona Kaminski,351617.43,2024-05-24,District 07
TXN-000198,Glenmore Sovereign Group Inc,Valentin Pedersen,439316.19,2026-01-16,District 02
TXN-000199,Pinewood Industrial Services Co,Farida Jovanovic,266762.18,2025-07-29,District 03
TXN-000200,Pinewood Crestline Group Inc,Amos Laine,28922.06,2025-06-10,District 10
TXN-000201,Fenwick Crestline Solutions Co,Beatriz Jovanovic,6920.34,2024-10-15,District 12
TXN-000202,Moorfield Civic Infrastructure LLC,Rosalind Steffensen,552749.74,2026-03-05,District 07
TXN-000203,Marlowe Industrial Solutions Inc,Samir Johannsen,369902.23,2024-09-20,District 02
TXN-000204,Aldergate Midland Enterprises Co,Dorian Olszynski,102278.55,2026-03-09,District 01
TXN-000205,Harlow Civil Trading Inc,Lena Karlsen,615039.47,2026-02-02,District 03
TXN-000206,Oakridge Metro Contractors Ltd,Lucia Weber,184948.60,2026-01-18,District 08
TXN-000207,Kirkwood Crestline Engineering Inc,Boris Wagner,395588.29,2025-01-19,District 05
TXN-000208,Vanguard Steel Works Inc,Marek Duvall,84527.51,2025-06-28,District 02
TXN-000209,Zephyr Metro Works Inc,Yusuf Trandafir,83317.21,2024-10-25,District 10
TXN-000210,Jessup Industrial Contractors Ltd,Fabian Wojcik,254880.03,2024-11-19,District 02
TXN-000211,Oakridge Summit Developments Ltd,Noor Dahlberg,4671.04,2024-07-20,District 12
TXN-000212,Trevor Civic Works Inc,Olivia Thomassen,36790.87,2024-02-22,District 03
TXN-000213,Vernon Crestline Enterprises LLC,Dmitri Halvorsen,5947.17,2026-08-04,District 03
TXN-000214,Meridian Axis Ltd,Basalt Logistics LLC,487320.00,2025-03-10,District 04
TXN-000215,Blackwood Crestline Trading LLC,Lucian Persson,100967.24,2026-03-09,District 04
TXN-000216,Vernon Reliance Works LLC,Lena Thiel,24223.23,2024-12-01,District 11
TXN-000217,Fairmont Titan Holdings Ltd,Jacqueline Steffensen,75010.75,2025-09-21,District 05
TXN-000218,Pemberton Atlas Enterprises Ltd,Nikolai Blanchard,3090.57,2026-02-07,District 01
TXN-000219,Oakridge Summit Partners Inc,Conrad Popescu,719454.70,2025-04-10,District 02
TXN-000220,Fenwick Commercial Trading PLC,Emeline Mikkelsen,4969.63,2026-03-07,District 07
TXN-000221,Northgate Coastal Engineering Inc,Miranda Volkan,4395.81,2025-12-08,District 05
TXN-000222,Grantham Civic Solutions PLC,Margaux Dobrev,7926.18,2025-10-23,District 08
TXN-000223,Everly Sovereign Solutions LLC,Enzo Hartmann,45681.81,2024-02-08,District 01
TXN-000224,Kingsmere Civic Infrastructure LLC,Alena Saavedra,9947.76,2024-07-09,District 02
TXN-000225,Jessup Civic Enterprises PLC,Hector Olszynski,127106.77,2026-08-26,District 03
TXN-000226,Radcliffe Atlas Engineering PLC,Aaron Sebesta,22623.95,2024-05-24,District 05
TXN-000227,Marlowe Highland Developments LLC,Hugo Persson,5406.83,2024-06-18,District 06
TXN-000228,Vernon Commercial Contractors Ltd,Wilhelm Dupont,11660.62,2026-01-05,District 08
TXN-000229,Clarence Metro Infrastructure Ltd,Laura Graziani,97274.81,2025-12-26,District 03
TXN-000230,Oakridge Zenith Logistics Ltd,Silvia Reyes,712211.56,2026-08-26,District 10
TXN-000231,Yorkfield Highland Engineering LLC,Margaux Reyes,22823.39,2026-07-13,District 12
TXN-000232,Larkspur Atlas Solutions PLC,Sanne Reyes,28216.68,2024-05-22,District 11
TXN-000233,Holloway Civic Holdings LLC,Laura Lorenz,21295.46,2024-02-04,District 10
TXN-000234,Holloway Midland Ventures Inc,Lucian Roth,12901.44,2025-09-22,District 08
TXN-000235,Kingsmere Sovereign Ventures Co,Hugo Bakker,8286.70,2025-02-26,District 09
TXN-000236,Aldergate Reliance Enterprises Inc,Antoine Capel,12296.64,2024-08-15,District 01
TXN-000237,Trevor Summit Enterprises Co,Wilhelm Teodorescu,275349.58,2025-11-13,District 01
TXN-000238,Sandalwood Reliance Services Ltd,Adrian Pelletier,36180.07,2024-06-26,District 03
TXN-000239,Fairmont Civic Engineering LLC,Emeline Johannsen,6345.44,2024-12-01,District 04
TXN-000240,Langford Reliance Developments Co,Rosalind Klassen,47160.87,2024-07-28,District 06
TXN-000241,Zephyr Atlas Works PLC,Lucian Lindqvist,2509.07,2024-06-26,District 03
TXN-000242,Yorkfield Prime Holdings PLC,Karina Caruso,672831.51,2024-01-29,District 08
TXN-000243,Everly Industrial Logistics Co,Dmitri Zielinski,3168.64,2024-10-19,District 05
TXN-000244,Fairmont Sovereign Group Inc,Klaus Ignatiev,26077.41,2024-05-12,District 02
TXN-000245,Clarence Atlas Ventures Co,Thibault Magnusson,8544.56,2025-12-09,District 11
TXN-000246,Dunmore Metro Holdings LLC,Wilhelm Falkenstein,230095.24,2025-08-27,District 03
TXN-000247,Wexford Coastal Engineering Ltd,Tatiana Richter,10010.58,2024-06-10,District 11
TXN-000248,Moorfield Civil Partners Ltd,Tadeusz Villanueva,156889.03,2024-01-25,District 04
TXN-000249,Copperfield Harbor Developments Co,Cecelia Bauer,6734.06,2024-08-24,District 06
TXN-000250,Pinewood Midland Trading Inc,Boris Skovgaard,22947.12,2025-09-28,District 09
TXN-000251,Devereux Highland Solutions PLC,Cecelia Hartmann,28492.11,2024-03-26,District 09
TXN-000252,Vanguard Steel Works Inc,Marek Duvall,12759.78,2024-03-30,District 02
TXN-000253,Elmhurst Metro Enterprises Ltd,Wilhelm Haugen,181663.44,2024-09-11,District 01
TXN-000254,Pemberton Metro Enterprises Co,Damien Sandberg,64033.45,2024-09-17,District 04
TXN-000255,Cavendish Titan Enterprises PLC,Klaus Novak,597383.16,2025-11-30,District 08
TXN-000256,Marlowe Civil Engineering Inc,Kaspar Weber,4073.31,2024-07-25,District 02
TXN-000257,Darlington Midland Logistics LLC,Sabine Wojcik,926711.35,2026-03-11,District 07
TXN-000258,Dunmore Zenith Ventures PLC,Jonas Marchetti,8004.46,2026-05-05,District 12
TXN-000259,Grantham Coastal Holdings LLC,Rasmus Weiss,27834.37,2025-06-19,District 01
TXN-000260,Grantham Atlas Logistics Ltd,Hector Blanchard,18945.41,2025-07-23,District 10
TXN-000261,Blackwood Apex Works LLC,Erin Gauthier,10259.82,2026-08-10,District 03
TXN-000262,Norwood Prime Consulting LLC,Dmitri Saavedra,210148.71,2026-06-23,District 11
TXN-000263,Moorfield Coastal Engineering Ltd,Julien Aaltonen,3570.05,2024-07-25,District 05
TXN-000264,Yorkfield Civic Partners PLC,Damien Skovgaard,137499.25,2025-08-28,District 09
TXN-000265,Sandalwood Civil Infrastructure LLC,Valentin Trandafir,662703.31,2025-03-09,District 12
TXN-000266,Copperfield Civic Holdings Ltd,Lena Thomassen,294117.42,2025-04-13,District 10
TXN-000267,Everly Apex Holdings LLC,Boris Steffensen,20728.09,2025-02-19,District 05
TXN-000268,Kingsmere Atlas Enterprises LLC,Noor Steffensen,51700.61,2025-04-24,District 07
TXN-000269,Foxglove Prime Consulting Ltd,Dalia Tarnowski,42401.87,2024-06-19,District 03
TXN-000270,Belmont Sovereign Consulting Ltd,Hanna Mikkelsen,12282.67,2024-05-09,District 04
TXN-000271,Ullswater Titan Services PLC,Pablo Hartmann,35266.13,2026-05-02,District 01
TXN-000272,Inglewood Coastal Infrastructure PLC,Tadeusz Wagner,23448.74,2025-01-12,District 05
TXN-000273,Grantham Civic Ventures PLC,Estelle Ignatiev,730447.06,2025-12-11,District 06
TXN-000274,Redstone Sovereign Enterprises PLC,Antoine Escobar,252769.85,2025-02-28,District 12
TXN-000275,Pinewood Civic Developments Inc,Helena Zajac,30472.91,2025-10-08,District 11
TXN-000276,Cavendish Titan Solutions PLC,Guillaume Marchetti,42244.13,2024-08-27,District 09
TXN-000277,Aldergate Apex Engineering Co,Leona Volkan,482432.44,2024-04-07,District 07
TXN-000278,Devereux Industrial Consulting Ltd,Florian Lukacs,29207.17,2026-03-23,District 09
TXN-000279,Brookfield Midland Partners Inc,Vera Mueller,5487.03,2024-10-02,District 08
TXN-000280,Foxglove Prime Engineering Inc,Nikolai Radovanovic,52391.36,2024-07-17,District 06
TXN-000281,Trevor Crestline Consulting PLC,Matteo Demirci,119380.67,2026-06-08,District 09
TXN-000282,Moorfield Harbor Logistics PLC,Lucia Brogaard,19343.19,2026-08-18,District 04
TXN-000283,Underhill Prime Works Co,Zoran Fontaine,12338.65,2024-03-28,District 11
TXN-000284,Norwood Lakeside Ventures LLC,Olaf Steffensen,73817.71,2026-01-18,District 09
TXN-000285,Dunmore Zenith Services Co,Florian Kaminski,5587.19,2024-05-08,District 08
TXN-000286,Westbrook Midland Engineering Inc,Adrian Sandberg,8849.31,2026-07-30,District 10
TXN-000287,Amberley Atlas Contractors LLC,Evander Demirci,720796.84,2025-05-14,District 03
TXN-000288,Langford Atlas Enterprises Co,Laura Capel,104933.18,2026-08-13,District 03
TXN-000289,Northgate Titan Contractors LLC,Enzo Bergstrom,77934.95,2025-07-05,District 02
TXN-000290,Belmont Industrial Holdings Inc,Estelle Skovgaard,22092.86,2026-04-11,District 08
TXN-000291,Pinewood Apex Developments Inc,Margaux Sebesta,94664.58,2026-04-28,District 08
TXN-000292,Larkspur Reliance Works Co,Anika Pichler,123242.45,2026-05-07,District 06
TXN-000293,Kingsmere Civil Partners PLC,Guillaume Wagner,158271.62,2024-01-21,District 02
TXN-000294,Oakridge Sovereign Trading Ltd,Pavel Slavik,32157.92,2025-05-04,District 02
TXN-000295,Holloway Metro Engineering Ltd,Rene Yilmaz,196482.96,2024-10-13,District 02
TXN-000296,Grantham Prime Works PLC,Petra Georgiev,13229.24,2026-06-21,District 02
TXN-000297,Pemberton Sovereign Partners Ltd,Margaux Iversen,55990.77,2025-10-01,District 05
TXN-000298,Foxglove Crestline Contractors Inc,Rene Brogaard,907700.65,2024-10-16,District 07
TXN-000299,Fenwick Prime Ventures Co,Miranda Marino,46530.09,2025-07-05,District 08
TXN-000300,Moorfield Midland Trading LLC,Rasmus Demirci,727114.07,2024-06-09,District 07
TXN-000301,Cavendish Highland Logistics LLC,Rene Blanchard,757267.73,2024-03-02,District 11
TXN-000302,Harlow Commercial Engineering LLC,Wilhelm Molinari,8132.04,2024-07-10,District 12
TXN-000303,Kirkwood Civic Infrastructure Co,Farida Nyberg,3143.09,2025-11-17,District 11
TXN-000304,Inglewood Midland Trading Co,Erin Weiss,245802.85,2024-01-18,District 05
TXN-000305,Glenmore Metro Trading Inc,Tadeusz Capel,10572.64,2025-07-27,District 01
TXN-000306,Stonebridge Midland Enterprises Co,Branislav Dobrev,14034.77,2024-06-15,District 09
TXN-000307,Westbrook Zenith Logistics Inc,Zoran Schneider,46387.69,2025-04-10,District 09
TXN-000308,Westbrook Civil Contractors Ltd,Rosalind Zanetti,3785.70,2024-11-08,District 10
TXN-000309,Yorkfield Coastal Solutions PLC,Emeline Vanek,81963.09,2024-12-19,District 04
TXN-000310,Brookfield Zenith Holdings Co,Rafaella Meier,316301.59,2024-09-15,District 05
TXN-000311,Underhill Commercial Infrastructure Ltd,Casper Skovgaard,397862.79,2026-01-27,District 04
TXN-000312,Aldergate Civil Contractors Inc,Sabine Halvorsen,3999.04,2025-07-07,District 09
TXN-000313,Aldergate Prime Works LLC,Kaspar Delacroix,58816.52,2024-08-15,District 02
TXN-000314,Redstone Sovereign Services Co,Elias Slavik,653335.87,2025-11-13,District 03
TXN-000315,Larkspur Reliance Works Ltd,Miroslav Caruso,2674.23,2025-02-05,District 05
TXN-000316,Queensbury Crestline Works Co,Janek Garrido,118773.25,2025-12-10,District 09
TXN-000317,Larkspur Harbor Works Ltd,Hanna Teodorescu,14212.10,2025-04-02,District 08
TXN-000318,Radcliffe Apex Solutions Co,Ilse Klassen,420211.00,2024-06-22,District 03
TXN-000319,Orchard Harbor Consulting PLC,Petra Delacroix,704954.65,2025-05-15,District 01
TXN-000320,Brookfield Apex Logistics LLC,Damien Capel,220554.15,2025-02-19,District 08
TXN-000321,Ashford Metro Developments LLC,Thibault Wojcik,48538.90,2025-09-01,District 04
TXN-000322,Marlowe Reliance Logistics LLC,Ilse Keller,62707.23,2026-01-13,District 05
TXN-000323,Elmhurst Zenith Trading Ltd,Sabine Kovacs,97481.69,2026-02-12,District 04
TXN-000324,Orchard Metro Holdings Inc,Pablo Silvestri,114552.34,2024-01-05,District 08
TXN-000325,Fairmont Reliance Holdings Ltd,Valentin Popescu,90533.71,2025-12-24,District 03
TXN-000326,Norwood Civic Works Co,Lena Mertens,57829.98,2024-09-15,District 06
TXN-000327,Ullswater Harbor Solutions LLC,Matteo Ionescu,9045.16,2024-11-14,District 05
TXN-000328,Oakridge Midland Enterprises LLC,Oskar Escobar,41812.05,2026-04-21,District 11
TXN-000329,Marlowe Reliance Infrastructure Inc,Boris Pedersen,222281.18,2026-06-08,District 11
TXN-000330,Foxglove Zenith Group PLC,Branislav Quaresma,46339.93,2024-05-30,District 11
TXN-000331,Grantham Coastal Solutions Inc,Pavel Kirkpatrick,91066.93,2025-12-15,District 03
TXN-000332,Everly Zenith Ventures Inc,Nikolai Novak,225824.14,2025-11-07,District 04
TXN-000333,Holloway Summit Engineering LLC,Laura Weiss,79657.93,2024-01-06,District 02
TXN-000334,Everly Zenith Services LLC,Jonas Scheffer,8900.32,2025-10-06,District 01
TXN-000335,Larkspur Atlas Logistics PLC,Olaf Klassen,127408.40,2026-08-01,District 08
TXN-000336,Aldergate Zenith Group Inc,Boris Delacroix,17650.50,2025-09-15,District 12
TXN-000337,Redstone Sovereign Group Co,Laurent Christensen,37238.94,2025-01-17,District 03
TXN-000338,Harlow Civil Solutions Inc,Xenia Brogaard,3147.99,2025-06-16,District 12
TXN-000339,Larkspur Midland Ventures Co,Felix Vogel,134172.18,2024-03-04,District 01
TXN-000340,Vernon Titan Logistics Ltd,Matteo Ignatiev,7041.69,2024-03-30,District 05
TXN-000341,Aldergate Midland Trading LLC,Fiona Lukacs,5895.99,2024-03-08,District 02
TXN-000342,Pinewood Lakeside Developments PLC,Alena Nyberg,9093.25,2026-06-09,District 03
TXN-000343,Radcliffe Lakeside Engineering Co,Elena Haugen,22622.69,2024-11-25,District 10
TXN-000344,Jessup Crestline Works Co,Tatiana Braun,12690.86,2025-08-19,District 03
TXN-000345,Radcliffe Titan Enterprises Co,Helena Kirkpatrick,67261.63,2024-03-13,District 04
TXN-000346,Inglewood Apex Infrastructure PLC,Silvia Bergstrom,17187.87,2025-07-06,District 10
TXN-000347,Wexford Zenith Trading PLC,Kaspar Ionescu,235555.30,2024-11-20,District 04
TXN-000348,Orchard Atlas Holdings Inc,Dorian Christensen,94910.00,2024-07-22,District 07
TXN-000349,Sandalwood Zenith Developments Ltd,Dorian Andersson,421721.66,2026-03-31,District 12
TXN-000350,Marlowe Industrial Trading Co,Nadia Corvin,447476.45,2024-10-19,District 06
TXN-000351,Queensbury Highland Consulting Co,Xenia Radovanovic,45357.44,2025-07-20,District 02
TXN-000352,Golden Harvest Agricultural Company,Tomas Ekstrom,180522.64,2025-10-28,District 11
TXN-000353,Oakridge Highland Ventures Ltd,Conrad Salvati,47793.57,2026-05-15,District 06
TXN-000354,Marlowe Titan Solutions Ltd,Dalia Richter,369554.12,2024-02-25,District 09
TXN-000355,Radcliffe Civil Ventures Co,Gabriel Dagher,3212.35,2024-12-04,District 12
TXN-000356,Northgate Crestline Contractors Ltd,Rafaella Thiel,3330.49,2025-03-09,District 11
TXN-000357,Queensbury Commercial Enterprises Ltd,Margaux Zajac,70842.49,2024-05-29,District 10
TXN-000358,Pinewood Prime Solutions Inc,Miroslav Dietrich,21509.18,2026-03-13,District 09
TXN-000359,Dunmore Summit Group Ltd,Adrian Rosqvist,4579.35,2026-03-12,District 07
TXN-000360,Fenwick Crestline Partners LLC,Halvard Pichler,691334.31,2024-06-21,District 05
TXN-000361,Stonebridge Coastal Developments LLC,Rafaella Girard,57559.17,2025-10-20,District 04
TXN-000362,Vernon Industrial Consulting Co,Florian Girard,6372.55,2026-02-26,District 04
TXN-000363,Redstone Summit Contractors Co,Adrian Kovacs,14793.38,2026-08-29,District 12
TXN-000364,Brookfield Commercial Works LLC,Julien Richter,52185.29,2025-01-30,District 09
TXN-000365,Harlow Metro Contractors PLC,Laurent Engstrom,377102.49,2026-05-04,District 07
TXN-000366,Radcliffe Atlas Group Co,Viktor Bondarenko,714628.20,2026-08-03,District 01
TXN-000367,Orchard Prime Group Ltd,Severin Keller,189447.84,2026-08-20,District 10
TXN-000368,Eastvale Reliance Enterprises Co,Delphine Gauthier,112943.78,2026-05-27,District 12
TXN-000369,Brookfield Industrial Solutions Ltd,Branislav Thomassen,35894.34,2026-03-04,District 05
TXN-000370,Wexford Industrial Trading Ltd,Yannick Volkan,478133.71,2025-01-01,District 06
TXN-000371,Yorkfield Industrial Services Inc,Casper Andersson,419438.42,2024-07-29,District 09
TXN-000372,Oakridge Pioneer Services PLC,Lucian Schneider,7826.68,2024-02-07,District 02
TXN-000373,Kingsmere Civic Developments LLC,Greta Mikkelsen,501644.94,2025-01-23,District 07
TXN-000374,Fenwick Highland Logistics Ltd,Quentin Weiss,840701.01,2025-01-17,District 01
TXN-000375,Ashford Commercial Ventures Co,Anika Keller,534865.39,2025-08-31,District 02
TXN-000376,Langford Civic Enterprises PLC,Aaron Richter,168417.44,2026-07-12,District 07
TXN-000377,Belmont Metro Infrastructure PLC,Miranda Kovacs,97525.22,2025-12-13,District 03
TXN-000378,Redstone Lakeside Contractors Ltd,Yusuf Weber,699111.23,2024-03-10,District 12
TXN-000379,Westbrook Civic Partners Co,Thibault Ignatiev,693822.69,2024-01-24,District 12
TXN-000380,Westbrook Metro Developments Co,Farida Reyes,5571.61,2026-06-08,District 06
TXN-000381,Clarence Summit Works LLC,Karina Wojcik,4374.83,2024-10-24,District 05
TXN-000382,Elmhurst Crestline Infrastructure Ltd,Samir Thomassen,95899.04,2025-12-24,District 03
TXN-000383,Larkspur Highland Consulting Inc,Jonas Kaufmann,194914.22,2025-12-11,District 04
TXN-000384,Belmont Prime Trading PLC,Wilhelm Skovgaard,309223.27,2025-02-17,District 04
TXN-000385,Cavendish Summit Developments PLC,Adrian Zajac,135353.63,2026-07-05,District 12
TXN-000386,Thornbury Industrial Developments PLC,Margaux Salvati,16492.64,2024-01-25,District 07
TXN-000387,Pinewood Atlas Ventures Ltd,Paolina Rasmussen,13123.63,2024-08-03,District 06
TXN-000388,Dunmore Civil Logistics Co,Delphine Bakker,2594.60,2026-02-14,District 06
TXN-000389,Wexford Prime Solutions Inc,Greta Bergstrom,5946.47,2025-09-07,District 10
TXN-000390,Inglewood Apex Group Co,Rosalind Wallin,204578.24,2025-04-04,District 03
TXN-000391,Glenmore Industrial Partners Ltd,Hugo Vanek,6459.74,2025-03-27,District 06
TXN-000392,Amberley Civil Engineering PLC,Nikolai Pedersen,3041.82,2026-03-03,District 07
TXN-000393,Kingsmere Industrial Trading PLC,Casper Zanetti,156356.94,2024-11-11,District 04
TXN-000394,Blackwood Civil Developments Ltd,Ilse Corvin,4606.19,2024-04-12,District 02
TXN-000395,Copperfield Lakeside Developments PLC,Helena Skovgaard,37979.02,2024-05-15,District 11
TXN-000396,Amberley Titan Partners Ltd,Olivia Dupont,101123.29,2025-03-06,District 06
TXN-000397,Fairmont Titan Consulting PLC,Hanna Klassen,28850.01,2026-02-16,District 05
TXN-000398,Moorfield Lakeside Group Inc,Sanne Dobrev,10488.99,2026-05-09,District 07
TXN-000399,Yorkfield Atlas Developments Co,Camille Zanetti,14205.47,2025-02-28,District 04
TXN-000400,Holloway Highland Ventures LLC,Pablo Keller,819420.97,2025-04-12,District 06
TXN-000401,Oakridge Civic Partners PLC,Leona Kovacs,193676.72,2026-07-19,District 03
TXN-000402,Redstone Harbor Works Ltd,Olivia Laine,46172.99,2024-02-19,District 08
TXN-000403,Vernon Reliance Holdings Co,Miroslav Zanetti,99859.77,2026-01-17,District 05
TXN-000404,Kirkwood Highland Trading PLC,Yelena Silvestri,30755.90,2024-07-01,District 12
TXN-000405,Grantham Civic Services PLC,Sabine Zielinski,258204.12,2024-06-28,District 01
TXN-000406,Underhill Metro Developments Ltd,Hector Oberlin,57032.37,2024-05-20,District 04
TXN-000407,Marlowe Industrial Services LLC,Silvia Mueller,453278.10,2024-09-12,District 02
TXN-000408,Oakridge Metro Group Inc,Nikolai Gauthier,857119.77,2025-02-23,District 01
TXN-000409,Copperfield Civic Contractors LLC,Antoine Scheffer,33937.34,2025-11-06,District 09
TXN-000410,Blackwood Lakeside Contractors LLC,Dmitri Wagner,500474.63,2025-01-19,District 11
TXN-000411,Queensbury Summit Logistics LLC,Stefan Radovanovic,34332.81,2025-04-01,District 01
TXN-000412,Westbrook Harbor Enterprises Ltd,Yusuf Popescu,5689.42,2025-07-02,District 07
TXN-000413,Northgate Commercial Trading PLC,Olaf Slavik,162336.72,2026-04-08,District 04
TXN-000414,Thornbury Metro Group Ltd,Katarina Andersson,13982.53,2026-05-26,District 09
TXN-000415,Fairmont Apex Infrastructure Co,Camille Castellan,137921.64,2026-02-28,District 05
TXN-000416,Inglewood Reliance Enterprises Ltd,Julien Nyberg,553705.40,2026-09-02,District 11
TXN-000417,Redstone Summit Developments Co,Janek Rasmussen,278964.08,2024-08-18,District 10
TXN-000418,Zephyr Highland Enterprises LLC,Julien Rasmussen,40977.34,2024-12-31,District 02
TXN-000419,Kirkwood Summit Partners Inc,Camille Fischer,8925.21,2025-02-06,District 02
TXN-000420,Cavendish Prime Holdings PLC,Felix Mikkelsen,7851.54,2025-08-20,District 01
TXN-000421,Kingsmere Zenith Consulting Ltd,Ivo Oberlin,358401.70,2025-03-15,District 01
TXN-000422,Norwood Zenith Trading PLC,Aaron Trandafir,675427.52,2025-08-17,District 07
TXN-000423,Grantham Zenith Group LLC,Zoran Hartmann,137432.80,2026-07-19,District 12
TXN-000424,Orchard Pioneer Consulting Co,Yusuf Halvorsen,15487.94,2024-10-12,District 07
TXN-000425,Trevor Reliance Trading PLC,Katarina Szabo,43154.85,2026-06-26,District 11
TXN-000426,Everly Reliance Services Co,Yelena Quaresma,176269.65,2024-08-28,District 07
TXN-000427,Copperfield Pioneer Holdings Co,Damien Kaminski,3068.30,2026-09-09,District 09
TXN-000428,Harlow Pioneer Solutions PLC,Fabian Petrov,11357.60,2025-01-16,District 12
TXN-000429,Aldergate Civic Holdings Co,Pablo Trandafir,638697.60,2026-04-17,District 05
TXN-000430,Norwood Reliance Enterprises Ltd,Guillaume Mueller,7681.33,2026-02-25,District 03
TXN-000431,Orchard Coastal Consulting Ltd,Helena Dahlberg,305321.35,2025-08-22,District 07
TXN-000432,Oakridge Midland Holdings Inc,Antoine Bakker,199976.43,2025-01-11,District 03
TXN-000433,Orchard Pioneer Group Co,Miroslav Skovgaard,2626.27,2025-03-02,District 01
TXN-000434,Dunmore Civic Partners Co,Nikolai Lukacs,2707.52,2025-03-24,District 05
TXN-000435,Orchard Apex Ventures PLC,Laurent Chaudhry,34862.24,2026-06-04,District 10
TXN-000436,Pemberton Summit Trading Ltd,Laura Schneider,55310.00,2024-10-25,District 04
TXN-000437,Grantham Highland Services Co,Yusuf Moreau,335681.83,2025-09-23,District 04
TXN-000438,Marlowe Crestline Trading Co,Fabian Weber,11905.81,2026-03-11,District 09
TXN-000439,Eastvale Civic Trading Co,Evander Marchetti,48506.73,2024-07-10,District 11
TXN-000440,Ashford Titan Group Co,Enzo Szabo,6060.89,2026-04-02,District 01
TXN-000441,Pemberton Apex Services LLC,Elias Zajac,27000.96,2025-03-27,District 01
TXN-000442,Thornbury Reliance Contractors LLC,Rafaella Ursu,58243.32,2024-12-22,District 03
TXN-000443,Dunmore Midland Solutions PLC,Katarina Skovgaard,3109.32,2024-04-06,District 04
TXN-000444,Underhill Industrial Contractors LLC,Dmitri Salvati,172301.56,2025-11-30,District 02
TXN-000445,Eastvale Reliance Contractors PLC,Enzo Demirci,703518.25,2025-12-29,District 11
TXN-000446,Redstone Civil Holdings LLC,Lucia Gauthier,95382.83,2024-12-13,District 11
TXN-000447,Aldergate Crestline Engineering PLC,Antoine Horvath,317205.80,2026-08-17,District 08
TXN-000448,Clarence Atlas Consulting Ltd,Rosalind Dietrich,8950.33,2026-04-21,District 05
TXN-000449,Aldergate Prime Partners LLC,Ulrike Slavik,5550.26,2024-12-04,District 12
TXN-000450,Glenmore Harbor Engineering PLC,Silvia Eekhoff,190550.32,2024-05-28,District 05
TXN-000451,Harlow Midland Holdings PLC,Yelena Nordin,9932.33,2025-07-08,District 08
TXN-000452,Wexford Highland Holdings Inc,Leona Silvestri,288494.40,2026-06-11,District 03
TXN-000453,Dunmore Highland Enterprises Co,Aaron Rosqvist,4890.16,2024-09-20,District 08
TXN-000454,Underhill Zenith Infrastructure Co,Viktor Ferreira,373281.14,2024-08-10,District 07
TXN-000455,Trevor Zenith Trading LLC,Aaron Beaumont,4413.05,2025-05-03,District 01
TXN-000456,Langford Prime Infrastructure LLC,Regina Caruso,282649.06,2025-01-10,District 12
TXN-000457,Underhill Harbor Holdings Inc,Viktor Vasquez,4281.05,2024-09-18,District 12
TXN-000458,Langford Lakeside Contractors Inc,Elena Dietrich,111400.37,2025-02-24,District 07
TXN-000459,Kingsmere Industrial Group Inc,Margaux Delacroix,5232.83,2025-04-08,District 01
TXN-000460,Marlowe Zenith Contractors Ltd,Janek Sauer,113584.62,2026-03-06,District 11
TXN-000461,Zephyr Midland Engineering LLC,Jonas Schneider,12168.81,2024-06-19,District 10
TXN-000462,Belmont Industrial Ventures LLC,Conrad Nordin,7371.41,2025-08-25,District 06
TXN-000463,Queensbury Sovereign Engineering PLC,Klaus Reyes,3555.10,2026-06-11,District 04
TXN-000464,Thornbury Crestline Developments Co,Katarina Kovacs,14977.83,2024-02-11,District 01
TXN-000465,Fenwick Apex Logistics PLC,Fiona Pichler,393024.23,2025-02-07,District 02
TXN-000466,Orchard Zenith Enterprises Inc,Janek Castellan,3725.72,2025-12-18,District 06
TXN-000467,Yorkfield Sovereign Trading Inc,Viktor Brogaard,2963.42,2025-07-03,District 12
TXN-000468,Ashford Industrial Solutions Inc,Samir Castellan,111126.14,2025-08-11,District 06
TXN-000469,Queensbury Highland Works Inc,Xenia Wendel,115926.75,2025-12-11,District 10
TXN-000470,Stonebridge Zenith Engineering PLC,Lucian Zanetti,31653.31,2024-06-18,District 03
TXN-000471,Kirkwood Highland Solutions LLC,Enzo Marino,307145.46,2025-02-21,District 10
TXN-000472,Ashford Harbor Works Ltd,Florian Aaltonen,19729.92,2026-01-20,District 07
TXN-000473,Darlington Metro Trading Co,Boris Szabo,2837.63,2025-11-30,District 10
TXN-000474,Queensbury Harbor Logistics Inc,Elena Escobar,286465.97,2026-03-13,District 09
TXN-000475,Ashford Atlas Ventures PLC,Greta Wagner,13521.81,2024-02-23,District 08
TXN-000476,Trevor Atlas Holdings Inc,Pablo Bondarenko,194861.74,2024-10-09,District 11
TXN-000477,Zephyr Civil Logistics LLC,Gabriel Roth,19132.40,2024-10-06,District 11
TXN-000478,Wexford Midland Services Inc,Katarina Nyberg,813024.41,2026-05-15,District 11
TXN-000479,Inglewood Titan Solutions PLC,Wilhelm Kaufmann,4059.34,2026-06-06,District 10
TXN-000480,Radcliffe Titan Partners Co,Conrad Rasmussen,31127.50,2026-08-08,District 11
TXN-000481,Thornbury Harbor Infrastructure Inc,Nikolai Wagner,91395.86,2025-12-16,District 03
TXN-000482,Holloway Crestline Holdings Co,Valentin Sauer,858342.44,2025-08-06,District 12
TXN-000483,Jessup Midland Works Co,Felix Hoffmann,13313.10,2026-03-31,District 02
TXN-000484,Inglewood Coastal Enterprises LLC,Elena Tarnowski,26651.21,2025-04-05,District 04
TXN-000485,Brookfield Atlas Logistics Co,Casper Scheffer,4619.17,2025-04-02,District 10
TXN-000486,Grantham Titan Contractors PLC,Thibault Mueller,87578.60,2024-03-09,District 02
TXN-000487,Ullswater Sovereign Developments LLC,Zoran Kirkpatrick,469399.79,2024-05-26,District 10
TXN-000488,Elmhurst Highland Trading Co,Laura Andersson,11588.82,2026-05-17,District 08
TXN-000489,Radcliffe Zenith Group PLC,Yannick Arnaud,701961.09,2025-12-24,District 08
TXN-000490,Trevor Lakeside Consulting LLC,Miranda Thomassen,282562.10,2025-02-05,District 10
TXN-000491,Ullswater Titan Trading Ltd,Pablo Sandberg,495585.20,2026-07-30,District 12
TXN-000492,Wexford Reliance Group Ltd,Rafaella Persson,195263.39,2025-08-30,District 03
TXN-000493,Zephyr Industrial Partners Inc,Thibault Rosqvist,846210.66,2026-03-11,District 04
TXN-000494,Ashford Prime Engineering Inc,Sabine Iversen,900141.86,2024-02-25,District 06
TXN-000495,Langford Metro Logistics Ltd,Lucian Slavik,317725.25,2026-09-03,District 08
TXN-000496,Cavendish Midland Services Co,Halvard Yilmaz,290609.10,2026-07-30,District 04
TXN-000497,Larkspur Apex Works Co,Hector Kirkpatrick,365179.41,2025-05-10,District 11
TXN-000498,Westbrook Sovereign Logistics PLC,Elias Gauthier,44102.45,2024-08-27,District 01
TXN-000499,Kingsmere Coastal Infrastructure Inc,Farida Arnaud,103717.38,2026-03-16,District 09
TXN-000500,Wexford Crestline Partners Inc,Miroslav Corvin,513495.48,2025-01-04,District 08
TXN-000501,Everly Civil Holdings Co,Margaux Teodorescu,3191.19,2026-06-08,District 01
TXN-000502,Vernon Crestline Group LLC,Evander Haugen,14003.34,2025-05-04,District 07
TXN-000503,Fairmont Prime Services Inc,Zoran Dupont,32137.58,2024-07-15,District 07
TXN-000504,Harlow Titan Infrastructure LLC,Ilse Arnaud,136229.48,2026-04-09,District 09
TXN-000505,Eastvale Highland Infrastructure Inc,Helena Rasmussen,46676.05,2026-02-07,District 02
TXN-000506,Thornbury Atlas Services Co,Antoine Vogel,600401.06,2026-03-10,District 06
TXN-000507,Oakridge Reliance Group Inc,Antoine Moreau,12908.53,2024-12-14,District 01
TXN-000508,Underhill Pioneer Partners LLC,Julien Fischer,22771.34,2025-10-09,District 10
TXN-000509,Wexford Metro Contractors Ltd,Farida Pelletier,248332.43,2024-08-27,District 04
TXN-000510,Bluecrest Marine Services LLC,Ingrid Sollas,304767.04,2024-07-23,District 09
TXN-000511,Wexford Metro Works PLC,Antoine Bondarenko,47046.08,2024-06-20,District 04
TXN-000512,Amberley Pioneer Trading Ltd,Xenia Halvorsen,6460.29,2025-08-08,District 03
TXN-000513,Amberley Apex Ventures Co,Wilhelm Kaminski,66884.49,2024-04-30,District 03
TXN-000514,Holloway Pioneer Engineering Co,Farida Ferreira,6097.39,2024-07-28,District 06
TXN-000515,Oakridge Prime Ventures PLC,Julien Thomassen,3221.54,2026-01-04,District 02
TXN-000516,Belmont Midland Developments LLC,Laura Popescu,3446.90,2025-12-25,District 11
TXN-000517,Oakridge Coastal Engineering LLC,Leona Castellan,36145.89,2024-07-14,District 03
TXN-000518,Pinewood Prime Logistics Inc,Laurent Weber,11504.85,2026-08-02,District 02
TXN-000519,Moorfield Midland Group Inc,Viktor Dupont,24431.94,2024-08-11,District 06
TXN-000520,Westbrook Sovereign Services Ltd,Jonas Andersson,25071.55,2026-08-04,District 04
TXN-000521,Brookfield Metro Developments PLC,Thibault Lambert,352495.86,2025-07-06,District 02
TXN-000522,Aldergate Coastal Engineering Co,Anika Castellan,26791.46,2025-01-17,District 09
TXN-000523,Thornbury Atlas Ventures Inc,Laurent Halvorsen,95550.12,2025-10-28,District 01
TXN-000524,Orchard Industrial Engineering PLC,Zara Mertens,5494.12,2025-01-18,District 04
TXN-000525,Belmont Metro Contractors Ltd,Ivo Demirci,450864.51,2024-10-15,District 09
TXN-000526,Holloway Metro Infrastructure Inc,Jelena Fischer,676978.60,2026-04-14,District 12
TXN-000527,Elmhurst Harbor Ventures Inc,Ilse Karlsen,4513.06,2024-12-09,District 06
TXN-000528,Vernon Titan Group PLC,Felix Lambert,10130.25,2025-11-12,District 08
TXN-000529,Eastvale Summit Works PLC,Elena Oberlin,457822.26,2024-07-27,District 11
TXN-000530,Larkspur Crestline Works Co,Yusuf Thomassen,18720.53,2026-01-17,District 10
TXN-000531,Trevor Metro Logistics LLC,Delphine Karlsen,21291.87,2026-03-21,District 07
TXN-000532,Holloway Lakeside Services Co,Magda Jovanovic,12431.04,2026-07-24,District 08
TXN-000533,Pinewood Coastal Engineering Ltd,Ulrike Fontaine,80886.78,2024-06-21,District 02
TXN-000534,Langford Atlas Partners Inc,Miroslav Clemencic,34912.48,2025-02-17,District 07
TXN-000535,Northgate Sovereign Ventures Inc,Severin Quaresma,302385.24,2024-01-31,District 03
TXN-000536,Amberley Reliance Works Inc,Laurent Horvath,33499.48,2026-01-03,District 05
TXN-000537,Ashford Commercial Partners LLC,Magda Sauer,456897.27,2024-02-17,District 02
TXN-000538,Westbrook Titan Holdings Ltd,Stefan Lukacs,308994.96,2024-10-17,District 08
TXN-000539,Eastvale Atlas Group Ltd,Lars Bondarenko,21490.05,2025-03-31,District 04
TXN-000540,Fairmont Crestline Infrastructure LLC,Kaspar Volkan,11691.01,2026-01-09,District 12
TXN-000541,Dunmore Pioneer Contractors Inc,Olivia Hoffmann,13785.94,2024-12-12,District 10
TXN-000542,Aldergate Apex Holdings PLC,Pavel Tarnowski,307388.89,2024-12-10,District 08
TXN-000543,Stonebridge Commercial Infrastructure Ltd,Halvard Bondarenko,154060.70,2024-11-26,District 09
TXN-000544,Belmont Civil Consulting Ltd,Miroslav Steffensen,25971.51,2025-01-29,District 08
TXN-000545,Norwood Metro Solutions PLC,Silvia Stark,667350.96,2024-07-09,District 11
TXN-000546,Fairmont Midland Holdings Ltd,Valentin Zielinski,23246.91,2024-09-09,District 02
TXN-000547,Fairmont Titan Trading Inc,Noor Sauer,2657.41,2025-06-01,District 05
TXN-000548,Holloway Harbor Infrastructure Co,Olaf Gauthier,227525.11,2024-06-27,District 06
TXN-000549,Sandalwood Highland Partners Inc,Anika Aaltonen,42334.87,2024-10-05,District 01
TXN-000550,Westbrook Midland Solutions PLC,Conrad Thomassen,98351.12,2026-05-26,District 06
TXN-000551,Inglewood Civic Partners PLC,Margaux Ursu,5404.90,2025-10-27,District 12
TXN-000552,Ullswater Metro Developments LLC,Silvia Richter,412788.29,2026-04-23,District 06
TXN-000553,Zephyr Lakeside Contractors Co,Hector Bergstrom,4090.53,2024-04-10,District 05
TXN-000554,Everly Coastal Group LLC,Rurik Horvath,2691.52,2024-01-04,District 08
TXN-000555,Fenwick Lakeside Engineering LLC,Alena Zielinski,260449.02,2025-10-17,District 03
TXN-000556,Yorkfield Reliance Consulting PLC,Olaf Dobrev,4692.64,2024-08-01,District 03
TXN-000557,Belmont Crestline Contractors Ltd,Amos Szabo,10591.74,2024-07-17,District 02
TXN-000558,Brookfield Summit Contractors LLC,Rene Haugen,855420.86,2024-04-16,District 11
TXN-000559,Dunmore Summit Trading PLC,Nadia Blanchard,850246.69,2024-02-09,District 12
TXN-000560,Devereux Coastal Enterprises LLC,Helena Hartmann,20087.62,2026-01-26,District 01
TXN-000561,Langford Harbor Logistics PLC,Miranda Pelletier,661460.05,2026-04-13,District 03
TXN-000562,Pinewood Prime Services Ltd,Lucian Kovacs,307342.75,2026-04-03,District 08
TXN-000563,Larkspur Apex Works LLC,Stefan Trandafir,5692.94,2025-06-20,District 11
TXN-000564,Langford Atlas Enterprises LLC,Rasmus Magnusson,23655.93,2025-08-27,District 10
TXN-000565,Marlowe Apex Partners Co,Miroslav Demirci,8627.97,2024-07-17,District 03
TXN-000566,Devereux Civil Services LLC,Dorian Schneider,300390.17,2026-06-14,District 08
TXN-000567,Dunmore Crestline Developments LLC,Farida Capel,277691.58,2024-07-15,District 01
TXN-000568,Stonebridge Harbor Solutions LLC,Laurent Saavedra,8280.43,2025-09-22,District 06
TXN-000569,Darlington Lakeside Engineering PLC,Rasmus Nyberg,15310.00,2025-03-09,District 12
TXN-000570,Northgate Titan Contractors PLC,Regina Sebesta,63784.23,2024-10-18,District 01
TXN-000571,Norwood Highland Contractors Co,Thibault Slavik,581594.13,2024-04-27,District 01
TXN-000572,Darlington Lakeside Holdings Ltd,Tatiana Radovanovic,189660.15,2025-01-06,District 04
TXN-000573,Fenwick Lakeside Ventures LLC,Pablo Engstrom,61835.35,2025-04-14,District 03
TXN-000574,Fenwick Coastal Holdings Co,Leona Ursu,3245.90,2024-05-30,District 10
TXN-000575,Stonebridge Highland Enterprises Co,Anika Szabo,27035.43,2026-08-08,District 05
TXN-000576,Inglewood Pioneer Trading Inc,Lucia Marino,13854.59,2024-12-28,District 10
TXN-000577,Fairmont Zenith Ventures Co,Gabriel Clemencic,38609.20,2024-09-03,District 06
TXN-000578,Redstone Zenith Consulting PLC,Fabian Braun,103665.95,2024-04-13,District 07
TXN-000579,Stonebridge Sovereign Partners PLC,Casper Johannsen,112301.49,2024-10-08,District 05
TXN-000580,Fenwick Titan Developments Ltd,Pablo Steffensen,3425.62,2025-05-19,District 07
TXN-000581,Wexford Highland Developments LLC,Tadeusz Thomassen,523949.47,2026-04-13,District 12
TXN-000582,Langford Prime Ventures Inc,Petra Kaminski,105466.61,2025-01-15,District 01
TXN-000583,Everly Highland Contractors Co,Vera Scheffer,5865.31,2024-05-24,District 05
TXN-000584,Radcliffe Zenith Infrastructure Ltd,Jelena Wagner,149207.19,2025-08-31,District 06
TXN-000585,Moorfield Atlas Logistics LLC,Ilse Olszynski,233736.62,2024-08-03,District 12
TXN-000586,Everly Commercial Trading PLC,Camille Aaltonen,101498.87,2024-10-13,District 01
TXN-000587,Fenwick Commercial Partners Co,Sabine Novak,4826.84,2026-07-14,District 03
TXN-000588,Oakridge Midland Services Ltd,Halvard Eekhoff,223389.67,2026-04-17,District 12
TXN-000589,Tongi Bldrs Limited,Rafiqul Hasan,25888.26,2025-10-09,District 05
TXN-000590,Sandalwood Industrial Group LLC,Paolina Trandafir,6751.94,2025-08-24,District 02
TXN-000591,Cavendish Sovereign Logistics PLC,Cecelia Jankowski,38937.70,2026-08-20,District 10
TXN-000592,Underhill Sovereign Developments Inc,Damien Persson,101752.04,2025-03-29,District 08
TXN-000593,Oakridge Crestline Infrastructure LLC,Julien Moreau,38031.91,2024-07-03,District 03
TXN-000594,Belmont Metro Group Ltd,Klaus Nordin,6896.19,2025-05-31,District 08
TXN-000595,Devereux Summit Engineering PLC,Klaus Zanetti,15509.39,2025-04-02,District 03
TXN-000596,Zephyr Titan Holdings Ltd,Emeline Georgiev,65820.46,2026-06-12,District 07
TXN-000597,Belmont Crestline Works LLC,Adrian Olszynski,188913.22,2025-06-13,District 01
TXN-000598,Glenmore Civic Group LLC,Thibault Ionescu,99328.02,2024-12-14,District 10
TXN-000599,Grantham Zenith Holdings LLC,Aaron Iversen,58631.43,2025-05-21,District 05
TXN-000600,Redstone Highland Contractors Co,Lars Lorenz,6313.85,2025-03-06,District 08
TXN-000601,Harlow Zenith Holdings LLC,Julien Dietrich,494184.15,2026-08-29,District 11
TXN-000602,Eastvale Industrial Engineering Co,Vera Lorenz,265963.32,2025-05-04,District 09
TXN-000603,Holloway Highland Developments Co,Jacqueline Pichler,2807.99,2024-05-23,District 09
TXN-000604,Radcliffe Sovereign Consulting PLC,Magda Rosqvist,55470.10,2024-08-13,District 03
TXN-000605,Brookfield Crestline Engineering LLC,Lena Wendel,283711.69,2025-01-09,District 10
TXN-000606,Eastvale Pioneer Logistics LLC,Vera Salvati,937856.90,2025-10-22,District 01
TXN-000607,Ashford Highland Ventures LLC,Laurent Girard,47865.28,2026-07-08,District 09
TXN-000608,Darlington Crestline Group Ltd,Leona Haugen,36915.53,2026-01-09,District 01
TXN-000609,Kirkwood Reliance Consulting Co,Erin Rasmussen,198448.70,2025-12-05,District 09
TXN-000610,Oakridge Lakeside Partners LLC,Lucia Halvorsen,42285.48,2025-08-15,District 09
TXN-000611,Westbrook Apex Engineering LLC,Hector Vanek,53484.86,2026-06-04,District 11
TXN-000612,Moorfield Lakeside Group LLC,Hector Chaudhry,2659.71,2026-01-12,District 08
TXN-000613,Holloway Lakeside Consulting Inc,Enzo Lambert,3572.31,2025-05-07,District 10
TXN-000614,Brookfield Industrial Trading Ltd,Lena Hartmann,107466.70,2026-04-04,District 10
TXN-000615,Holloway Reliance Trading Co,Evander Mertens,66932.10,2026-08-22,District 04
TXN-000616,Golden Harvest Agro Co.,Tomas Ekstrom,311715.35,2026-05-19,District 11
TXN-000617,Harlow Commercial Services Ltd,Quentin Georgiev,7808.12,2024-03-10,District 08
TXN-000618,Foxglove Midland Solutions PLC,Estelle Sauer,490685.65,2026-07-20,District 02
TXN-000619,Kingsmere Zenith Infrastructure Inc,Jelena Halvorsen,10098.21,2026-06-19,District 01
TXN-000620,Cavendish Lakeside Enterprises Co,Rurik Marino,2709.92,2025-11-27,District 11
TXN-000621,Everly Civil Partners LLC,Miroslav Marchetti,38252.58,2025-08-21,District 05
TXN-000622,Elmhurst Coastal Trading Ltd,Silvia Corvin,291396.55,2025-11-07,District 11
TXN-000623,Elmhurst Titan Solutions PLC,Quentin Lorenz,7549.88,2025-03-02,District 06
TXN-000624,Ashford Summit Solutions Co,Antoine Demirci,6045.68,2024-08-31,District 12
TXN-000625,Kirkwood Highland Developments LLC,Conrad Thiel,31092.04,2024-08-06,District 02
TXN-000626,Amberley Metro Holdings Ltd,Karina Mertens,82577.47,2024-05-17,District 09
TXN-000627,Inglewood Crestline Solutions PLC,Yelena Bondarenko,810658.02,2024-03-15,District 02
TXN-000628,Ashford Prime Engineering Co,Hanna Lindqvist,22085.71,2024-05-29,District 03
TXN-000629,Yorkfield Summit Works Co,Lena Christensen,158272.83,2024-05-16,District 06
TXN-000630,Brookfield Harbor Partners Inc,Rasmus Popescu,789698.99,2025-06-19,District 03
TXN-000631,Foxglove Summit Group Ltd,Jacqueline Sebesta,7905.94,2025-07-15,District 02
TXN-000632,Yorkfield Titan Infrastructure Inc,Cecelia Mikkelsen,10644.52,2024-06-18,District 05
TXN-000633,Harlow Coastal Contractors Co,Zoran Dietrich,80967.98,2026-01-11,District 05
TXN-000634,Cavendish Coastal Enterprises LLC,Amos Corvin,117340.02,2024-11-05,District 10
TXN-000635,Stonebridge Civic Partners Inc,Elena Olszynski,7417.53,2024-10-28,District 06
TXN-000636,Oakridge Harbor Services Ltd,Fiona Fontaine,929953.70,2024-04-21,District 07
TXN-000637,Wexford Crestline Consulting Ltd,Petra Demirci,62358.91,2026-06-19,District 04
TXN-000638,Pemberton Apex Engineering LLC,Matteo Sebesta,105454.58,2026-01-15,District 04
TXN-000639,Elmhurst Titan Infrastructure PLC,Margaux Yilmaz,8671.71,2025-08-16,District 06
TXN-000640,Fenwick Coastal Trading Inc,Gabriel Girard,40578.40,2026-05-21,District 12
TXN-000641,Dunmore Summit Holdings Inc,Leona Sandberg,41260.15,2026-06-08,District 10
TXN-000642,Ullswater Midland Solutions Co,Hector Graziani,43486.45,2025-09-02,District 03
TXN-000643,Radcliffe Commercial Works Co,Zara Weiss,487148.86,2024-08-03,District 09
TXN-000644,Radcliffe Industrial Engineering Inc,Greta Iversen,23094.87,2026-05-20,District 10
TXN-000645,Vernon Reliance Consulting Inc,Lucian Sandberg,325305.96,2025-03-15,District 02
TXN-000646,Northgate Midland Holdings PLC,Lena Mikkelsen,3147.97,2025-04-26,District 02
TXN-000647,Northgate Sovereign Infrastructure Co,Branislav Blanchard,169426.56,2026-01-23,District 09
TXN-000648,Holloway Highland Contractors Ltd,Xenia Weiss,60261.92,2024-02-04,District 07
TXN-000649,Brookfield Summit Infrastructure Co,Damien Petrov,320299.41,2026-08-08,District 05
TXN-000650,Aldergate Titan Solutions Inc,Evander Tolvanen,481795.34,2024-08-14,District 12
TXN-000651,Jessup Lakeside Holdings LLC,Fabian Marino,13697.02,2024-09-30,District 03
TXN-000652,Underhill Crestline Trading LLC,Rasmus Radovanovic,36381.83,2025-07-16,District 01
TXN-000653,Ashford Zenith Developments Inc,Pavel Castellan,112350.11,2024-03-01,District 04
TXN-000654,Thornbury Apex Partners Co,Evander Braun,6913.01,2026-05-27,District 11
TXN-000655,Orchard Apex Logistics Inc,Nadia Schneider,195439.75,2025-03-08,District 02
TXN-000656,Fenwick Prime Partners LLC,Jelena Johannsen,649845.75,2024-04-22,District 12
TXN-000657,Kirkwood Crestline Developments Ltd,Ilse Steffensen,39374.54,2024-02-29,District 06
TXN-000658,Queensbury Atlas Trading Ltd,Dmitri Delacroix,26386.00,2026-01-09,District 11
TXN-000659,Norwood Midland Works PLC,Amos Bakker,25118.13,2025-07-25,District 11
TXN-000660,Foxglove Coastal Services Ltd,Olaf Garrido,327698.33,2026-04-20,District 06
TXN-000661,Norwood Summit Works Inc,Severin Popescu,398993.69,2024-01-18,District 11
TXN-000662,Yorkfield Atlas Contractors LLC,Olivia Weber,84712.97,2024-05-04,District 06
TXN-000663,Copperfield Sovereign Solutions PLC,Sabine Ignatiev,5357.39,2025-05-09,District 04
TXN-000664,Ullswater Zenith Consulting PLC,Elena Laine,4627.85,2025-09-25,District 12
TXN-000665,Kingsmere Atlas Partners LLC,Florian Vasquez,182491.92,2024-02-16,District 03
TXN-000666,Larkspur Pioneer Infrastructure Ltd,Felix Tolvanen,6305.42,2025-09-18,District 06
TXN-000667,Jessup Industrial Ventures Co,Julien Reyes,13604.60,2025-02-18,District 03
TXN-000668,Fairmont Industrial Group LLC,Severin Slavik,43736.55,2025-04-10,District 07
TXN-000669,Devereux Harbor Partners PLC,Samir Oberlin,53459.90,2024-12-05,District 02
TXN-000670,Cavendish Commercial Group Co,Estelle Blanchard,58626.21,2024-09-18,District 10
TXN-000671,Amberley Coastal Enterprises Inc,Noor Girard,13690.25,2024-11-08,District 12
TXN-000672,Glenmore Metro Consulting LLC,Lucia Bondarenko,4527.21,2024-07-07,District 02
TXN-000673,Belmont Titan Works Inc,Silvia Wendel,572618.96,2024-03-08,District 08
TXN-000674,Trevor Titan Consulting Inc,Alena Graziani,3073.25,2024-05-17,District 02
TXN-000675,Belmont Sovereign Enterprises Inc,Nadia Haugen,477084.23,2026-06-30,District 10
TXN-000676,Copperfield Civic Consulting Ltd,Anika Caruso,6989.12,2026-09-04,District 06
TXN-000677,Devereux Reliance Trading Co,Delphine Marino,14201.93,2026-05-07,District 09
TXN-000678,Queensbury Highland Enterprises PLC,Casper Georgiev,684976.27,2024-03-19,District 07
TXN-000679,Northgate Prime Services LLC,Nikolai Christensen,94238.68,2025-08-27,District 07
TXN-000680,Zephyr Metro Partners Inc,Laurent Radovanovic,101541.55,2024-08-11,District 04
TXN-000681,Copperfield Highland Logistics Co,Dmitri Pelletier,201736.20,2025-12-29,District 09
TXN-000682,Darlington Lakeside Infrastructure Ltd,Farida Volkan,2783.53,2025-07-08,District 05
TXN-000683,Zephyr Crestline Works LLC,Xenia Vanek,17761.02,2024-06-24,District 01
TXN-000684,Thornbury Crestline Logistics Co,Alena Halvorsen,11612.87,2024-09-13,District 05
TXN-000685,Amberley Prime Consulting Co,Yusuf Scheffer,3111.32,2025-01-24,District 02
TXN-000686,Amberley Metro Group Inc,Elena Mikkelsen,697271.17,2024-01-31,District 08
TXN-000687,Clarence Sovereign Consulting PLC,Evander Blanchard,7688.86,2026-04-27,District 10
TXN-000688,Oakridge Coastal Ventures Inc,Samir Marino,22701.49,2024-11-11,District 07
TXN-000689,Fairmont Apex Infrastructure Ltd,Hector Trandafir,99421.32,2026-04-22,District 05
TXN-000690,Ashford Crestline Consulting PLC,Rafaella Teodorescu,18891.33,2025-01-22,District 05
TXN-000691,Vernon Lakeside Solutions Co,Lucian Caruso,13066.89,2024-02-24,District 11
TXN-000692,Oakridge Pioneer Holdings Co,Olaf Capel,52660.74,2024-07-12,District 03
TXN-000693,Northgate Reliance Group LLC,Nadia Escobar,31308.11,2025-01-17,District 01
TXN-000694,Inglewood Summit Contractors Co,Laura Thiel,3315.34,2024-11-22,District 04
TXN-000695,Stonebridge Metro Works Inc,Nadia Olszynski,7091.83,2025-02-11,District 09
TXN-000696,Elmhurst Prime Holdings Co,Fiona Magnusson,21688.45,2025-11-24,District 08
TXN-000697,Ashford Apex Infrastructure Inc,Kaspar Salvati,3501.60,2024-05-08,District 08
TXN-000698,Radcliffe Coastal Solutions Inc,Rasmus Thiel,3390.89,2024-06-24,District 11
TXN-000699,Langford Metro Ventures Co,Tadeusz Keller,427455.97,2025-07-07,District 01
TXN-000700,Grantham Reliance Developments Ltd,Noor Laine,2602.15,2026-04-28,District 06
TXN-000701,Northgate Crestline Infrastructure Co,Tatiana Caruso,13494.44,2025-03-20,District 04
TXN-000702,Norwood Industrial Logistics Co,Erin Skovgaard,14476.90,2026-02-28,District 04
TXN-000703,Orchard Industrial Infrastructure Co,Erin Teodorescu,324098.99,2024-04-24,District 02
TXN-000704,Glenmore Prime Solutions LLC,Dorian Dupont,141398.40,2026-02-19,District 02
TXN-000705,Kirkwood Commercial Consulting LLC,Felix Roth,162558.95,2026-07-23,District 01
TXN-000706,Northgate Sovereign Engineering LLC,Delphine Corvin,23261.90,2025-07-23,District 05
TXN-000707,Orchard Industrial Engineering Ltd,Farida Roth,8545.90,2025-07-25,District 04
TXN-000708,Norwood Midland Holdings Inc,Vera Halvorsen,703849.14,2025-11-12,District 12
TXN-000709,Trevor Pioneer Holdings Co,Farida Dupont,65784.57,2026-07-03,District 08
TXN-000710,Trevor Atlas Trading Ltd,Vera Pichler,41611.36,2026-02-05,District 01
TXN-000711,Glenmore Midland Works PLC,Karina Castellan,63186.34,2026-07-27,District 04
TXN-000712,Radcliffe Prime Works Co,Silvia Novak,472361.05,2025-08-10,District 10
TXN-000713,Aldergate Prime Works Ltd,Lena Engstrom,658579.43,2025-04-06,District 09
TXN-000714,Westbrook Harbor Consulting PLC,Gabriel Lambert,9469.99,2024-06-19,District 09
TXN-000715,Stonebridge Atlas Works Ltd,Casper Trandafir,14753.08,2024-04-26,District 06
TXN-000716,Brookfield Titan Developments Co,Evander Escobar,225128.95,2026-04-14,District 08
TXN-000717,Darlington Civic Group PLC,Olaf Zajac,40506.24,2025-07-02,District 01
TXN-000718,Dunmore Lakeside Infrastructure LLC,Lucia Lambert,152174.75,2024-04-17,District 03
TXN-000719,Glenmore Coastal Consulting PLC,Cecelia Mertens,509830.14,2025-02-07,District 02
TXN-000720,Everly Lakeside Ventures Ltd,Estelle Laine,33384.78,2025-01-11,District 02
TXN-000721,Clarence Harbor Contractors Co,Dorian Lorenz,28914.87,2024-06-15,District 12
TXN-000722,Harlow Zenith Logistics Ltd,Hector Dupont,5257.61,2025-02-14,District 04
TXN-000723,Fenwick Pioneer Solutions Inc,Vera Thomassen,9786.49,2024-09-20,District 05
TXN-000724,Pinewood Sovereign Engineering LLC,Laurent Dietrich,685990.34,2025-12-07,District 04
TXN-000725,Dunmore Civil Consulting PLC,Felix Trandafir,3897.19,2025-01-26,District 11
TXN-000726,Trevor Midland Holdings Ltd,Regina Tarnowski,126579.37,2026-05-24,District 12
TXN-000727,Norwood Harbor Developments Ltd,Olaf Andersson,3026.08,2026-05-28,District 01
TXN-000728,Brookfield Harbor Developments PLC,Petra Klassen,70721.32,2024-01-28,District 09
TXN-000729,Inglewood Summit Services PLC,Katarina Mueller,527529.02,2025-11-16,District 10
TXN-000730,Elmhurst Prime Group Co,Valentin Dagher,72334.40,2025-12-30,District 03
TXN-000731,Zephyr Industrial Group PLC,Estelle Radovanovic,61726.75,2024-02-20,District 01
TXN-000732,Radcliffe Metro Trading PLC,Severin Persson,12909.76,2025-08-27,District 01
TXN-000733,Fairmont Reliance Holdings LLC,Antoine Haugen,5099.99,2025-06-02,District 03
TXN-000734,Blackwood Coastal Holdings Co,Evander Nordin,485637.13,2025-04-08,District 06
TXN-000735,Harlow Lakeside Engineering Ltd,Beatriz Escobar,2934.35,2024-02-24,District 01
TXN-000736,Elmhurst Metro Engineering LLC,Hugo Zielinski,11004.51,2025-10-09,District 03
TXN-000737,Oakridge Lakeside Infrastructure Ltd,Lucian Bakker,892204.84,2025-08-26,District 05
TXN-000738,Underhill Pioneer Developments PLC,Sanne Rasmussen,728256.90,2025-11-12,District 05
TXN-000739,Cavendish Civil Consulting Inc,Hugo Klassen,8043.89,2025-04-11,District 06
TXN-000740,Norwood Atlas Services LLC,Leona Hartmann,22024.76,2024-05-10,District 01
TXN-000741,Larkspur Civil Consulting Co,Magda Ferreira,24173.82,2025-10-06,District 04
TXN-000742,Fenwick Civic Solutions Co,Yusuf Saavedra,25677.35,2024-07-10,District 01
TXN-000743,Sandalwood Reliance Works LLC,Lucian Radovanovic,293370.47,2024-01-17,District 05
TXN-000744,Pinewood Pioneer Ventures Co,Anika Quaresma,29882.25,2025-04-03,District 09
TXN-000745,Fairmont Summit Trading Ltd,Pablo Ionescu,53259.56,2024-09-13,District 05
TXN-000746,Langford Titan Partners PLC,Gabriel Trandafir,92081.75,2025-10-09,District 09
TXN-000747,Orchard Lakeside Ventures Inc,Jelena Silvestri,4885.59,2024-11-09,District 04
TXN-000748,Brookfield Crestline Enterprises Ltd,Tadeusz Georgiev,65892.97,2024-10-07,District 07
TXN-000749,Kirkwood Commercial Trading LLC,Cecelia Haugen,53571.55,2024-12-04,District 08
TXN-000750,Northgate Summit Logistics LLC,Wilhelm Bakker,444117.65,2025-06-08,District 08
TXN-000751,Yorkfield Crestline Developments Inc,Erin Fontaine,20165.40,2025-08-23,District 12
TXN-000752,Blackwood Prime Contractors Inc,Conrad Wojcik,54554.71,2025-03-19,District 02
TXN-000753,Moorfield Zenith Holdings LLC,Margaux Graziani,48417.32,2024-12-05,District 05
TXN-000754,Copperfield Titan Holdings Ltd,Yelena Petrov,50777.67,2026-06-11,District 12
TXN-000755,Northgate Prime Partners Inc,Thibault Kovacs,142847.87,2024-01-14,District 07
TXN-000756,Copperfield Crestline Works LLC,Janek Mikkelsen,3248.55,2024-06-03,District 12
TXN-000757,Glenmore Midland Developments LLC,Olivia Richter,127196.34,2026-03-15,District 09
TXN-000758,Foxglove Harbor Infrastructure Ltd,Conrad Arnaud,31136.71,2025-06-19,District 05
TXN-000759,Devereux Prime Solutions LLC,Julien Delacroix,19643.59,2024-03-16,District 01
TXN-000760,Harlow Reliance Holdings Ltd,Beatriz Ferreira,98299.20,2025-01-04,District 07
TXN-000761,Copperfield Apex Infrastructure Co,Petra Zanetti,567249.45,2024-08-16,District 07
TXN-000762,Moorfield Reliance Group LLC,Hugo Bauer,5178.34,2025-09-14,District 08
TXN-000763,Cavendish Prime Trading Inc,Rurik Petrov,894653.05,2024-07-28,District 03
TXN-000764,Larkspur Metro Services Co,Magda Braun,447993.19,2025-08-06,District 07
TXN-000765,Wexford Reliance Holdings Co,Hanna Steffensen,6486.39,2026-04-19,District 05
TXN-000766,Yorkfield Coastal Infrastructure Inc,Zara Corvin,39962.50,2026-01-03,District 01
TXN-000767,Oakridge Summit Services Inc,Kaspar Zanetti,67694.19,2025-03-31,District 11
TXN-000768,Trevor Pioneer Logistics Co,Helena Kaminski,11914.79,2026-03-17,District 08
TXN-000769,Harlow Summit Developments Inc,Evander Ignatiev,236536.42,2025-01-30,District 02
TXN-000770,Pemberton Metro Works Ltd,Karina Demirci,442655.26,2024-07-18,District 09
TXN-000771,Oakridge Lakeside Group Inc,Janek Vogel,16388.37,2025-08-19,District 12
TXN-000772,Thornbury Harbor Engineering LLC,Ulrike Pedersen,61033.92,2025-04-19,District 12
TXN-000773,Pinewood Sovereign Partners Co,Julien Steffensen,106905.23,2026-07-23,District 12
TXN-000774,Wexford Highland Services Ltd,Zoran Christensen,12858.13,2026-01-17,District 02
TXN-000775,Stonebridge Lakeside Contractors Inc,Jelena Nyberg,538335.13,2025-09-11,District 03
TXN-000776,Foxglove Crestline Engineering Inc,Karina Radovanovic,8539.04,2026-05-23,District 03
TXN-000777,Kirkwood Sovereign Developments Inc,Stefan Volkan,730682.27,2025-08-17,District 10
TXN-000778,Cavendish Zenith Contractors Ltd,Pablo Dahlberg,2847.46,2025-07-06,District 02
TXN-000779,Marlowe Metro Solutions Ltd,Severin Bauer,6524.78,2025-03-06,District 06
TXN-000780,Devereux Summit Services Ltd,Fabian Rosqvist,3249.24,2026-05-01,District 12
TXN-000781,Glenmore Reliance Solutions LLC,Hugo Rasmussen,111749.54,2026-03-05,District 01
TXN-000782,Queensbury Pioneer Engineering LLC,Fiona Andersson,84465.09,2024-10-05,District 10
TXN-000783,Holloway Lakeside Infrastructure Ltd,Aaron Steffensen,241879.69,2026-03-08,District 03
TXN-000784,Radcliffe Summit Engineering Inc,Lena Kaminski,33585.16,2024-02-03,District 01
TXN-000785,Trevor Apex Partners Ltd,Halvard Andersson,208756.64,2026-05-21,District 05
TXN-000786,Thornbury Apex Solutions Ltd,Conrad Corvin,12400.96,2024-05-09,District 02
TXN-000787,Yorkfield Titan Services Inc,Lucia Caruso,72134.65,2025-07-29,District 07
TXN-000788,Amberley Midland Infrastructure Co,Sabine Castellan,105760.12,2024-03-26,District 08
TXN-000789,Kirkwood Civic Infrastructure PLC,Jacqueline Laine,95333.79,2025-08-25,District 07
TXN-000790,Oakridge Metro Ventures LLC,Noor Gauthier,5964.58,2025-08-28,District 03
TXN-000791,Inglewood Sovereign Holdings Ltd,Nadia Andersson,8721.15,2024-04-28,District 02
TXN-000792,Amberley Sovereign Logistics Ltd,Severin Weber,156101.17,2024-11-08,District 04
TXN-000793,Yorkfield Zenith Trading PLC,Laura Meier,428559.81,2024-05-09,District 01
TXN-000794,Redstone Apex Contractors LLC,Paolina Sauer,92933.84,2025-04-30,District 04
TXN-000795,Kirkwood Pioneer Partners PLC,Karina Andersson,15227.64,2024-11-24,District 11
TXN-000796,Redstone Prime Engineering Ltd,Aaron Zanetti,22007.85,2024-12-06,District 10
TXN-000797,Orchard Harbor Services PLC,Alena Sebesta,97358.03,2025-08-10,District 07
TXN-000798,Dunmore Civil Services Inc,Julien Jankowski,106016.13,2024-01-20,District 05
TXN-000799,Inglewood Midland Contractors PLC,Lucian Dagher,89522.80,2025-08-05,District 11
TXN-000800,Harlow Coastal Engineering PLC,Margaux Christensen,94745.69,2025-08-16,District 07
TXN-000801,Jessup Reliance Solutions PLC,Hector Fontaine,19814.50,2024-02-23,District 01
TXN-000802,Queensbury Atlas Developments Ltd,Delphine Lindqvist,2956.98,2024-07-19,District 01
TXN-000803,Yorkfield Zenith Consulting Ltd,Valentin Jovanovic,92811.11,2024-03-07,District 10
TXN-000804,Trevor Coastal Consulting Ltd,Stefan Georgiev,36110.43,2025-06-28,District 01
TXN-000805,Jessup Industrial Trading Co,Thibault Thiel,93217.13,2025-08-11,District 07
TXN-000806,Blackwood Pioneer Group Inc,Enzo Mertens,13958.50,2026-08-17,District 05
TXN-000807,Redstone Summit Ventures Ltd,Farida Georgiev,45110.61,2024-03-06,District 11
TXN-000808,Larkspur Atlas Consulting Inc,Ulrike Radovanovic,760260.34,2024-10-09,District 07
TXN-000809,Oakridge Prime Contractors Inc,Rafaella Rasmussen,5318.81,2026-03-21,District 03
TXN-000810,Oakridge Prime Holdings Co,Thibault Blanchard,285951.83,2026-06-22,District 11
TXN-000811,Inglewood Atlas Contractors PLC,Evander Girard,699703.50,2025-01-24,District 05
TXN-000812,Inglewood Civic Trading LLC,Jacqueline Dagher,6680.09,2024-03-09,District 10
TXN-000813,Marlowe Lakeside Holdings LLC,Samir Dupont,13624.84,2025-01-11,District 01
TXN-000814,Larkspur Coastal Ventures Co,Matteo Popescu,19809.83,2026-05-08,District 11
TXN-000815,Moorfield Reliance Infrastructure PLC,Lucia Escobar,41687.39,2025-10-13,District 08
TXN-000816,Darlington Sovereign Services Ltd,Rene Horvath,109890.15,2024-06-26,District 09
TXN-000817,Devereux Atlas Engineering Inc,Rene Nyberg,58873.77,2025-11-05,District 08
TXN-000818,Orchard Prime Contractors PLC,Elena Ignatiev,643338.10,2024-11-25,District 05
TXN-000819,Grantham Metro Partners LLC,Regina Nyberg,933259.77,2026-02-09,District 02
TXN-000820,Eastvale Sovereign Contractors Co,Paolina Persson,8123.87,2026-06-17,District 11
TXN-000821,Brookfield Apex Consulting Ltd,Evander Andersson,10741.85,2025-02-10,District 05
TXN-000822,Moorfield Reliance Holdings Inc,Miroslav Weiss,23862.62,2025-03-03,District 01
TXN-000823,Brookfield Lakeside Enterprises Ltd,Branislav Volkan,15863.96,2024-07-06,District 12
TXN-000824,Northgate Summit Ventures Co,Olivia Saavedra,287824.17,2026-05-24,District 11
TXN-000825,Sandalwood Summit Group PLC,Laurent Fischer,16271.40,2026-03-10,District 12
TXN-000826,Oakridge Atlas Holdings Inc,Fabian Sandberg,27455.84,2025-06-08,District 06
TXN-000827,Zephyr Atlas Contractors LLC,Greta Girard,4236.63,2024-04-24,District 07
TXN-000828,Orchard Lakeside Developments LLC,Katarina Lorenz,3001.98,2024-02-26,District 12
TXN-000829,Marlowe Industrial Enterprises Co,Yannick Karlsen,39743.32,2026-08-04,District 07
TXN-000830,Pemberton Pioneer Engineering LLC,Magda Castellan,80950.34,2026-07-14,District 03
TXN-000831,Aldergate Atlas Engineering PLC,Conrad Karlsen,442004.60,2026-06-27,District 09
TXN-000832,Inglewood Sovereign Enterprises LLC,Antoine Laine,7069.15,2025-02-22,District 07
TXN-000833,Blackwood Highland Consulting Co,Katarina Tarnowski,238092.74,2025-11-18,District 08
TXN-000834,Aldergate Zenith Works Co,Regina Dahlberg,3431.30,2024-11-05,District 04
TXN-000835,Vernon Civic Holdings PLC,Casper Sebesta,92221.80,2026-08-30,District 03
TXN-000836,Elmhurst Lakeside Contractors Inc,Paolina Lambert,7687.85,2026-04-08,District 07
TXN-000837,Ullswater Civil Services Inc,Lars Moreau,450876.85,2024-11-12,District 12
TXN-000838,Inglewood Harbor Contractors Co,Klaus Ferreira,32238.61,2025-03-06,District 12
TXN-000839,Westbrook Pioneer Consulting Co,Kaspar Halvorsen,105197.18,2025-01-19,District 11
TXN-000840,Copperfield Apex Group Ltd,Aaron Jovanovic,8630.58,2024-02-09,District 07
TXN-000841,Ashford Lakeside Infrastructure Inc,Felix Graziani,124685.60,2024-03-29,District 01
TXN-000842,Ullswater Lakeside Works Inc,Laura Teodorescu,25449.88,2026-01-19,District 09
TXN-000843,Amberley Atlas Group Ltd,Miranda Girard,31622.49,2025-04-20,District 08
TXN-000844,Northgate Pioneer Services PLC,Rene Bakker,68119.65,2025-07-13,District 12
TXN-000845,Grantham Zenith Partners PLC,Nikolai Beaumont,3168.92,2025-11-05,District 12
TXN-000846,Pinewood Sovereign Enterprises LLC,Rosalind Teodorescu,21489.46,2025-10-11,District 11
TXN-000847,Eastvale Apex Infrastructure Co,Damien Marchetti,3735.23,2025-08-24,District 06
TXN-000848,Ashford Commercial Engineering Co,Laurent Richter,74477.81,2026-07-25,District 02
TXN-000849,Everly Titan Services Co,Dalia Wallin,17169.68,2026-02-08,District 10
TXN-000850,Yorkfield Industrial Engineering LLC,Dalia Roth,769270.34,2024-03-23,District 12
TXN-000851,Radcliffe Summit Consulting Inc,Rasmus Teodorescu,2683.28,2025-04-26,District 12
TXN-000852,Fairmont Zenith Services PLC,Severin Engstrom,24764.68,2025-09-15,District 08
TXN-000853,Jessup Apex Holdings PLC,Thibault Oberlin,97715.33,2025-12-23,District 03
TXN-000854,Larkspur Reliance Developments Inc,Oskar Ionescu,11525.64,2025-07-23,District 04
TXN-000855,Sandalwood Summit Holdings Co,Silvia Bauer,618927.24,2024-09-25,District 02
TXN-000856,Holloway Prime Logistics Co,Jelena Engstrom,29059.62,2026-05-28,District 12
TXN-000857,Brookfield Crestline Infrastructure PLC,Lars Zielinski,2561.98,2025-07-11,District 04
TXN-000858,Blackwood Crestline Group Co,Oskar Falkenstein,64157.00,2026-03-20,District 06
TXN-000859,Underhill Highland Contractors Ltd,Rafaella Steffensen,45827.12,2024-04-21,District 04
TXN-000860,Orchard Crestline Holdings Co,Klaus Silvestri,12980.70,2025-08-02,District 01
TXN-000861,Blackwood Crestline Works PLC,Jelena Vogel,6328.72,2024-06-05,District 04
TXN-000862,Vernon Harbor Trading Co,Hector Pedersen,121021.26,2025-06-16,District 10
TXN-000863,Oakridge Sovereign Group LLC,Anika Kovacs,238418.00,2026-03-12,District 12
TXN-000864,Stonebridge Metro Trading PLC,Julien Kirkpatrick,601646.38,2025-03-21,District 12
TXN-000865,Radcliffe Apex Trading Inc,Laurent Iversen,46286.59,2024-10-06,District 04
TXN-000866,Thornbury Apex Logistics Ltd,Lars Villanueva,133553.15,2024-02-25,District 08
TXN-000867,Yorkfield Pioneer Partners Co,Matteo Pelletier,96275.47,2025-12-13,District 03
TXN-000868,Trevor Zenith Works LLC,Dmitri Escobar,485703.93,2025-11-24,District 10
TXN-000869,Aldergate Summit Enterprises LLC,Petra Roth,358128.66,2026-02-25,District 06
TXN-000870,Westbrook Prime Group Ltd,Laura Chaudhry,2798.77,2024-03-21,District 11
TXN-000871,Moorfield Crestline Partners LLC,Viktor Slavik,857671.85,2025-08-31,District 04
TXN-000872,Fairmont Midland Logistics Ltd,Viktor Novak,614775.05,2024-10-27,District 07
TXN-000873,Belmont Civil Infrastructure LLC,Florian Halvorsen,32369.95,2026-07-10,District 07
TXN-000874,Devereux Lakeside Consulting Ltd,Margaux Villanueva,167734.39,2025-09-29,District 09
TXN-000875,Underhill Harbor Services Co,Farida Moreau,250369.67,2025-04-22,District 02
TXN-000876,Moorfield Pioneer Solutions Inc,Tatiana Laine,51082.97,2026-02-02,District 03
TXN-000877,Ashford Apex Trading Ltd,Anika Pelletier,106267.19,2026-08-06,District 02
TXN-000878,Holloway Apex Engineering Ltd,Ivo Villanueva,6393.73,2024-03-23,District 04
TXN-000879,Radcliffe Pioneer Solutions LLC,Julien Mikkelsen,342491.84,2025-10-20,District 08
TXN-000880,Thornbury Harbor Works Co,Evander Fischer,108262.46,2026-06-14,District 01
TXN-000881,Inglewood Industrial Trading Co,Nikolai Girard,3128.52,2026-05-09,District 01
TXN-000882,Stonebridge Prime Enterprises Ltd,Fabian Arnaud,420064.61,2025-07-22,District 03
TXN-000883,Dunmore Industrial Enterprises Inc,Lena Ursu,14650.54,2026-03-04,District 07
TXN-000884,Pemberton Titan Services Ltd,Casper Tolvanen,9169.25,2026-01-29,District 03
TXN-000885,Devereux Atlas Consulting LLC,Lucia Quaresma,315813.14,2026-07-02,District 11
TXN-000886,Radcliffe Crestline Infrastructure Inc,Gabriel Kaminski,267711.18,2024-02-05,District 10
TXN-000887,Tongi Builders Ltd,Rafiqul Hasan,7944.51,2024-06-18,District 05
TXN-000888,Harlow Commercial Engineering Inc,Ivo Petrov,11786.44,2026-01-08,District 04
TXN-000889,Queensbury Prime Partners PLC,Jacqueline Eekhoff,41872.95,2025-09-03,District 07
TXN-000890,Ullswater Zenith Group Co,Olaf Caruso,268829.11,2025-10-08,District 05
TXN-000891,Radcliffe Summit Logistics Co,Severin Marchetti,94126.12,2025-12-18,District 03
TXN-000892,Clarence Civic Logistics LLC,Nikolai Thiel,16475.07,2025-11-07,District 06
TXN-000893,Glenmore Apex Ventures LLC,Zoran Lukacs,29100.23,2026-05-13,District 06
TXN-000894,Yorkfield Pioneer Group LLC,Petra Keller,15274.08,2026-08-01,District 10
TXN-000895,Aldergate Lakeside Contractors Inc,Petra Szabo,140015.00,2024-02-01,District 03
TXN-000896,Copperfield Sovereign Infrastructure Inc,Severin Trandafir,507532.40,2025-04-30,District 06
TXN-000897,Holloway Sovereign Partners PLC,Dmitri Weber,85895.09,2024-09-18,District 06
TXN-000898,Norwood Titan Infrastructure LLC,Silvia Moreau,15761.71,2026-06-12,District 08
TXN-000899,Belmont Lakeside Engineering LLC,Cecelia Garrido,3099.19,2025-03-27,District 09
TXN-000900,Underhill Titan Ventures Ltd,Zara Dahlberg,18447.05,2024-11-11,District 01
TXN-000901,Pemberton Summit Group Co,Jonas Graziani,84783.48,2026-05-18,District 03
TXN-000902,Thornbury Coastal Logistics Co,Oskar Ignatiev,770844.07,2024-12-10,District 06
TXN-000903,Ullswater Summit Partners LLC,Felix Capel,3927.65,2024-01-30,District 02
TXN-000904,Belmont Apex Group Co,Conrad Ursu,13631.69,2025-09-02,District 01
TXN-000905,Devereux Titan Infrastructure PLC,Yannick Steffensen,9932.20,2024-01-02,District 03
TXN-000906,Brookfield Prime Solutions Inc,Amos Weiss,215886.40,2025-01-10,District 03
TXN-000907,Pemberton Apex Solutions LLC,Zara Jovanovic,67212.40,2025-05-08,District 04
TXN-000908,Foxglove Coastal Solutions Co,Rurik Demirci,85627.54,2025-12-19,District 01
TXN-000909,Glenmore Highland Consulting PLC,Erin Johannsen,246130.48,2024-12-08,District 02
TXN-000910,Holloway Pioneer Holdings Co,Valentin Sandberg,3211.04,2025-05-12,District 12
TXN-000911,Kingsmere Crestline Services PLC,Laura Dietrich,366789.27,2024-10-09,District 04
TXN-000912,Moorfield Reliance Works Ltd,Damien Blanchard,51888.44,2024-02-27,District 09
TXN-000913,Underhill Zenith Works LLC,Petra Blanchard,241886.23,2026-01-04,District 02
TXN-000914,Ashford Industrial Partners PLC,Dorian Zajac,105262.44,2025-06-19,District 05
TXN-000915,Kingsmere Atlas Holdings Inc,Dorian Ionescu,73881.50,2025-10-28,District 09
TXN-000916,Ashford Zenith Trading PLC,Janek Yilmaz,5017.67,2024-03-06,District 01
TXN-000917,Pinewood Zenith Group Co,Lars Horvath,730842.26,2025-08-01,District 08
TXN-000918,Dunmore Midland Services Inc,Vera Gauthier,360386.04,2024-04-27,District 07
TXN-000919,Zephyr Metro Engineering Ltd,Rafaella Demirci,96095.25,2025-12-15,District 03
TXN-000920,Clarence Atlas Solutions Ltd,Elena Garrido,2758.07,2024-04-15,District 03
TXN-000921,Orchard Crestline Trading Ltd,Klaus Zajac,8611.85,2024-07-27,District 08
TXN-000922,Norwood Civil Logistics Inc,Lena Falkenstein,52026.72,2024-09-28,District 10
TXN-000923,Stonebridge Commercial Group Inc,Matteo Clemencic,915837.13,2024-06-23,District 04
TXN-000924,Jessup Summit Enterprises LLC,Leona Zielinski,15848.57,2025-10-30,District 10
TXN-000925,Vernon Harbor Works Co,Julien Kovacs,130536.70,2024-12-17,District 03
TXN-000926,Yorkfield Coastal Trading PLC,Evander Weiss,42702.24,2026-05-06,District 10
TXN-000927,Belmont Harbor Ventures Co,Matteo Hartmann,2709.04,2025-09-24,District 05
TXN-000928,Everly Prime Ventures LLC,Florian Garrido,384730.31,2024-07-15,District 12
TXN-000929,Fenwick Zenith Contractors Ltd,Olivia Iversen,5127.25,2024-07-01,District 05
TXN-000930,Underhill Coastal Works PLC,Katarina Nordin,27852.27,2026-01-17,District 06
TXN-000931,Inglewood Midland Logistics Inc,Olaf Wojcik,3626.62,2025-06-10,District 05
TXN-000932,Larkspur Industrial Logistics PLC,Camille Halvorsen,274912.01,2025-01-08,District 11
TXN-000933,Elmhurst Pioneer Consulting Co,Dorian Steffensen,11794.86,2024-07-22,District 07
TXN-000934,Sandalwood Civil Consulting Ltd,Amos Scheffer,463766.28,2024-08-05,District 04
TXN-000935,Oakridge Reliance Infrastructure LLC,Alena Capel,26419.95,2025-03-25,District 01
TXN-000936,Orchard Commercial Holdings Co,Delphine Dobrev,4862.50,2026-06-15,District 05
TXN-000937,Clarence Pioneer Developments Inc,Guillaume Laine,10852.22,2024-10-29,District 09
TXN-000938,Clarence Sovereign Ventures LLC,Evander Moreau,10496.87,2025-01-06,District 05
TXN-000939,Glenmore Lakeside Engineering Inc,Rene Corvin,18906.46,2024-07-06,District 10
TXN-000940,Trevor Titan Engineering LLC,Anika Rasmussen,585263.98,2025-05-22,District 11
TXN-000941,Northgate Crestline Ventures Co,Emeline Ionescu,12127.39,2025-03-11,District 09
TXN-000942,Pinewood Industrial Group Ltd,Hugo Lindqvist,2576.56,2024-04-14,District 01
TXN-000943,Jessup Civic Holdings Ltd,Leona Mertens,6199.74,2024-01-26,District 08
TXN-000944,Cavendish Commercial Ventures Inc,Katarina Saavedra,13899.32,2024-03-23,District 12
TXN-000945,Aldergate Commercial Logistics Co,Alena Dietrich,25297.36,2024-05-11,District 11
TXN-000946,Foxglove Pioneer Trading Ltd,Tadeusz Kirkpatrick,120010.86,2025-02-18,District 12
TXN-000947,Elmhurst Zenith Contractors Ltd,Dalia Szabo,575538.25,2025-03-10,District 05
TXN-000948,Cavendish Apex Contractors LLC,Tatiana Arnaud,4534.28,2025-01-09,District 07
TXN-000949,Glenmore Lakeside Partners PLC,Stefan Wagner,80942.17,2025-01-25,District 01
TXN-000950,Harlow Industrial Services Co,Estelle Bergstrom,588872.28,2026-03-16,District 06
TXN-000951,Marlowe Highland Infrastructure Ltd,Helena Thiel,524676.69,2025-01-21,District 11
TXN-000952,Devereux Midland Enterprises LLC,Kaspar Wallin,32406.18,2024-11-05,District 09
TXN-000953,Blackwood Sovereign Solutions PLC,Olivia Wagner,27712.32,2024-01-17,District 12
TXN-000954,Pemberton Prime Developments Inc,Greta Kaminski,3597.64,2025-11-15,District 12
TXN-000955,Marlowe Highland Consulting LLC,Oskar Thiel,153088.78,2025-02-19,District 08
TXN-000956,Westbrook Zenith Holdings Co,Hanna Pelletier,14023.98,2025-11-11,District 06
TXN-000957,Pemberton Prime Developments Ltd,Damien Escobar,32413.77,2025-09-19,District 08
TXN-000958,Thornbury Commercial Services Inc,Camille Braun,30068.91,2026-09-06,District 09
TXN-000959,Kirkwood Apex Group Inc,Dalia Magnusson,217523.41,2024-11-30,District 09
TXN-000960,Dunmore Apex Partners LLC,Nikolai Steffensen,3210.93,2025-01-10,District 03
TXN-000961,Belmont Atlas Contractors PLC,Wilhelm Lindqvist,13159.05,2025-04-20,District 10
TXN-000962,Pemberton Harbor Solutions Co,Guillaume Kaminski,127095.11,2025-11-18,District 01
TXN-000963,Wexford Industrial Ventures Ltd,Boris Haugen,58771.99,2024-09-19,District 06
TXN-000964,Yorkfield Metro Partners Ltd,Thibault Bondarenko,12866.86,2024-06-08,District 02
TXN-000965,Ullswater Highland Trading Inc,Elena Wagner,6330.26,2026-05-21,District 05
TXN-000966,Stonebridge Civic Group PLC,Wilhelm Delacroix,4470.99,2025-11-14,District 03
TXN-000967,Inglewood Industrial Contractors LLC,Farida Weber,392940.73,2024-08-02,District 05
TXN-000968,Zephyr Zenith Trading Co,Rasmus Weber,6764.06,2025-07-12,District 07
TXN-000969,Aldergate Coastal Contractors PLC,Estelle Rosqvist,97486.82,2026-09-03,District 05
TXN-000970,Bluecrest Marine Services LLC,Ingrid Sollas,6911.77,2025-10-05,District 09
TXN-000971,Fairmont Midland Engineering PLC,Paolina Saavedra,5353.56,2024-07-31,District 06
TXN-000972,Sandalwood Harbor Solutions PLC,Pablo Johannsen,7497.40,2024-01-23,District 10
TXN-000973,Amberley Harbor Enterprises LLC,Enzo Villanueva,145927.08,2025-01-31,District 02
TXN-000974,Langford Reliance Developments LLC,Zoran Petrov,138250.88,2026-03-04,District 08
TXN-000975,Glenmore Harbor Solutions Inc,Guillaume Kovacs,57370.29,2025-08-13,District 06
TXN-000976,Norwood Coastal Partners Inc,Florian Moreau,20798.74,2024-12-01,District 08
TXN-000977,Fairmont Titan Logistics PLC,Miranda Jankowski,797849.05,2025-11-11,District 11
TXN-000978,Foxglove Metro Contractors LLC,Oskar Wojcik,646466.63,2026-01-15,District 05
TXN-000979,Belmont Civil Partners Ltd,Greta Capel,88124.23,2026-09-04,District 06
TXN-000980,Stonebridge Apex Consulting PLC,Hector Scheffer,3917.30,2026-09-02,District 10
TXN-000981,Dunmore Titan Trading LLC,Boris Popescu,23291.97,2024-02-09,District 04
TXN-000982,Pemberton Zenith Services Co,Valentin Slavik,417789.05,2024-10-09,District 11
TXN-000983,Fenwick Midland Consulting Ltd,Regina Girard,7370.41,2024-09-24,District 09
TXN-000984,Redstone Apex Partners Co,Thibault Jovanovic,5467.86,2025-01-17,District 09
TXN-000985,Underhill Crestline Group Co,Elena Engstrom,10721.65,2026-07-29,District 06
TXN-000986,Ashford Metro Trading Ltd,Antoine Rasmussen,46484.59,2025-11-28,District 04
TXN-000987,Pemberton Coastal Consulting LLC,Laura Zielinski,3011.01,2026-05-20,District 03
TXN-000988,Brookfield Zenith Trading LLC,Yannick Beaumont,8754.26,2024-12-08,District 07
TXN-000989,Queensbury Atlas Developments Co,Kaspar Mertens,385818.26,2024-05-01,District 12
TXN-000990,Devereux Civil Infrastructure LLC,Miranda Clemencic,94667.02,2025-08-26,District 07
TXN-000991,Darlington Pioneer Trading PLC,Ulrike Meier,116160.88,2026-02-02,District 09
TXN-000992,Devereux Titan Developments Inc,Estelle Rasmussen,463598.36,2024-10-28,District 03
TXN-000993,Devereux Civil Engineering Ltd,Jacqueline Ferreira,51988.12,2025-12-31,District 06
TXN-000994,Orchard Crestline Engineering PLC,Estelle Christensen,149399.70,2024-01-12,District 09
TXN-000995,Pemberton Civil Logistics Co,Amos Georgiev,28148.21,2024-02-09,District 11
TXN-000996,Devereux Prime Enterprises Inc,Gabriel Yilmaz,6373.61,2025-06-10,District 10
TXN-000997,Moorfield Midland Holdings Ltd,Rosalind Lorenz,11922.28,2026-05-29,District 11
TXN-000998,Langford Harbor Enterprises Ltd,Zoran Karlsen,147411.82,2026-03-19,District 11
TXN-000999,Fairmont Reliance Consulting Co,Ivo Quaresma,760352.48,2026-05-02,District 09
TXN-001000,Harlow Summit Contractors Ltd,Miroslav Kaminski,732412.17,2024-02-29,District 02
TXN-001001,Underhill Midland Ventures Inc,Sabine Klassen,48424.47,2024-07-12,District 05
TXN-001002,Yorkfield Zenith Partners Inc,Leona Scheffer,111313.91,2026-05-20,District 02
TXN-001003,Blackwood Summit Developments Inc,Elena Nordin,27884.72,2024-05-03,District 09
TXN-001004,Jessup Lakeside Ventures Co,Zoran Hoffmann,5222.50,2024-05-17,District 06
TXN-001005,Belmont Prime Group Inc,Nadia Arnaud,17299.78,2026-05-08,District 05
TXN-001006,Stonebridge Reliance Ventures Co,Evander Marino,3299.83,2024-08-12,District 02
TXN-001007,Wexford Coastal Trading PLC,Dorian Mueller,7935.15,2026-01-09,District 06
TXN-001008,Grantham Reliance Group LLC,Kaspar Jankowski,36868.29,2025-05-18,District 10
TXN-001009,Ashford Lakeside Trading Inc,Thibault Hoffmann,117624.81,2024-03-21,District 01
TXN-001010,Elmhurst Apex Trading PLC,Julien Arnaud,2578.48,2024-06-27,District 02
TXN-001011,Elmhurst Lakeside Solutions Inc,Boris Nyberg,389137.08,2025-08-13,District 03
TXN-001012,Foxglove Metro Contractors Ltd,Rafaella Scheffer,214008.60,2024-04-16,District 07
TXN-001013,Vanguard Steelworks,Marek Duvall,3373.84,2024-11-19,District 02
TXN-001014,Grantham Reliance Group PLC,Valentin Bondarenko,8379.09,2024-03-27,District 05
TXN-001015,Trevor Civic Solutions PLC,Anika Popescu,4239.84,2026-08-05,District 08
TXN-001016,Grantham Lakeside Logistics Co,Elena Weiss,22538.93,2024-10-15,District 10
TXN-001017,Jessup Commercial Infrastructure LLC,Miranda Jovanovic,227745.80,2024-12-10,District 10
TXN-001018,Elmhurst Civic Logistics PLC,Halvard Braun,37519.30,2024-11-14,District 04
TXN-001019,Westbrook Zenith Services Co,Noor Dagher,56802.05,2025-06-23,District 03
TXN-001020,Fairmont Coastal Logistics LLC,Amos Braun,23757.27,2026-04-10,District 04
TXN-001021,Wexford Metro Engineering Co,Samir Fischer,5802.83,2025-03-01,District 08
TXN-001022,Zephyr Harbor Engineering Co,Fiona Olszynski,580906.81,2025-07-01,District 12
TXN-001023,Foxglove Atlas Enterprises PLC,Katarina Marchetti,2848.49,2026-04-19,District 06
TXN-001024,Westbrook Reliance Consulting Inc,Hanna Skovgaard,439107.64,2026-01-14,District 12
TXN-001025,Inglewood Industrial Logistics Inc,Yelena Richter,7837.90,2024-05-23,District 09
TXN-001026,Moorfield Civic Trading Co,Rurik Zielinski,39651.36,2025-09-25,District 02
TXN-001027,Belmont Lakeside Holdings PLC,Branislav Keller,3015.98,2024-01-28,District 06
TXN-001028,Orchard Civil Ventures LLC,Xenia Ignatiev,550225.93,2026-08-23,District 06
TXN-001029,Pinewood Apex Trading Inc,Lucian Engstrom,79930.33,2024-08-16,District 11
TXN-001030,Westbrook Atlas Developments LLC,Yannick Horvath,374976.88,2025-05-05,District 03
TXN-001031,Langford Civic Group Inc,Rene Mikkelsen,3470.30,2025-12-04,District 02
TXN-001032,Langford Highland Logistics PLC,Fabian Karlsen,104342.70,2024-03-18,District 04
TXN-001033,Glenmore Apex Trading Co,Vera Trandafir,928806.32,2024-11-08,District 12
TXN-001034,Ullswater Summit Enterprises Ltd,Jelena Clemencic,109062.08,2024-10-19,District 09
TXN-001035,Yorkfield Harbor Developments Ltd,Severin Hoffmann,3004.23,2024-09-06,District 12
TXN-001036,Glenmore Metro Infrastructure LLC,Jacqueline Roth,52572.67,2026-04-12,District 09
TXN-001037,Harlow Lakeside Holdings Co,Wilhelm Horvath,238565.50,2025-07-18,District 09
TXN-001038,Moorfield Commercial Ventures Co,Tatiana Fischer,323705.92,2024-07-24,District 09
TXN-001039,Everly Commercial Contractors Co,Zara Thiel,135164.78,2026-08-25,District 11
TXN-001040,Moorfield Lakeside Consulting Co,Casper Richter,687004.30,2025-11-17,District 08
TXN-001041,Westbrook Titan Partners Co,Camille Mertens,71406.39,2025-03-15,District 03
TXN-001042,Holloway Apex Logistics PLC,Hugo Roth,3017.21,2025-03-07,District 06
TXN-001043,Stonebridge Sovereign Solutions Inc,Miranda Salvati,135651.14,2025-06-15,District 02
TXN-001044,Wexford Summit Works Inc,Olivia Andersson,112867.65,2024-01-06,District 05
TXN-001045,Holloway Sovereign Infrastructure Inc,Guillaume Jankowski,309170.09,2024-07-28,District 01
TXN-001046,Orchard Summit Developments PLC,Greta Pichler,4959.92,2026-04-12,District 01
TXN-001047,Queensbury Harbor Enterprises Inc,Gabriel Oberlin,285863.30,2024-08-27,District 11
TXN-001048,Ashford Zenith Developments Ltd,Noor Reyes,12527.24,2026-08-15,District 06
TXN-001049,Stonebridge Midland Trading PLC,Elena Moreau,38343.90,2025-10-09,District 04
TXN-001050,Westbrook Lakeside Solutions PLC,Yusuf Roth,2730.90,2024-08-20,District 07
TXN-001051,Zephyr Pioneer Logistics LLC,Nadia Thomassen,305510.54,2024-11-18,District 02
TXN-001052,Clarence Sovereign Developments PLC,Aaron Nordin,9541.27,2025-08-21,District 12
TXN-001053,Thornbury Summit Consulting Co,Felix Volkan,30638.05,2026-06-27,District 11
TXN-001054,Queensbury Harbor Solutions LLC,Rosalind Volkan,35926.65,2026-05-21,District 09
TXN-001055,Larkspur Crestline Solutions LLC,Lena Bergstrom,5209.20,2024-05-11,District 09
TXN-001056,Oakridge Pioneer Engineering Ltd,Anika Petrov,8223.75,2025-10-25,District 12
TXN-001057,Kingsmere Metro Group Co,Jonas Salvati,87925.58,2025-11-12,District 08
TXN-001058,Everly Commercial Logistics Inc,Katarina Engstrom,2893.34,2024-07-24,District 09
TXN-001059,Thornbury Coastal Works Ltd,Jelena Graziani,17675.23,2024-07-16,District 07
TXN-001060,Trevor Apex Trading PLC,Rafaella Vanek,22672.85,2025-05-03,District 04
TXN-001061,Langford Metro Engineering LLC,Dorian Dobrev,26169.02,2024-01-09,District 05
TXN-001062,Pinewood Civil Engineering Co,Farida Iversen,524312.47,2024-04-20,District 10
TXN-001063,Moorfield Prime Developments LLC,Paolina Chaudhry,17166.98,2025-06-07,District 08
TXN-001064,Everly Industrial Holdings Inc,Ilse Sauer,3208.47,2025-02-01,District 10
TXN-001065,Moorfield Civic Contractors Ltd,Branislav Thiel,225568.35,2026-06-08,District 04
TXN-001066,Marlowe Commercial Works LLC,Jacqueline Kovacs,146370.61,2026-02-03,District 12
TXN-001067,Kirkwood Summit Infrastructure Inc,Jelena Schneider,116750.80,2024-10-26,District 06
TXN-001068,Marlowe Highland Solutions LLC,Jacqueline Jankowski,20845.79,2026-05-01,District 11
TXN-001069,Langford Metro Logistics PLC,Yusuf Delacroix,619441.23,2026-05-01,District 09
TXN-001070,Marlowe Commercial Consulting Inc,Pavel Gauthier,99887.24,2025-08-26,District 03
TXN-001071,Sandalwood Highland Consulting LLC,Tadeusz Demirci,107179.63,2024-11-25,District 04
TXN-001072,Foxglove Coastal Group Co,Matteo Sauer,6537.15,2026-05-13,District 08
TXN-001073,Everly Atlas Enterprises PLC,Yusuf Persson,44286.40,2025-04-22,District 07
TXN-001074,Holloway Midland Contractors Inc,Helena Pedersen,236354.98,2024-11-08,District 06
TXN-001075,Oakridge Metro Group PLC,Silvia Jovanovic,831436.37,2025-12-04,District 04
TXN-001076,Sandalwood Pioneer Engineering LLC,Thibault Dietrich,78657.82,2025-05-14,District 11
TXN-001077,Dunmore Industrial Engineering Inc,Stefan Arnaud,91666.13,2025-12-04,District 03
TXN-001078,Kirkwood Crestline Group PLC,Lucian Johannsen,90788.19,2025-01-20,District 06
TXN-001079,Larkspur Coastal Trading LLC,Beatriz Nyberg,60328.53,2025-01-19,District 09
TXN-001080,Darlington Highland Engineering Inc,Hector Tolvanen,6627.10,2025-07-14,District 08
TXN-001081,Clarence Zenith Engineering LLC,Magda Oberlin,3285.61,2026-05-09,District 07
TXN-001082,Clarence Prime Solutions Ltd,Pablo Kirkpatrick,23057.62,2026-02-20,District 10
TXN-001083,Underhill Harbor Trading LLC,Vera Graziani,115949.38,2025-10-12,District 02
TXN-001084,Pemberton Pioneer Works Inc,Julien Rosqvist,29467.34,2025-12-05,District 11
TXN-001085,Oakridge Highland Engineering PLC,Elias Sandberg,19341.55,2025-12-19,District 04
TXN-001086,Northgate Pioneer Services LLC,Olaf Marino,4435.19,2026-08-04,District 03
TXN-001087,Vernon Reliance Services Inc,Ulrike Arnaud,3449.68,2025-09-30,District 05
TXN-001088,Fairmont Reliance Consulting Inc,Branislav Escobar,203126.70,2025-01-08,District 05
TXN-001089,Sandalwood Reliance Consulting Ltd,Regina Delacroix,29823.91,2024-07-19,District 08
TXN-001090,Fairmont Highland Solutions PLC,Amos Wagner,18434.76,2026-01-07,District 06
TXN-001091,Wexford Commercial Logistics Ltd,Regina Volkan,31285.86,2024-09-30,District 04
TXN-001092,Everly Pioneer Partners Co,Farida Klassen,17184.10,2025-02-15,District 05
TXN-001093,Larkspur Coastal Enterprises Inc,Fiona Tolvanen,447313.98,2026-06-19,District 04
TXN-001094,Sandalwood Titan Logistics LLC,Conrad Iversen,35799.08,2025-11-26,District 02
TXN-001095,Elmhurst Summit Ventures Co,Pavel Jankowski,90011.30,2025-12-03,District 03
TXN-001096,Oakridge Harbor Developments LLC,Lucia Radovanovic,16383.48,2026-03-20,District 01
TXN-001097,Westbrook Midland Infrastructure Co,Leona Lukacs,91180.13,2026-07-07,District 08
TXN-001098,Pinewood Crestline Infrastructure Ltd,Hugo Keller,3823.82,2025-03-20,District 12
TXN-001099,Eastvale Sovereign Solutions LLC,Petra Jankowski,30354.03,2026-04-22,District 12
TXN-001100,Radcliffe Pioneer Group PLC,Alena Steffensen,30528.21,2024-07-20,District 02
TXN-001101,Harlow Civic Enterprises LLC,Cecelia Ferreira,580729.19,2026-03-31,District 02
TXN-001102,Belmont Zenith Ventures Ltd,Hugo Thomassen,2809.51,2026-04-19,District 02
TXN-001103,Foxglove Titan Works PLC,Boris Slavik,801355.04,2024-12-13,District 07
TXN-001104,Marlowe Civic Solutions Ltd,Pablo Oberlin,2810.91,2025-01-06,District 04
TXN-001105,Vernon Harbor Holdings Co,Lars Wojcik,11456.29,2024-04-30,District 04
TXN-001106,Underhill Apex Trading PLC,Erin Meier,7010.50,2025-10-17,District 08
TXN-001107,Everly Prime Infrastructure Co,Vera Schneider,91675.75,2025-12-04,District 03
TXN-001108,Thornbury Coastal Engineering Co,Dorian Dagher,173088.73,2026-05-30,District 09
TXN-001109,Trevor Civil Engineering Inc,Lena Moreau,12458.90,2024-09-14,District 03
TXN-001110,Jessup Crestline Solutions LLC,Matteo Nyberg,18889.98,2026-07-22,District 07
TXN-001111,Foxglove Civil Ventures Co,Camille Bergstrom,108309.62,2025-09-28,District 05
TXN-001112,Moorfield Apex Enterprises LLC,Julien Thiel,25107.83,2026-04-26,District 06
TXN-001113,Fenwick Harbor Infrastructure PLC,Lucian Zajac,71466.46,2024-04-01,District 07
TXN-001114,Redstone Midland Ventures PLC,Jelena Salvati,140621.80,2024-12-19,District 01
TXN-001115,Vernon Harbor Holdings Ltd,Klaus Castellan,775589.55,2025-07-01,District 01
TXN-001116,Vernon Reliance Developments PLC,Paolina Hartmann,3165.08,2024-06-21,District 12
TXN-001117,Kirkwood Civic Solutions PLC,Yelena Saavedra,10128.27,2025-05-31,District 02
TXN-001118,Thornbury Zenith Trading Inc,Pablo Richter,940373.40,2024-08-23,District 10
TXN-001119,Eastvale Crestline Contractors LLC,Dmitri Fischer,128303.26,2025-12-03,District 07
TXN-001120,Norwood Coastal Ventures PLC,Dalia Bakker,528699.29,2024-12-02,District 11
TXN-001121,Aldergate Industrial Ventures PLC,Noor Ionescu,124498.33,2024-12-16,District 06
TXN-001122,Stonebridge Civil Solutions LLC,Valentin Dietrich,15468.97,2024-04-23,District 09
TXN-001123,Grantham Commercial Logistics Ltd,Matteo Hoffmann,935056.93,2024-05-22,District 12
TXN-001124,Radcliffe Reliance Logistics PLC,Olivia Slavik,4182.93,2026-04-03,District 04
TXN-001125,Underhill Apex Solutions PLC,Valentin Wendel,41968.00,2026-05-19,District 11
TXN-001126,Elmhurst Industrial Developments LLC,Laura Reyes,347001.96,2025-01-09,District 09
TXN-001127,Glenmore Lakeside Works Ltd,Casper Ignatiev,363588.23,2025-04-27,District 01
TXN-001128,Ullswater Crestline Trading Co,Jonas Quaresma,74517.78,2024-08-04,District 11
TXN-001129,Larkspur Midland Ventures LLC,Julien Szabo,58182.99,2025-02-04,District 02
TXN-001130,Inglewood Harbor Consulting Co,Kaspar Haugen,7929.02,2025-11-30,District 09
TXN-001131,Yorkfield Civic Holdings Ltd,Thibault Silvestri,172794.03,2024-04-23,District 05
TXN-001132,Orchard Midland Contractors Inc,Petra Garrido,31345.73,2024-01-31,District 04
TXN-001133,Inglewood Metro Enterprises Ltd,Ilse Fontaine,142548.50,2025-04-11,District 06
TXN-001134,Kirkwood Civic Services Ltd,Tatiana Molinari,121960.90,2024-09-02,District 10
TXN-001135,Stonebridge Pioneer Contractors PLC,Leona Chaudhry,315827.20,2026-08-15,District 09
TXN-001136,Wexford Pioneer Developments LLC,Lucia Mikkelsen,396828.55,2025-06-02,District 06
TXN-001137,Pinewood Apex Trading Ltd,Xenia Clemencic,11291.28,2025-03-30,District 02
TXN-001138,Moorfield Harbor Trading Co,Rasmus Tarnowski,580893.29,2024-01-05,District 03
TXN-001139,Inglewood Lakeside Solutions LLC,Conrad Clemencic,6064.02,2025-02-03,District 06
TXN-001140,Cavendish Midland Works LLC,Elias Dupont,4512.38,2025-05-10,District 12
TXN-001141,Elmhurst Crestline Holdings Co,Rafaella Dobrev,31125.00,2025-01-01,District 08
TXN-001142,Dunmore Civic Works Ltd,Pablo Stark,19328.62,2024-12-29,District 01
TXN-001143,Brookfield Sovereign Developments Ltd,Oskar Johannsen,548397.16,2025-10-23,District 01
TXN-001144,Kirkwood Pioneer Engineering LLC,Paolina Sandberg,9049.88,2025-02-09,District 06
TXN-001145,Inglewood Prime Partners Inc,Margaux Schneider,9923.18,2024-06-30,District 07
TXN-001146,Kirkwood Commercial Enterprises Ltd,Hanna Clemencic,6500.56,2024-10-24,District 08
TXN-001147,Pemberton Harbor Holdings PLC,Damien Dahlberg,3014.20,2026-05-24,District 04
TXN-001148,Cavendish Reliance Consulting PLC,Ivo Thomassen,3649.74,2024-12-29,District 06
TXN-001149,Wexford Harbor Consulting Inc,Amos Olszynski,311405.81,2024-03-29,District 12
TXN-001150,Dunmore Lakeside Contractors Co,Miranda Moreau,330820.07,2026-08-27,District 07
TXN-001151,Belmont Coastal Works Ltd,Ulrike Thiel,161524.67,2026-03-15,District 10
TXN-001152,Pemberton Summit Consulting Inc,Yannick Hoffmann,9517.69,2026-01-11,District 12
TXN-001153,Marlowe Civic Services PLC,Sanne Volkan,5911.01,2025-01-11,District 02
TXN-001154,Harlow Pioneer Infrastructure PLC,Dorian Ursu,51246.47,2026-01-18,District 12
TXN-001155,Thornbury Coastal Developments PLC,Felix Laine,30060.32,2025-03-05,District 05
TXN-001156,Northgate Commercial Group Inc,Oskar Fontaine,4308.97,2025-06-27,District 12
TXN-001157,Pinewood Sovereign Services Ltd,Jacqueline Garrido,65852.01,2025-04-03,District 08
TXN-001158,Everly Metro Group Ltd,Olaf Fontaine,62970.50,2025-03-03,District 12
TXN-001159,Underhill Prime Trading Co,Vera Georgiev,179559.77,2026-06-10,District 11
TXN-001160,Orchard Apex Services Co,Branislav Dagher,26572.09,2025-07-12,District 05
TXN-001161,Blackwood Pioneer Infrastructure LLC,Regina Chaudhry,32317.33,2024-07-14,District 08
TXN-001162,Norwood Zenith Holdings Co,Hanna Georgiev,61869.20,2024-07-16,District 05
TXN-001163,Radcliffe Coastal Logistics LLC,Lena Silvestri,7655.89,2026-01-25,District 01
TXN-001164,Fenwick Atlas Solutions LLC,Valentin Moreau,3110.70,2025-09-18,District 02
TXN-001165,Vernon Civic Group Inc,Felix Haugen,96742.65,2025-12-31,District 03
TXN-001166,Glenmore Sovereign Contractors Co,Fabian Lorenz,3859.67,2025-04-14,District 06
TXN-001167,Zephyr Apex Trading PLC,Felix Keller,4321.59,2025-04-05,District 08
TXN-001168,Westbrook Summit Developments Ltd,Yannick Wendel,21796.95,2025-12-12,District 09
TXN-001169,Pemberton Civic Works Inc,Elias Mikkelsen,19521.83,2024-07-30,District 11
TXN-001170,Copperfield Coastal Group Inc,Guillaume Dietrich,536609.96,2026-09-02,District 04
TXN-001171,Zephyr Midland Services PLC,Karina Gauthier,299130.22,2025-06-01,District 04
TXN-001172,Langford Sovereign Contractors LLC,Elias Rasmussen,947109.33,2024-10-27,District 02
TXN-001173,Glenmore Summit Developments Co,Conrad Teodorescu,359942.26,2025-10-23,District 09
TXN-001174,Kirkwood Civil Group Inc,Rurik Szabo,135321.25,2025-04-21,District 05
TXN-001175,Pinewood Commercial Services LLC,Yusuf Jankowski,144748.14,2026-06-18,District 05
TXN-001176,Zephyr Apex Works PLC,Fabian Moreau,121767.22,2024-03-08,District 07
TXN-001177,Oakridge Civic Works Co,Jonas Dobrev,226515.84,2024-08-15,District 04
TXN-001178,Inglewood Metro Solutions LLC,Beatriz Gauthier,15624.12,2026-09-03,District 08
TXN-001179,Eastvale Prime Consulting Inc,Gabriel Vanek,56920.88,2026-06-25,District 09
TXN-001180,Blackwood Prime Consulting PLC,Tadeusz Sandberg,588813.81,2025-07-01,District 02
TXN-001181,Everly Summit Infrastructure PLC,Magda Lindqvist,372286.51,2024-03-01,District 10
TXN-001182,Marlowe Zenith Ventures Inc,Helena Garrido,72559.01,2025-06-19,District 12
TXN-001183,Marlowe Coastal Works Co,Sanne Bakker,50243.41,2024-05-27,District 06
TXN-001184,Kirkwood Lakeside Contractors LLC,Casper Lindqvist,137064.24,2025-02-25,District 12
TXN-001185,Orchard Commercial Holdings Inc,Enzo Johannsen,4601.22,2026-05-10,District 08
TXN-001186,Copperfield Metro Consulting Ltd,Adrian Ionescu,5240.07,2025-08-16,District 01
TXN-001187,Pemberton Pioneer Logistics PLC,Erin Saavedra,16333.69,2024-08-23,District 05
TXN-001188,Kingsmere Midland Infrastructure LLC,Petra Christensen,9423.72,2024-07-16,District 12
TXN-001189,Harlow Pioneer Group Co,Yelena Dietrich,44371.84,2024-04-17,District 12
TXN-001190,Pemberton Civic Logistics Co,Zoran Klassen,42275.64,2024-10-09,District 05
TXN-001191,Belmont Harbor Contractors Inc,Miroslav Mertens,88608.05,2024-08-24,District 07
TXN-001192,Queensbury Zenith Trading Co,Ulrike Weber,14652.94,2024-03-19,District 09
TXN-001193,Moorfield Industrial Logistics Co,Paolina Jovanovic,325430.69,2026-09-09,District 08
TXN-001194,Fenwick Reliance Trading LLC,Rosalind Beaumont,140980.89,2025-08-15,District 01
TXN-001195,Ashford Reliance Contractors Co,Fiona Oberlin,98206.46,2025-08-04,District 07
TXN-001196,Kirkwood Titan Engineering LLC,Lucia Hoffmann,682338.08,2026-06-14,District 12
TXN-001197,Wexford Summit Holdings PLC,Sanne Silvestri,939305.75,2025-04-24,District 05
TXN-001198,Pemberton Industrial Trading Co,Regina Persson,18499.10,2024-02-20,District 10
TXN-001199,Inglewood Lakeside Services Ltd,Jonas Tolvanen,15855.76,2026-02-08,District 08
TXN-001200,Stonebridge Civil Trading PLC,Rafaella Mueller,11153.06,2025-11-29,District 09
TXN-001201,Redstone Apex Services Co,Kaspar Christensen,16852.61,2025-03-09,District 11
TXN-001202,Pinewood Crestline Ventures PLC,Dorian Chaudhry,81359.49,2024-04-15,District 07
TXN-001203,Grantham Pioneer Group Co,Silvia Johannsen,20578.52,2025-03-27,District 02
TXN-001204,Inglewood Industrial Group Co,Tatiana Scheffer,523378.86,2025-06-09,District 12
TXN-001205,Clarence Crestline Works Ltd,Stefan Demirci,11075.33,2024-06-20,District 06
TXN-001206,Oakridge Apex Consulting LLC,Zara Kaufmann,8201.48,2024-02-27,District 08
TXN-001207,Pinewood Pioneer Solutions Ltd,Damien Karlsen,4281.36,2025-08-06,District 03
TXN-001208,Belmont Industrial Group PLC,Olaf Thiel,42851.67,2026-01-19,District 05
TXN-001209,Orchard Midland Logistics LLC,Pavel Petrov,914533.06,2026-08-01,District 01
TXN-001210,Devereux Summit Engineering LLC,Dorian Caruso,10093.51,2026-01-29,District 11
TXN-001211,Radcliffe Metro Solutions PLC,Helena Popescu,876212.58,2025-09-23,District 12
TXN-001212,Marlowe Atlas Contractors PLC,Amos Kaufmann,11101.26,2024-05-20,District 10
TXN-001213,Orchard Industrial Consulting Inc,Karina Vasquez,324002.94,2026-04-18,District 06
TXN-001214,Belmont Atlas Solutions Co,Evander Steffensen,57555.51,2025-06-12,District 05
TXN-001215,Norwood Summit Engineering PLC,Laurent Kirkpatrick,507289.64,2026-08-04,District 11
TXN-001216,Belmont Highland Holdings Inc,Pablo Eekhoff,7380.65,2026-05-31,District 08
TXN-001217,Harlow Civic Ventures PLC,Kaspar Vogel,4423.72,2026-08-31,District 03
TXN-001218,Foxglove Summit Group Inc,Ivo Escobar,48826.99,2025-02-14,District 08
TXN-001219,Zephyr Civic Works Ltd,Rafaella Schneider,203107.96,2026-01-04,District 10
TXN-001220,Orchard Atlas Services Inc,Severin Pedersen,20601.51,2024-07-08,District 06
TXN-001221,Dunmore Crestline Contractors LLC,Dorian Weiss,23650.06,2025-11-15,District 06
TXN-001222,Sandalwood Highland Trading Ltd,Emeline Ursu,61435.43,2026-03-30,District 09
TXN-001223,Redstone Coastal Engineering Ltd,Felix Oberlin,8260.53,2024-09-21,District 02
TXN-001224,Pemberton Civil Contractors Ltd,Laurent Nyberg,22795.36,2024-12-07,District 07
TXN-001225,Copperfield Crestline Enterprises Ltd,Margaux Dahlberg,447815.71,2025-07-02,District 06
TXN-001226,Moorfield Zenith Logistics Co,Tadeusz Bondarenko,3132.67,2026-05-18,District 04
TXN-001227,Everly Prime Logistics Inc,Viktor Sandberg,2931.51,2026-04-27,District 01
TXN-001228,Sandalwood Prime Ventures LLC,Gabriel Christensen,235117.72,2025-10-26,District 02
TXN-001229,Yorkfield Atlas Works LLC,Camille Jovanovic,152045.41,2024-01-28,District 02
TXN-001230,Yorkfield Industrial Engineering Co,Valentin Keller,4881.14,2024-11-22,District 07
TXN-001231,Eastvale Prime Group LLC,Ulrike Reyes,4870.92,2025-07-10,District 05
TXN-001232,Fairmont Summit Trading Co,Greta Garrido,497577.71,2024-02-06,District 12
TXN-001233,Everly Coastal Ventures PLC,Ivo Moreau,5925.54,2025-07-06,District 11
TXN-001234,Fairmont Civic Services Inc,Tatiana Iversen,92410.51,2025-12-04,District 03
TXN-001235,Pinewood Zenith Logistics PLC,Fabian Thomassen,3257.78,2026-04-23,District 11
TXN-001236,Underhill Reliance Group LLC,Sanne Lukacs,229608.98,2024-01-12,District 03
TXN-001237,Cavendish Metro Partners LLC,Oskar Kaminski,35744.12,2026-01-10,District 10
TXN-001238,Marlowe Civic Engineering Ltd,Tadeusz Meier,107521.56,2024-09-08,District 01
TXN-001239,Blackwood Lakeside Contractors PLC,Ulrike Delacroix,193454.39,2025-03-22,District 11
TXN-001240,Glenmore Atlas Works PLC,Estelle Thiel,73260.34,2026-08-21,District 06
TXN-001241,Belmont Pioneer Partners LLC,Enzo Meier,18343.21,2025-06-28,District 07
TXN-001242,Underhill Commercial Solutions LLC,Damien Lindqvist,159147.31,2026-05-03,District 02
TXN-001243,Blackwood Commercial Engineering LLC,Greta Zajac,156453.37,2024-11-27,District 02
TXN-001244,Trevor Prime Developments LLC,Guillaume Szabo,46756.08,2026-08-04,District 10
TXN-001245,Foxglove Crestline Consulting LLC,Boris Klassen,61564.79,2025-11-20,District 02
TXN-001246,Kirkwood Crestline Services Inc,Delphine Ursu,248878.98,2025-03-14,District 08
TXN-001247,Stonebridge Crestline Contractors LLC,Jacqueline Clemencic,244087.32,2026-08-25,District 08
TXN-001248,Holloway Lakeside Services LLC,Tadeusz Yilmaz,219893.33,2025-03-25,District 08
TXN-001249,Pinewood Reliance Infrastructure Inc,Yelena Iversen,148020.76,2025-06-01,District 03
TXN-001250,Vernon Sovereign Solutions Ltd,Regina Saavedra,46568.93,2025-07-07,District 10
TXN-001251,Trevor Coastal Group Ltd,Quentin Silvestri,89815.05,2024-07-22,District 02
TXN-001252,Dunmore Titan Logistics Inc,Boris Wojcik,17724.61,2024-02-29,District 09
TXN-001253,Langford Civil Works Ltd,Jonas Wallin,105708.28,2024-02-14,District 11
TXN-001254,Cavendish Industrial Holdings LLC,Lucia Salvati,10988.78,2026-08-10,District 04
TXN-001255,Blackwood Lakeside Engineering Ltd,Anika Sandberg,255593.71,2025-07-16,District 11
TXN-001256,Kingsmere Zenith Solutions Ltd,Paolina Arnaud,436700.55,2024-12-19,District 07
TXN-001257,Thornbury Lakeside Developments Inc,Enzo Skovgaard,4349.61,2026-06-09,District 05
TXN-001258,Sandalwood Midland Trading LLC,Jacqueline Teodorescu,7361.89,2024-09-23,District 02
TXN-001259,Amberley Civic Infrastructure LLC,Gabriel Laine,64140.55,2024-05-05,District 02
TXN-001260,Everly Industrial Partners LLC,Yusuf Blanchard,19154.65,2025-06-03,District 10
TXN-001261,Devereux Titan Infrastructure Co,Lucia Bakker,147041.58,2024-12-25,District 08
TXN-001262,Copperfield Harbor Group PLC,Lucia Tolvanen,79492.67,2024-08-10,District 02
TXN-001263,Brookfield Civil Group Inc,Lena Saavedra,793000.58,2025-02-12,District 10
TXN-001264,Redstone Summit Consulting Inc,Felix Iversen,6813.05,2026-02-21,District 11
TXN-001265,Kirkwood Apex Engineering LLC,Fiona Klassen,65810.40,2024-04-07,District 02
TXN-001266,Devereux Reliance Solutions PLC,Laura Skovgaard,637211.58,2026-04-15,District 07
TXN-001267,Zephyr Highland Logistics LLC,Boris Lindqvist,2784.98,2025-03-19,District 03
TXN-001268,Brookfield Commercial Group PLC,Stefan Lambert,10354.32,2024-04-07,District 01
TXN-001269,Westbrook Metro Group Co,Regina Ursu,4744.32,2024-02-27,District 12
TXN-001270,Redstone Highland Partners Ltd,Laura Marino,360161.19,2024-12-05,District 01
TXN-001271,Vernon Metro Holdings Ltd,Lucian Weiss,103559.54,2026-05-28,District 09
TXN-001272,Pinewood Zenith Partners LLC,Severin Dietrich,5104.77,2024-04-16,District 04
TXN-001273,Stonebridge Civic Infrastructure LLC,Rurik Skovgaard,263643.54,2024-02-16,District 02
TXN-001274,Sandalwood Civil Trading PLC,Adrian Falkenstein,58351.64,2025-12-22,District 10
TXN-001275,Belmont Highland Partners Co,Laura Oberlin,91772.21,2025-08-12,District 07
TXN-001276,Langford Highland Holdings Ltd,Yannick Aaltonen,93124.57,2026-06-20,District 12
TXN-001277,Queensbury Summit Engineering Co,Tatiana Novak,27039.92,2025-08-01,District 10
TXN-001278,Brookfield Industrial Contractors Inc,Dmitri Skovgaard,20568.73,2024-12-09,District 08
TXN-001279,Clarence Metro Works Co,Severin Aaltonen,6369.78,2025-06-25,District 11
TXN-001280,Glenmore Prime Ventures Co,Fabian Pedersen,15801.43,2024-08-31,District 08
TXN-001281,Kirkwood Metro Engineering PLC,Elias Kaminski,9311.93,2024-07-13,District 12
TXN-001282,Holloway Industrial Developments Co,Sanne Oberlin,145384.15,2026-06-16,District 01
TXN-001283,Glenmore Industrial Solutions PLC,Branislav Zajac,4116.59,2024-07-21,District 12
TXN-001284,Devereux Prime Consulting PLC,Boris Jovanovic,4044.08,2024-07-19,District 05
TXN-001285,Foxglove Apex Enterprises LLC,Elias Zanetti,77057.51,2026-05-03,District 03
TXN-001286,Copperfield Reliance Trading Co,Rafaella Georgiev,57461.09,2024-06-11,District 11
TXN-001287,Belmont Industrial Logistics PLC,Adrian Mertens,719283.35,2024-07-27,District 03
TXN-001288,Yorkfield Civic Logistics Ltd,Halvard Hoffmann,5082.18,2025-01-07,District 04
TXN-001289,Fairmont Titan Group Inc,Erin Castellan,82545.19,2025-02-08,District 01
TXN-001290,Vernon Coastal Logistics LLC,Felix Girard,165642.11,2026-08-11,District 09
TXN-001291,Wexford Pioneer Engineering PLC,Ivo Aaltonen,42727.93,2026-04-23,District 03
TXN-001292,Glenmore Commercial Engineering Ltd,Aaron Delacroix,143710.31,2025-12-02,District 01
TXN-001293,Dunmore Harbor Works Ltd,Jelena Sandberg,5455.75,2025-10-15,District 06
TXN-001294,Amberley Pioneer Developments Ltd,Pablo Braun,456440.26,2025-04-20,District 04
TXN-001295,Holloway Civil Ventures PLC,Nadia Mikkelsen,4150.35,2026-03-15,District 12
TXN-001296,Harlow Coastal Trading LLC,Amos Fontaine,12351.02,2024-09-20,District 09
TXN-001297,Underhill Civil Services PLC,Elena Dupont,77044.58,2025-10-26,District 09
TXN-001298,Inglewood Reliance Group PLC,Rene Aaltonen,145088.17,2026-04-06,District 11
TXN-001299,Redstone Crestline Ventures PLC,Boris Zanetti,3360.21,2026-09-08,District 08
TXN-001300,Wexford Zenith Enterprises Co,Laura Beaumont,161804.51,2025-02-01,District 06
TXN-001301,Jessup Civic Trading Co,Fabian Demirci,6584.59,2025-11-24,District 04
TXN-001302,Ullswater Zenith Developments Co,Ilse Georgiev,24836.35,2025-09-10,District 04
TXN-001303,Larkspur Prime Developments Ltd,Stefan Castellan,74598.41,2026-07-26,District 03
TXN-001304,Larkspur Midland Infrastructure PLC,Oskar Rosqvist,73065.66,2025-08-26,District 04
TXN-001305,Holloway Harbor Engineering LLC,Aaron Castellan,5712.73,2026-05-08,District 01
TXN-001306,Oakridge Highland Engineering LLC,Laura Blanchard,192482.78,2024-10-01,District 08
TXN-001307,Kingsmere Industrial Trading Ltd,Olivia Schneider,21904.59,2025-02-21,District 02
TXN-001308,Ullswater Apex Infrastructure Co,Ivo Fischer,413984.54,2026-07-26,District 07
TXN-001309,Norwood Crestline Group PLC,Florian Lambert,425101.51,2026-05-05,District 07
TXN-001310,Larkspur Midland Holdings PLC,Antoine Aaltonen,166909.58,2026-09-02,District 08
TXN-001311,Cavendish Summit Contractors PLC,Laurent Dobrev,4527.62,2026-02-03,District 06
TXN-001312,Blackwood Crestline Developments PLC,Amos Slavik,7970.41,2024-11-21,District 06
TXN-001313,Trevor Lakeside Works Co,Hector Ignatiev,7162.23,2026-04-19,District 03
TXN-001314,Radcliffe Prime Enterprises Ltd,Gabriel Fischer,38160.64,2024-10-27,District 11
TXN-001315,Sandalwood Atlas Logistics PLC,Estelle Volkan,98526.39,2025-08-26,District 07
TXN-001316,Belmont Summit Enterprises LLC,Quentin Dietrich,575721.67,2024-09-16,District 04
TXN-001317,Brookfield Harbor Services Inc,Paolina Escobar,58715.77,2025-03-31,District 04
TXN-001318,Darlington Metro Enterprises Co,Magda Lambert,3730.15,2026-05-04,District 02
TXN-001319,Orchard Apex Group PLC,Xenia Arnaud,107707.18,2026-06-06,District 04
TXN-001320,Darlington Highland Engineering LLC,Ulrike Volkan,411279.06,2026-07-31,District 08
TXN-001321,Ashford Commercial Consulting Inc,Hanna Hartmann,15090.11,2024-08-22,District 09
TXN-001322,Sandalwood Reliance Group Ltd,Pablo Teodorescu,253695.91,2025-02-09,District 06
TXN-001323,Dunmore Crestline Holdings LLC,Conrad Braun,35166.45,2025-05-10,District 05
TXN-001324,Underhill Atlas Services Inc,Olivia Pichler,3038.32,2026-03-28,District 04
TXN-001325,Kingsmere Civic Services Co,Ilse Rosqvist,2887.30,2025-09-16,District 04
TXN-001326,Grantham Titan Holdings Ltd,Cecelia Graziani,8651.66,2024-01-27,District 12
TXN-001327,Thornbury Lakeside Solutions Ltd,Rosalind Iversen,282868.38,2024-02-08,District 03
TXN-001328,Belmont Sovereign Trading LLC,Petra Sebesta,10697.95,2024-11-16,District 12
TXN-001329,Inglewood Civil Works Inc,Kaspar Dahlberg,311381.11,2026-04-01,District 02
TXN-001330,Blackwood Midland Ventures Inc,Zoran Dobrev,16678.01,2024-03-22,District 09
TXN-001331,Harlow Summit Services Co,Camille Teodorescu,10414.85,2024-12-03,District 11
TXN-001332,Pemberton Coastal Trading Inc,Sabine Johannsen,689721.20,2025-02-14,District 01
TXN-001333,Moorfield Apex Infrastructure Inc,Regina Jankowski,16520.36,2024-10-04,District 09
TXN-001334,Norwood Coastal Ventures Inc,Xenia Sauer,19984.05,2024-02-21,District 01
TXN-001335,Amberley Apex Partners Inc,Helena Hoffmann,368867.36,2024-12-28,District 08
TXN-001336,Fairmont Industrial Partners Inc,Olivia Garrido,12775.45,2025-12-26,District 08
TXN-001337,Fairmont Zenith Group Ltd,Fiona Fischer,8719.66,2025-12-20,District 08
TXN-001338,Queensbury Prime Enterprises Co,Rene Radovanovic,350148.69,2025-02-16,District 10
TXN-001339,Marlowe Commercial Contractors PLC,Antoine Dobrev,24112.56,2025-10-28,District 04
TXN-001340,Queensbury Civic Works Inc,Leona Zajac,33717.08,2025-01-27,District 01
TXN-001341,Holloway Midland Trading PLC,Rasmus Sebesta,25620.89,2024-04-17,District 02
TXN-001342,Blackwood Midland Works Inc,Yannick Weber,37554.37,2025-07-20,District 07
TXN-001343,Northgate Sovereign Partners Co,Hector Thomassen,14869.38,2024-12-27,District 08
TXN-001344,Queensbury Reliance Contractors LLC,Olivia Lukacs,132951.44,2025-09-04,District 07
TXN-001345,Norwood Prime Consulting PLC,Nadia Trandafir,376863.46,2025-11-25,District 09
TXN-001346,Everly Commercial Consulting Ltd,Hanna Bakker,35641.18,2024-09-23,District 07
TXN-001347,Wexford Commercial Engineering Inc,Viktor Salvati,324237.83,2024-03-08,District 08
TXN-001348,Stonebridge Harbor Engineering PLC,Aaron Oberlin,40763.59,2026-07-03,District 11
TXN-001349,Glenmore Reliance Developments PLC,Halvard Karlsen,20674.64,2026-02-11,District 04
TXN-001350,Norwood Coastal Group Co,Zara Beaumont,285318.42,2026-05-11,District 10
TXN-001351,Larkspur Crestline Logistics Ltd,Delphine Moreau,4838.58,2026-08-02,District 12
TXN-001352,Eastvale Commercial Ventures Inc,Petra Kaufmann,4307.78,2026-03-05,District 08
TXN-001353,Zephyr Metro Holdings Co,Tadeusz Rosqvist,4115.23,2024-04-20,District 03
TXN-001354,Vernon Midland Ventures Co,Gabriel Karlsen,526739.56,2026-04-22,District 05
TXN-001355,Belmont Reliance Consulting Ltd,Fabian Trandafir,434805.28,2024-03-26,District 08
TXN-001356,Dunmore Apex Ventures Ltd,Sabine Ferreira,97432.03,2024-06-30,District 03
TXN-001357,Trevor Atlas Services PLC,Nadia Gauthier,55770.02,2024-05-03,District 03
TXN-001358,Aldergate Titan Contractors Ltd,Dmitri Blanchard,341972.28,2026-05-01,District 12
TXN-001359,Kingsmere Summit Group Ltd,Ivo Bondarenko,17885.03,2025-04-30,District 07
TXN-001360,Northgate Industrial Holdings Ltd,Lars Laine,691924.48,2024-09-20,District 04
TXN-001361,Zephyr Reliance Trading Co,Stefan Kaufmann,447720.51,2025-05-20,District 07
TXN-001362,Fairmont Lakeside Services Co,Miranda Aaltonen,4008.08,2024-11-12,District 03
TXN-001363,Norwood Coastal Group LLC,Yelena Szabo,176341.76,2026-05-26,District 02
TXN-001364,Larkspur Reliance Consulting Co,Gabriel Persson,7168.39,2025-11-03,District 06
TXN-001365,Holloway Civil Developments Co,Miranda Garrido,7538.06,2024-08-22,District 05
TXN-001366,Queensbury Titan Enterprises PLC,Matteo Meier,512429.80,2024-12-10,District 03
TXN-001367,Clarence Crestline Infrastructure Co,Miroslav Gauthier,256107.73,2025-03-05,District 04
TXN-001368,Foxglove Summit Partners PLC,Olivia Castellan,9528.12,2024-05-12,District 05
TXN-001369,Langford Crestline Holdings Ltd,Pablo Yilmaz,41388.62,2025-05-24,District 03
TXN-001370,Radcliffe Civil Developments Inc,Leona Tarnowski,20103.81,2025-06-11,District 11
TXN-001371,Glenmore Crestline Services LLC,Petra Sauer,93945.25,2025-12-19,District 03
TXN-001372,Darlington Lakeside Ventures PLC,Quentin Saavedra,7764.71,2025-12-25,District 01
TXN-001373,Sandalwood Reliance Contractors Inc,Delphine Sebesta,91195.96,2024-09-24,District 11
TXN-001374,Marlowe Prime Holdings LLC,Elena Klassen,80260.82,2025-09-22,District 08
TXN-001375,Kirkwood Metro Ventures LLC,Samir Olszynski,5105.91,2025-03-14,District 10
TXN-001376,Glenmore Metro Ventures Co,Margaux Thiel,5235.27,2024-08-22,District 05
TXN-001377,Trevor Atlas Consulting Ltd,Florian Kaufmann,301321.18,2025-06-12,District 06
TXN-001378,Kingsmere Zenith Trading Ltd,Emeline Lambert,69219.22,2024-01-12,District 03
TXN-001379,Larkspur Apex Solutions PLC,Olaf Escobar,27168.44,2025-01-30,District 07
TXN-001380,Queensbury Prime Consulting Co,Viktor Roth,3852.18,2024-06-11,District 07
TXN-001381,Pemberton Harbor Ventures LLC,Enzo Mueller,336003.02,2025-09-29,District 01
TXN-001382,Stonebridge Midland Infrastructure Inc,Felix Reyes,17622.73,2025-06-25,District 01
TXN-001383,Pinewood Reliance Logistics Inc,Pavel Villanueva,151651.35,2025-09-21,District 03
TXN-001384,Aldergate Crestline Trading Ltd,Valentin Oberlin,5235.60,2024-04-19,District 12
TXN-001385,Aldergate Commercial Partners Co,Nadia Volkan,297274.22,2024-08-05,District 12
TXN-001386,Harlow Summit Trading Ltd,Yusuf Laine,894755.99,2024-10-03,District 02
TXN-001387,Holloway Zenith Developments LLC,Leona Vasquez,378664.64,2024-12-22,District 12
TXN-001388,Yorkfield Sovereign Group Ltd,Sanne Popescu,73858.35,2025-08-12,District 03
TXN-001389,Clarence Metro Trading Co,Beatriz Steffensen,234538.40,2025-06-10,District 08
TXN-001390,Harlow Prime Services Inc,Wilhelm Marino,20570.66,2025-11-24,District 12
TXN-001391,Redstone Metro Group PLC,Halvard Keller,6054.62,2026-04-02,District 02
TXN-001392,Brookfield Sovereign Trading PLC,Pablo Horvath,10199.77,2025-11-18,District 03
TXN-001393,Foxglove Summit Holdings Co,Camille Ferreira,59599.49,2026-02-21,District 06
TXN-001394,Clarence Commercial Consulting PLC,Vera Steffensen,377710.52,2024-12-12,District 02
TXN-001395,Orchard Commercial Infrastructure PLC,Miroslav Blanchard,16774.44,2026-02-23,District 01
TXN-001396,Ashford Summit Services Inc,Zoran Volkan,45153.84,2024-08-13,District 12
TXN-001397,Northgate Commercial Solutions Ltd,Elena Blanchard,200472.12,2026-08-31,District 12
TXN-001398,Amberley Midland Enterprises Ltd,Antoine Pichler,99600.87,2025-08-11,District 07
TXN-001399,Ashford Lakeside Logistics Inc,Cecelia Rosqvist,34567.10,2024-04-27,District 02
TXN-001400,Cavendish Atlas Ventures PLC,Dmitri Wallin,43859.87,2025-08-30,District 05
TXN-001401,Foxglove Pioneer Ventures LLC,Gabriel Jovanovic,397486.33,2025-05-02,District 06
TXN-001402,Devereux Reliance Works Co,Lena Laine,156644.24,2024-11-19,District 09
TXN-001403,Oakridge Prime Services LLC,Olaf Marchetti,2810.24,2024-11-18,District 08
TXN-001404,Queensbury Industrial Partners LLC,Quentin Garrido,699550.32,2025-10-25,District 11
TXN-001405,Darlington Harbor Services PLC,Dmitri Andersson,804837.78,2026-05-11,District 07
TXN-001406,Ullswater Titan Enterprises PLC,Rene Arnaud,26599.99,2024-11-11,District 12
TXN-001407,Vernon Civil Works LLC,Camille Andersson,96443.83,2025-01-17,District 07
TXN-001408,Queensbury Lakeside Contractors Co,Yannick Sebesta,938657.44,2026-05-09,District 05
TXN-001409,Clarence Titan Ventures LLC,Lena Arnaud,313235.59,2025-02-23,District 09
TXN-001410,Langford Titan Trading Ltd,Emeline Quaresma,81045.62,2024-09-02,District 02
TXN-001411,Clarence Coastal Developments LLC,Julien Vanek,11105.63,2024-11-20,District 01
TXN-001412,Kingsmere Civic Enterprises Ltd,Nikolai Popescu,8819.05,2024-05-05,District 08
TXN-001413,Zephyr Atlas Engineering Inc,Leona Vanek,84433.64,2025-12-11,District 12
TXN-001414,Jessup Apex Services LLC,Stefan Magnusson,55478.63,2025-05-06,District 10
TXN-001415,Harlow Titan Enterprises Inc,Silvia Petrov,12458.19,2024-05-28,District 07
TXN-001416,Holloway Atlas Holdings Co,Yelena Hoffmann,124408.87,2026-04-08,District 05
TXN-001417,Brookfield Metro Solutions LLC,Elias Dahlberg,4901.86,2025-03-04,District 05
TXN-001418,Sandalwood Apex Solutions Inc,Laurent Keller,92615.94,2026-01-02,District 05
TXN-001419,Aldergate Coastal Services PLC,Elena Gauthier,27902.47,2025-07-10,District 05
TXN-001420,Vernon Civic Services LLC,Florian Dobrev,14766.63,2024-08-15,District 09
TXN-001421,Wexford Sovereign Trading Inc,Yusuf Sebesta,124350.31,2026-05-17,District 09
TXN-001422,Kirkwood Atlas Engineering Co,Miranda Corvin,62090.63,2025-01-18,District 10
TXN-001423,Moorfield Atlas Logistics Ltd,Alena Eekhoff,92633.51,2026-01-24,District 12
TXN-001424,Kirkwood Commercial Ventures Inc,Ulrike Demirci,2553.14,2024-01-29,District 05
TXN-001425,Glenmore Midland Group Co,Antoine Richter,4368.57,2026-04-14,District 06
TXN-001426,Darlington Zenith Solutions PLC,Dmitri Kaminski,6839.77,2026-07-20,District 12
TXN-001427,Underhill Sovereign Group LLC,Miroslav Beaumont,5245.21,2026-04-21,District 05
TXN-001428,Moorfield Atlas Group Ltd,Laurent Castellan,436538.18,2026-08-03,District 12
TXN-001429,Langford Metro Enterprises PLC,Ulrike Bakker,653545.19,2025-06-21,District 07
TXN-001430,Fenwick Zenith Holdings Inc,Fiona Vogel,186152.94,2025-08-28,District 07
TXN-001431,Underhill Harbor Infrastructure LLC,Miroslav Yilmaz,24504.47,2024-02-02,District 06
TXN-001432,Ullswater Coastal Contractors Ltd,Florian Dahlberg,404545.90,2025-07-14,District 04
TXN-001433,Langford Civic Contractors PLC,Lucia Jankowski,253457.57,2025-01-30,District 11
TXN-001434,Holloway Pioneer Enterprises LLC,Nadia Vogel,265983.27,2025-12-16,District 02
TXN-001435,Inglewood Civic Works PLC,Wilhelm Braun,97382.43,2025-08-02,District 07
TXN-001436,Stonebridge Commercial Holdings Co,Hector Steffensen,2857.17,2024-04-05,District 05
TXN-001437,Everly Civic Contractors Ltd,Estelle Petrov,3382.05,2025-06-16,District 05
TXN-001438,Wexford Harbor Contractors Co,Nikolai Ferreira,8750.51,2024-04-23,District 06
TXN-001439,Redstone Crestline Ventures LLC,Aaron Horvath,17215.06,2024-04-25,District 04
TXN-001440,Underhill Sovereign Solutions Ltd,Ulrike Zielinski,8162.79,2025-11-26,District 11
TXN-001441,Kirkwood Lakeside Solutions LLC,Camille Chaudhry,113420.08,2026-04-14,District 11
TXN-001442,Kirkwood Industrial Developments Ltd,Rasmus Zajac,5559.06,2026-07-25,District 09
TXN-001443,Blackwood Civil Consulting Ltd,Silvia Pichler,772611.51,2025-01-29,District 03
TXN-001444,Trevor Industrial Trading PLC,Samir Skovgaard,57716.15,2026-07-14,District 04
TXN-001445,Sandalwood Reliance Group Inc,Ulrike Skovgaard,6272.23,2024-04-28,District 06
TXN-001446,Underhill Zenith Trading Ltd,Lena Popescu,52960.62,2025-12-10,District 04
TXN-001447,Inglewood Metro Developments PLC,Ivo Sandberg,6052.57,2025-05-21,District 10
TXN-001448,Yorkfield Civic Contractors PLC,Zoran Slavik,5592.24,2024-02-08,District 10
TXN-001449,Langford Civic Trading LLC,Petra Dupont,54773.53,2025-07-10,District 05
TXN-001450,Ashford Titan Logistics Ltd,Pavel Zanetti,11474.26,2025-02-16,District 01
TXN-001451,Dunmore Sovereign Trading Inc,Jelena Keller,95801.83,2024-05-09,District 07
TXN-001452,Pinewood Harbor Partners Co,Yelena Lindqvist,93857.70,2025-08-23,District 07
TXN-001453,Belmont Coastal Partners PLC,Dmitri Corvin,51166.71,2025-08-24,District 01
TXN-001454,Zephyr Civil Contractors Ltd,Stefan Dietrich,15669.28,2024-10-30,District 03
TXN-001455,Langford Coastal Engineering Inc,Farida Falkenstein,59828.79,2025-10-25,District 04
TXN-001456,Brookfield Atlas Works Co,Zoran Graziani,19233.87,2025-03-04,District 12
TXN-001457,Norwood Lakeside Partners Inc,Sanne Lorenz,275463.23,2024-02-22,District 03
TXN-001458,Elmhurst Crestline Trading Co,Sanne Magnusson,46246.68,2024-07-07,District 09
TXN-001459,Cavendish Midland Services LLC,Dalia Sebesta,179078.51,2025-12-23,District 05
TXN-001460,Inglewood Industrial Enterprises PLC,Farida Haugen,16542.74,2026-02-01,District 10
TXN-001461,Yorkfield Zenith Logistics LLC,Viktor Ursu,8822.79,2025-02-06,District 12
TXN-001462,Brookfield Atlas Engineering Co,Ilse Dietrich,584161.98,2024-06-09,District 08
TXN-001463,Glenmore Crestline Contractors Co,Vera Ursu,4106.52,2024-12-26,District 11
TXN-001464,Foxglove Highland Group Co,Silvia Persson,260822.19,2025-02-12,District 12
TXN-001465,Thornbury Highland Services PLC,Conrad Pedersen,10502.65,2024-12-04,District 03
TXN-001466,Fenwick Harbor Logistics Inc,Branislav Yilmaz,4373.36,2025-01-30,District 05
TXN-001467,Oakridge Titan Engineering LLC,Janek Klassen,69814.56,2025-05-21,District 01
TXN-001468,Queensbury Highland Developments Inc,Ilse Stark,42693.78,2025-06-14,District 05
TXN-001469,Ullswater Coastal Engineering Co,Zara Hartmann,133325.12,2025-12-01,District 05
TXN-001470,Kingsmere Prime Ventures Inc,Julien Dupont,62388.98,2024-01-28,District 06
TXN-001471,Queensbury Titan Works LLC,Aaron Radovanovic,4951.96,2025-02-02,District 08
TXN-001472,Yorkfield Prime Group Ltd,Pablo Lambert,6341.14,2025-06-14,District 06
TXN-001473,Underhill Commercial Developments LLC,Boris Halvorsen,4763.55,2026-02-01,District 09
TXN-001474,Blackwood Summit Group Co,Thibault Wagner,214189.75,2026-01-15,District 07
TXN-001475,Inglewood Civic Enterprises Ltd,Hanna Silvestri,7944.47,2026-06-29,District 11
TXN-001476,Holloway Titan Developments LLC,Magda Christensen,51634.53,2026-05-15,District 07
TXN-001477,Kirkwood Civic Holdings LLC,Wilhelm Radovanovic,10105.85,2025-12-02,District 04
TXN-001478,Amberley Summit Holdings LLC,Zoran Weiss,14680.31,2025-05-09,District 05
TXN-001479,Inglewood Harbor Partners LLC,Noor Sandberg,36361.84,2024-01-25,District 09
TXN-001480,Brookfield Coastal Engineering Co,Yannick Sauer,188903.91,2026-01-22,District 11
TXN-001481,Grantham Commercial Consulting PLC,Sanne Kirkpatrick,17819.89,2024-02-15,District 10
TXN-001482,Harlow Titan Group Inc,Ivo Eekhoff,8035.38,2025-11-25,District 01
TXN-001483,Redstone Pioneer Services Ltd,Greta Reyes,93554.18,2025-08-16,District 07
TXN-001484,Eastvale Metro Infrastructure PLC,Halvard Radovanovic,586358.64,2024-02-22,District 08
TXN-001485,Brookfield Crestline Partners LLC,Rurik Jankowski,458209.92,2026-04-11,District 12
TXN-001486,Moorfield Harbor Trading Ltd,Hugo Stark,4219.44,2025-12-26,District 06
TXN-001487,Orchard Titan Engineering Inc,Valentin Volkan,5994.72,2026-04-11,District 08
TXN-001488,Westbrook Zenith Enterprises Co,Ivo Zanetti,3174.95,2025-12-20,District 10
TXN-001489,Aldergate Summit Trading Ltd,Pablo Laine,4201.21,2026-07-31,District 09
TXN-001490,Ashford Highland Solutions LLC,Zoran Tolvanen,301018.90,2025-02-11,District 09
TXN-001491,Ashford Metro Developments Ltd,Cecelia Wendel,61370.61,2025-11-20,District 10
TXN-001492,Blackwood Coastal Enterprises LLC,Damien Brogaard,7558.21,2024-10-25,District 01
TXN-001493,Wexford Civil Group LLC,Dmitri Dagher,450643.18,2025-08-01,District 08
TXN-001494,Glenmore Civic Contractors Inc,Olaf Rasmussen,5576.91,2025-07-16,District 05
TXN-001495,Marlowe Commercial Developments Ltd,Conrad Weiss,3050.02,2024-05-06,District 03
TXN-001496,Kirkwood Metro Services Co,Helena Beaumont,61004.47,2024-11-28,District 11
TXN-001497,Kingsmere Sovereign Enterprises Co,Nikolai Dietrich,8199.90,2025-09-23,District 12
TXN-001498,Queensbury Prime Group PLC,Ivo Andersson,575583.69,2024-12-24,District 11
TXN-001499,Fenwick Zenith Developments Inc,Wilhelm Lorenz,3671.83,2024-09-22,District 12
TXN-001500,Everly Metro Partners Inc,Tatiana Kirkpatrick,9740.51,2025-04-07,District 10
TXN-001501,Fairmont Lakeside Trading Ltd,Adrian Ferreira,33900.42,2026-07-31,District 11
TXN-001502,Kingsmere Civil Consulting Ltd,Sanne Radovanovic,195438.80,2024-03-07,District 05
TXN-001503,Fairmont Zenith Works Inc,Lena Garrido,35956.45,2025-07-18,District 01
TXN-001504,Northgate Civic Engineering PLC,Katarina Kaufmann,174657.86,2025-08-22,District 05
TXN-001505,Underhill Highland Solutions Co,Enzo Hoffmann,2857.47,2025-02-01,District 01
TXN-001506,Redstone Civil Developments LLC,Viktor Vanek,5808.63,2025-07-01,District 12
TXN-001507,Devereux Summit Holdings LLC,Vera Sandberg,38753.83,2024-08-22,District 12
TXN-001508,Ashford Reliance Engineering LLC,Samir Scheffer,2865.06,2026-08-09,District 02
TXN-001509,Westbrook Apex Partners LLC,Zoran Thomassen,68924.15,2024-05-01,District 04
TXN-001510,Harlow Atlas Infrastructure Inc,Paolina Lorenz,80908.87,2026-05-18,District 07
TXN-001511,Clarence Reliance Engineering LLC,Silvia Chaudhry,351121.11,2024-10-07,District 11
TXN-001512,Radcliffe Lakeside Developments PLC,Hanna Lorenz,61085.09,2024-09-23,District 04
TXN-001513,Redstone Commercial Logistics LLC,Julien Roth,280448.86,2025-02-19,District 05
TXN-001514,Moorfield Crestline Works Ltd,Yelena Wallin,95081.51,2025-12-02,District 03
TXN-001515,Dunmore Atlas Developments LLC,Quentin Dahlberg,5028.41,2024-02-16,District 10
TXN-001516,Amberley Commercial Contractors PLC,Tatiana Weiss,569993.10,2025-02-22,District 06
TXN-001517,Clarence Harbor Ventures Co,Dmitri Vasquez,344044.22,2024-02-15,District 10
TXN-001518,Eastvale Titan Infrastructure LLC,Hanna Marino,11953.02,2024-07-03,District 01
TXN-001519,Pemberton Apex Contractors PLC,Petra Fischer,19585.23,2024-04-28,District 03
TXN-001520,Harlow Commercial Trading LLC,Klaus Capel,184910.77,2024-05-28,District 03
TXN-001521,Wexford Midland Developments Inc,Margaux Castellan,2804.02,2025-09-20,District 08
TXN-001522,Kingsmere Commercial Partners Inc,Petra Ignatiev,11104.22,2025-03-17,District 09
TXN-001523,Larkspur Pioneer Trading Inc,Felix Brogaard,390152.43,2024-04-13,District 05
TXN-001524,Dunmore Commercial Group Inc,Elena Kovacs,31008.09,2026-04-29,District 03
TXN-001525,Dunmore Crestline Consulting Inc,Casper Dietrich,40128.78,2026-03-05,District 04
TXN-001526,Norwood Harbor Ventures Inc,Sanne Rosqvist,4697.59,2025-08-15,District 11
TXN-001527,Holloway Metro Engineering PLC,Rene Zanetti,81918.50,2026-08-11,District 02
TXN-001528,Thornbury Commercial Developments Co,Fiona Sandberg,67890.26,2024-03-13,District 03
TXN-001529,Vernon Pioneer Works PLC,Xenia Jovanovic,24805.77,2024-01-22,District 01
TXN-001530,Clarence Industrial Group Inc,Dorian Szabo,130168.59,2025-05-26,District 03
TXN-001531,Aldergate Lakeside Infrastructure Ltd,Vera Brogaard,45698.51,2025-12-03,District 10
TXN-001532,Norwood Sovereign Infrastructure Ltd,Lucian Beaumont,241855.54,2024-05-24,District 01
TXN-001533,Pemberton Civil Contractors Co,Rosalind Graziani,9925.41,2024-04-26,District 09
TXN-001534,Inglewood Civil Engineering Co,Boris Jankowski,7623.60,2025-10-28,District 08
TXN-001535,Elmhurst Prime Trading LLC,Guillaume Slavik,72788.29,2026-04-20,District 08
TXN-001536,Holloway Lakeside Group LLC,Sabine Dahlberg,208032.03,2025-10-20,District 12
TXN-001537,Langford Prime Trading LLC,Zara Vanek,220534.30,2025-02-26,District 04
TXN-001538,Larkspur Sovereign Group Co,Florian Klassen,10237.79,2025-04-06,District 01
TXN-001539,Jessup Zenith Group Ltd,Erin Rosqvist,10317.90,2025-08-07,District 10
TXN-001540,Zephyr Lakeside Engineering Co,Quentin Trandafir,121908.28,2024-08-26,District 01
TXN-001541,Orchard Civil Consulting Ltd,Erin Vanek,271102.69,2026-02-02,District 02
TXN-001542,Northgate Harbor Infrastructure PLC,Valentin Wagner,456549.74,2026-06-21,District 01
TXN-001543,Holloway Harbor Partners Inc,Pablo Tolvanen,23020.21,2024-11-03,District 06
TXN-001544,Marlowe Prime Consulting Co,Jonas Ionescu,4951.16,2024-08-03,District 02
TXN-001545,Radcliffe Commercial Contractors Inc,Casper Bakker,10676.11,2025-11-13,District 11
TXN-001546,Clarence Titan Services LLC,Felix Marchetti,41718.10,2025-12-24,District 04
TXN-001547,Blackwood Zenith Holdings Ltd,Anika Gauthier,50327.21,2024-10-27,District 02
TXN-001548,Fairmont Titan Consulting Ltd,Jonas Wagner,4444.84,2024-12-14,District 01
TXN-001549,Pemberton Highland Services Ltd,Zoran Marchetti,18247.29,2026-06-19,District 10
TXN-001550,Inglewood Zenith Holdings Ltd,Dmitri Wojcik,62390.38,2025-10-18,District 05
TXN-001551,Kirkwood Harbor Infrastructure LLC,Lars Mikkelsen,667236.91,2026-04-08,District 10
TXN-001552,Harlow Pioneer Ventures Ltd,Boris Bauer,129892.02,2024-07-28,District 01
TXN-001553,Everly Coastal Infrastructure Ltd,Antoine Schneider,40440.95,2024-09-24,District 01
TXN-001554,Amberley Industrial Developments LLC,Jonas Rosqvist,108181.22,2025-07-05,District 06
TXN-001555,Zephyr Sovereign Partners Ltd,Vera Wallin,93541.27,2025-11-19,District 11
TXN-001556,Darlington Apex Works Ltd,Florian Mueller,3529.46,2026-05-09,District 06
TXN-001557,Marlowe Civil Solutions Co,Gabriel Graziani,2969.53,2025-11-18,District 03
TXN-001558,Brookfield Civil Partners LLC,Nadia Chaudhry,277674.66,2024-11-23,District 05
TXN-001559,Amberley Apex Works Ltd,Jacqueline Petrov,32002.00,2026-02-10,District 12
TXN-001560,Fenwick Harbor Partners Inc,Dorian Hoffmann,39494.29,2025-04-13,District 07
TXN-001561,Glenmore Commercial Contractors LLC,Elias Steffensen,547341.92,2024-12-17,District 07
TXN-001562,Yorkfield Lakeside Logistics Inc,Antoine Halvorsen,61072.62,2024-01-09,District 01
TXN-001563,Grantham Industrial Developments Co,Dalia Jovanovic,4920.48,2024-05-20,District 03
TXN-001564,Redstone Metro Works LLC,Halvard Olszynski,643031.23,2025-07-12,District 12
TXN-001565,Kingsmere Midland Consulting LLC,Leona Blanchard,168266.74,2025-02-03,District 02
TXN-001566,Vernon Civic Partners Inc,Helena Lambert,88030.74,2024-04-29,District 10
TXN-001567,Kirkwood Prime Engineering Ltd,Xenia Quaresma,4224.51,2025-03-05,District 09
TXN-001568,Pinewood Sovereign Developments LLC,Lars Nordin,19344.64,2026-01-26,District 10
TXN-001569,Aldergate Sovereign Developments Co,Alena Lindqvist,3017.74,2025-09-15,District 02
TXN-001570,Fenwick Pioneer Logistics Ltd,Enzo Tarnowski,8922.28,2024-12-22,District 05
TXN-001571,Trevor Titan Engineering Inc,Jacqueline Mueller,57433.13,2025-09-02,District 07
TXN-001572,Radcliffe Highland Partners Co,Fiona Silvestri,207160.07,2026-04-02,District 11
TXN-001573,Orchard Metro Enterprises Ltd,Nikolai Persson,109825.29,2025-05-08,District 03
TXN-001574,Yorkfield Sovereign Group Co,Tadeusz Halvorsen,69548.93,2026-01-23,District 04
TXN-001575,Devereux Pioneer Enterprises LLC,Nikolai Olszynski,463682.89,2024-05-13,District 02
TXN-001576,Harlow Midland Enterprises PLC,Lucian Magnusson,4431.92,2024-06-02,District 07
TXN-001577,Moorfield Commercial Works LLC,Regina Sauer,103236.52,2026-05-11,District 03
TXN-001578,Tongi Builders Ltd,Rafiqul Hasan,348095.76,2025-05-12,District 05
TXN-001579,Langford Lakeside Trading Ltd,Antoine Pedersen,81006.63,2026-07-11,District 02
TXN-001580,Underhill Zenith Holdings LLC,Ulrike Persson,107387.18,2025-05-13,District 02
TXN-001581,Zephyr Reliance Developments PLC,Delphine Fontaine,4821.23,2024-12-11,District 04
TXN-001582,Belmont Crestline Trading LLC,Damien Trandafir,166705.40,2026-05-03,District 09
TXN-001583,Glenmore Summit Contractors PLC,Pavel Zielinski,3851.34,2024-04-19,District 10
TXN-001584,Fenwick Civil Ventures LLC,Rosalind Karlsen,39772.01,2025-12-26,District 03
TXN-001585,Redstone Titan Partners PLC,Wilhelm Novak,2574.26,2025-09-20,District 01
TXN-001586,Eastvale Prime Developments Inc,Noor Molinari,10210.03,2024-04-17,District 01
TXN-001587,Trevor Civil Services Co,Katarina Villanueva,54746.38,2025-04-20,District 05
TXN-001588,Grantham Atlas Engineering Inc,Klaus Jovanovic,796176.32,2025-03-19,District 05
TXN-001589,Pinewood Civic Logistics Ltd,Felix Scheffer,168367.05,2025-10-20,District 11
TXN-001590,Sandalwood Prime Solutions Inc,Boris Bondarenko,105882.58,2025-07-14,District 09
TXN-001591,Fairmont Commercial Logistics Inc,Halvard Wagner,84096.02,2025-02-27,District 01
TXN-001592,Jessup Civic Engineering Co,Lena Beaumont,10254.30,2024-01-23,District 04
TXN-001593,Amberley Atlas Holdings Co,Damien Teodorescu,23444.65,2024-11-26,District 03
TXN-001594,Jessup Coastal Group PLC,Ulrike Eekhoff,17848.83,2026-01-24,District 04
TXN-001595,Pinewood Summit Group Co,Nikolai Moreau,32930.32,2025-09-27,District 03
TXN-001596,Inglewood Apex Logistics Co,Delphine Silvestri,325682.17,2024-08-31,District 05
TXN-001597,Sandalwood Metro Trading Co,Julien Villanueva,18160.08,2025-09-19,District 06
TXN-001598,Ashford Prime Solutions Co,Quentin Hartmann,35846.41,2026-02-24,District 03
TXN-001599,Copperfield Industrial Partners PLC,Petra Castellan,12428.09,2025-04-22,District 10
TXN-001600,Larkspur Midland Developments Ltd,Dorian Magnusson,76667.96,2025-07-27,District 05
TXN-001601,Sandalwood Highland Partners LLC,Rasmus Vanek,937944.36,2026-04-08,District 11
TXN-001602,Eastvale Highland Contractors Inc,Miranda Klassen,17046.22,2024-04-26,District 02
TXN-001603,Underhill Atlas Services Ltd,Dorian Mikkelsen,340486.81,2024-02-16,District 01
TXN-001604,Vanguard Steel Works Inc,Marek Duvall,15138.27,2025-06-17,District 02
TXN-001605,Elmhurst Atlas Group PLC,Wilhelm Petrov,856119.30,2024-02-13,District 03
TXN-001606,Trevor Midland Developments PLC,Adrian Arnaud,4517.04,2025-07-08,District 09
TXN-001607,Vernon Atlas Developments Inc,Jonas Braun,33080.09,2024-07-12,District 09
TXN-001608,Inglewood Prime Works PLC,Dorian Kaminski,276332.47,2026-06-07,District 07
TXN-001609,Inglewood Zenith Developments Ltd,Olivia Mikkelsen,170342.25,2024-01-22,District 12
TXN-001610,Fenwick Sovereign Infrastructure Co,Lucian Mikkelsen,33894.57,2025-07-04,District 05
TXN-001611,Orchard Midland Group Ltd,Wilhelm Pichler,926049.93,2025-05-16,District 01
TXN-001612,Marlowe Harbor Infrastructure LLC,Florian Schneider,377849.65,2025-03-03,District 01
TXN-001613,Wexford Summit Infrastructure PLC,Samir Nordin,19417.33,2025-09-17,District 08
TXN-001614,Radcliffe Commercial Trading PLC,Noor Skovgaard,42451.24,2026-04-03,District 02
TXN-001615,Ashford Crestline Logistics Co,Camille Dietrich,340999.03,2025-01-16,District 03
TXN-001616,Copperfield Midland Ventures PLC,Vera Stark,104403.24,2026-09-05,District 10
TXN-001617,Darlington Civic Partners Inc,Janek Teodorescu,934128.32,2025-01-29,District 07
TXN-001618,Kirkwood Highland Enterprises LLC,Zara Ferreira,556250.52,2026-06-26,District 09
TXN-001619,Belmont Apex Enterprises Co,Jonas Wojcik,132196.59,2024-06-20,District 01
TXN-001620,Jessup Coastal Group Inc,Lucia Falkenstein,8227.72,2024-03-22,District 04
TXN-001621,Sandalwood Crestline Consulting LLC,Regina Iversen,7269.65,2024-02-02,District 10
TXN-001622,Darlington Midland Enterprises Co,Paolina Pedersen,512965.16,2025-01-10,District 09
TXN-001623,Everly Industrial Infrastructure Co,Amos Klassen,5062.75,2024-02-01,District 04
TXN-001624,Moorfield Civil Enterprises LLC,Samir Popescu,3810.29,2024-05-14,District 02
TXN-001625,Glenmore Commercial Services LLC,Dmitri Marino,5676.91,2026-03-27,District 04
TXN-001626,Orchard Pioneer Group Ltd,Fiona Iversen,62220.99,2024-12-25,District 11
TXN-001627,Darlington Harbor Trading PLC,Branislav Fontaine,14305.61,2025-11-04,District 06
TXN-001628,Langford Titan Works PLC,Guillaume Dobrev,328440.89,2026-03-07,District 06
TXN-001629,Oakridge Apex Trading PLC,Jelena Wendel,129601.70,2026-01-24,District 04
TXN-001630,Westbrook Sovereign Engineering LLC,Rene Schneider,94825.84,2025-08-01,District 07
TXN-001631,Kirkwood Crestline Trading PLC,Lars Marino,79777.06,2025-08-16,District 03
TXN-001632,Zephyr Sovereign Group Ltd,Katarina Pedersen,785932.52,2026-04-30,District 05
TXN-001633,Northgate Civic Works Ltd,Yusuf Lorenz,92176.80,2025-12-05,District 03
TXN-001634,Dunmore Harbor Consulting Inc,Laura Hartmann,24427.41,2025-08-12,District 06
TXN-001635,Glenmore Titan Contractors Ltd,Jonas Ignatiev,29222.30,2024-10-29,District 12
TXN-001636,Pemberton Crestline Ventures Ltd,Yannick Wallin,170581.65,2025-12-06,District 05
TXN-001637,Pinewood Crestline Group PLC,Estelle Dagher,426151.91,2024-08-29,District 11
TXN-001638,Orchard Atlas Engineering Inc,Fiona Vasquez,102515.77,2024-12-24,District 10
TXN-001639,Trevor Zenith Works Inc,Alena Dagher,3595.06,2025-04-03,District 01
TXN-001640,Grantham Apex Contractors LLC,Paolina Thomassen,160013.30,2024-06-09,District 03
TXN-001641,Moorfield Metro Holdings LLC,Petra Dobrev,3805.07,2024-07-23,District 02
TXN-001642,Fairmont Coastal Group Ltd,Yelena Ursu,23177.90,2025-11-11,District 04
TXN-001643,Cavendish Apex Services Co,Zoran Persson,165982.73,2024-10-19,District 06
TXN-001644,Pinewood Commercial Group Co,Rurik Blanchard,78400.99,2024-06-15,District 07
TXN-001645,Amberley Zenith Services PLC,Dalia Gauthier,12418.23,2024-07-25,District 02
TXN-001646,Pemberton Crestline Trading Inc,Gabriel Sandberg,532841.00,2026-02-14,District 07
TXN-001647,Devereux Summit Enterprises Ltd,Zara Caruso,41364.65,2024-07-13,District 03
TXN-001648,Marlowe Sovereign Holdings PLC,Elena Braun,7357.37,2026-06-28,District 01
TXN-001649,Underhill Sovereign Services Inc,Halvard Mueller,490771.96,2026-01-19,District 07
TXN-001650,Inglewood Lakeside Trading Co,Erin Haugen,178160.67,2026-01-26,District 08
TXN-001651,Blue Crest Marine Serv.,Ingrid Sollas,486278.86,2025-02-24,District 09
TXN-001652,Ullswater Atlas Consulting LLC,Lena Dobrev,69902.87,2024-01-31,District 08
TXN-001653,Grantham Lakeside Services Ltd,Elena Zanetti,135837.16,2024-01-12,District 07
TXN-001654,Queensbury Metro Group Inc,Sanne Pichler,127489.86,2024-05-11,District 09
TXN-001655,Holloway Titan Consulting Co,Margaux Lindqvist,645593.45,2024-10-27,District 03
TXN-001656,Devereux Coastal Contractors PLC,Camille Clemencic,124380.30,2026-04-23,District 05
TXN-001657,Zephyr Summit Trading Co,Enzo Bakker,92746.73,2026-07-04,District 10
TXN-001658,Zephyr Civic Infrastructure Ltd,Guillaume Fontaine,622220.03,2026-08-24,District 01
TXN-001659,Larkspur Midland Solutions Ltd,Erin Graziani,5256.60,2026-04-01,District 03
TXN-001660,Yorkfield Coastal Partners Inc,Wilhelm Tarnowski,3901.50,2025-10-10,District 02
TXN-001661,Queensbury Highland Ventures Co,Laurent Escobar,5688.39,2025-04-20,District 05
TXN-001662,Moorfield Pioneer Consulting Ltd,Jelena Rasmussen,267506.29,2025-06-23,District 11
TXN-001663,Fairmont Metro Enterprises Ltd,Regina Johannsen,11587.45,2024-11-19,District 10
TXN-001664,Yorkfield Harbor Engineering Co,Oskar Rasmussen,25136.88,2024-01-10,District 12
TXN-001665,Thornbury Coastal Services Ltd,Nikolai Scheffer,12279.63,2024-06-13,District 04
TXN-001666,Thornbury Pioneer Engineering PLC,Boris Scheffer,96221.00,2025-12-24,District 03
TXN-001667,Underhill Civic Engineering Co,Tadeusz Richter,5095.28,2025-07-25,District 01
TXN-001668,Norwood Civic Consulting PLC,Laurent Bergstrom,3853.74,2025-12-08,District 05
TXN-001669,Foxglove Apex Trading PLC,Laurent Wojcik,5708.17,2024-04-22,District 09
TXN-001670,Vernon Prime Trading Co,Elena Skovgaard,2830.41,2026-06-24,District 02
TXN-001671,Copperfield Harbor Group Ltd,Janek Wallin,406447.56,2025-01-08,District 06
TXN-001672,Holloway Civic Developments LLC,Estelle Nyberg,229035.03,2025-04-03,District 05
TXN-001673,Orchard Civic Services Inc,Miroslav Oberlin,4055.08,2024-08-05,District 03
TXN-001674,Oakridge Pioneer Enterprises PLC,Fabian Iversen,391490.91,2025-07-19,District 05
TXN-001675,Belmont Industrial Services LLC,Nikolai Lorenz,49728.81,2026-07-10,District 01
TXN-001676,Zephyr Atlas Works LLC,Zara Roth,595173.54,2024-03-04,District 12
TXN-001677,Norwood Civil Enterprises Co,Wilhelm Demirci,20217.68,2025-12-28,District 07
TXN-001678,Vernon Metro Trading Inc,Elias Castellan,5986.96,2025-10-29,District 05
TXN-001679,Kingsmere Industrial Engineering Co,Dalia Fischer,118130.04,2025-06-02,District 07
TXN-001680,Radcliffe Atlas Developments Ltd,Casper Gauthier,850371.18,2026-03-10,District 02
TXN-001681,Fenwick Coastal Engineering PLC,Gabriel Wallin,78679.25,2025-05-20,District 11
TXN-001682,Fenwick Pioneer Holdings LLC,Florian Zanetti,11639.99,2026-01-11,District 06
TXN-001683,Eastvale Coastal Services Co,Nadia Beaumont,26229.48,2025-09-01,District 10
TXN-001684,Devereux Industrial Group LLC,Fiona Radovanovic,192885.38,2025-04-06,District 09
TXN-001685,Oakridge Midland Enterprises Inc,Amos Halvorsen,143542.85,2026-02-24,District 07
TXN-001686,Orchard Metro Services Ltd,Greta Delacroix,72691.90,2025-08-23,District 07
TXN-001687,Kingsmere Civic Solutions Inc,Thibault Mikkelsen,18958.89,2024-10-02,District 04
TXN-001688,Fenwick Reliance Services PLC,Zara Mueller,31317.92,2025-07-15,District 06
TXN-001689,Clarence Atlas Trading LLC,Jelena Reyes,302354.09,2024-11-24,District 02
TXN-001690,Dunmore Apex Solutions Ltd,Severin Jovanovic,247102.44,2025-12-09,District 02
TXN-001691,Jessup Pioneer Ventures Ltd,Hanna Pichler,33730.92,2025-01-06,District 03
TXN-001692,Vernon Titan Ventures PLC,Samir Aaltonen,5481.32,2024-07-17,District 11
TXN-001693,Larkspur Harbor Ventures PLC,Alena Aaltonen,37551.27,2025-02-01,District 11
TXN-001694,Jessup Civic Group Inc,Regina Mueller,43032.90,2024-07-13,District 12
TXN-001695,Aldergate Midland Solutions Inc,Camille Saavedra,3574.87,2026-06-15,District 03
TXN-001696,Harlow Apex Group LLC,Tadeusz Kaufmann,263130.47,2025-04-09,District 05
TXN-001697,Northgate Atlas Engineering LLC,Conrad Wendel,7920.09,2024-11-29,District 04
TXN-001698,Dunmore Prime Infrastructure LLC,Fiona Kovacs,270827.50,2024-01-30,District 03
TXN-001699,Northgate Civic Solutions Ltd,Tadeusz Jovanovic,117116.67,2026-08-31,District 03
TXN-001700,Belmont Midland Engineering Inc,Elias Molinari,235869.11,2026-06-10,District 11
TXN-001701,Brookfield Midland Infrastructure PLC,Damien Meier,88227.96,2024-12-16,District 06
TXN-001702,Brookfield Harbor Infrastructure LLC,Lena Johannsen,6720.57,2025-06-10,District 05
TXN-001703,Thornbury Sovereign Partners Inc,Tatiana Garrido,9657.42,2026-08-11,District 11
TXN-001704,Sandalwood Sovereign Contractors Co,Rurik Falkenstein,288575.11,2024-10-26,District 09
TXN-001705,Clarence Commercial Works Inc,Farida Silvestri,95555.22,2025-08-21,District 07
TXN-001706,Everly Sovereign Ventures LLC,Silvia Christensen,149343.02,2024-06-27,District 01
TXN-001707,Amberley Atlas Solutions Co,Fiona Meier,38409.99,2026-08-14,District 08
TXN-001708,Ashford Midland Infrastructure Ltd,Florian Steffensen,28220.37,2026-03-03,District 01
TXN-001709,Glenmore Civil Contractors PLC,Julien Quaresma,2873.18,2025-09-19,District 07
TXN-001710,Fairmont Harbor Ventures Ltd,Karina Slavik,453613.25,2026-02-26,District 12
TXN-001711,Yorkfield Civic Contractors Ltd,Damien Yilmaz,12998.26,2025-02-12,District 04
TXN-001712,Brookfield Civic Developments Co,Hanna Engstrom,216505.04,2025-08-18,District 08
TXN-001713,Kirkwood Highland Logistics LLC,Hugo Ionescu,930618.90,2024-11-01,District 03
TXN-001714,Elmhurst Zenith Ventures LLC,Lucian Wendel,103912.70,2026-07-16,District 02
TXN-001715,Dunmore Commercial Partners PLC,Beatriz Silvestri,170572.11,2025-03-23,District 07
TXN-001716,Jessup Harbor Group Co,Elena Stark,27719.70,2025-03-08,District 01
TXN-001717,Amberley Highland Group Inc,Yannick Rosqvist,738351.40,2025-12-04,District 04
TXN-001718,Marlowe Lakeside Logistics Co,Nikolai Clemencic,6584.53,2024-04-26,District 04
TXN-001719,Aldergate Prime Group PLC,Yusuf Dobrev,68213.90,2024-09-07,District 11
TXN-001720,Devereux Industrial Group Co,Rafaella Escobar,313214.63,2026-07-13,District 10
TXN-001721,Radcliffe Crestline Holdings Ltd,Severin Tolvanen,99880.83,2024-04-11,District 02
TXN-001722,Larkspur Titan Logistics PLC,Guillaume Mikkelsen,10403.22,2024-08-05,District 07
TXN-001723,Fairmont Reliance Trading Ltd,Camille Caruso,530470.28,2024-03-04,District 08
TXN-001724,Underhill Summit Developments Co,Sabine Karlsen,11369.55,2026-01-13,District 09
TXN-001725,Elmhurst Lakeside Infrastructure PLC,Aaron Dupont,5321.76,2026-01-27,District 04
TXN-001726,Aldergate Highland Services PLC,Oskar Nyberg,22801.38,2025-09-26,District 10
TXN-001727,Amberley Coastal Trading PLC,Boris Thiel,208040.93,2026-06-15,District 02
TXN-001728,Larkspur Apex Infrastructure Co,Conrad Silvestri,3078.81,2025-05-24,District 02
TXN-001729,Ashford Highland Developments Inc,Adrian Popescu,20090.09,2024-01-22,District 11
TXN-001730,Kingsmere Prime Services PLC,Beatriz Reyes,4191.99,2024-04-17,District 07
TXN-001731,Zephyr Apex Developments Co,Adrian Volkan,11142.20,2026-08-18,District 06
TXN-001732,Everly Titan Developments Co,Vera Clemencic,2861.82,2024-02-25,District 05
TXN-001733,Jessup Commercial Partners Ltd,Severin Graziani,130185.16,2025-07-01,District 09
TXN-001734,Westbrook Midland Trading Inc,Samir Rosqvist,28524.69,2025-08-26,District 08
TXN-001735,Kingsmere Metro Partners Co,Hugo Volkan,101955.41,2026-07-27,District 04
TXN-001736,Sandalwood Summit Services LLC,Casper Klassen,5431.36,2026-06-07,District 03
TXN-001737,Westbrook Summit Consulting Inc,Beatriz Fontaine,53755.66,2026-01-07,District 02
TXN-001738,Trevor Apex Holdings LLC,Pablo Corvin,60971.41,2026-05-24,District 05
TXN-001739,Copperfield Sovereign Partners Inc,Rosalind Szabo,16943.78,2024-12-29,District 09
TXN-001740,Elmhurst Prime Infrastructure PLC,Regina Marchetti,10644.38,2026-08-27,District 02
TXN-001741,Westbrook Apex Ventures Co,Hector Dagher,48627.64,2025-12-05,District 12
TXN-001742,Marlowe Commercial Services Ltd,Branislav Wallin,5584.23,2024-02-19,District 03
TXN-001743,Sandalwood Civil Trading Ltd,Hector Caruso,93037.92,2025-08-18,District 07
TXN-001744,Devereux Coastal Solutions LLC,Rasmus Falkenstein,59994.24,2025-09-19,District 10
TXN-001745,Eastvale Lakeside Partners Co,Matteo Lukacs,265937.06,2024-07-23,District 09
TXN-001746,Darlington Midland Trading Ltd,Wilhelm Dobrev,4291.04,2025-10-07,District 08
TXN-001747,Oakridge Titan Enterprises Inc,Lars Vanek,342270.25,2025-12-02,District 10
TXN-001748,Sandalwood Harbor Consulting Ltd,Dalia Lindqvist,80973.68,2026-01-20,District 02
TXN-001749,Vernon Civic Trading Inc,Thibault Vanek,114891.75,2024-07-08,District 01
TXN-001750,Thornbury Titan Engineering PLC,Elena Ferreira,14538.18,2024-08-27,District 09
TXN-001751,Zephyr Sovereign Logistics PLC,Adrian Moreau,682684.29,2026-05-25,District 01
TXN-001752,Devereux Commercial Solutions Inc,Emeline Kovacs,5518.49,2026-04-08,District 11
TXN-001753,Cavendish Highland Works Co,Wilhelm Steffensen,123500.54,2024-05-08,District 02
TXN-001754,Orchard Highland Enterprises PLC,Laura Ursu,85869.33,2026-02-22,District 10
TXN-001755,Westbrook Civic Works Co,Helena Dupont,50590.81,2024-04-12,District 06
TXN-001756,Harlow Apex Trading LLC,Camille Mikkelsen,239495.17,2026-04-25,District 03
TXN-001757,Pemberton Midland Developments Co,Petra Arnaud,113261.41,2025-04-09,District 04
TXN-001758,Amberley Apex Enterprises LLC,Rurik Thiel,136290.26,2024-11-30,District 01
TXN-001759,Darlington Harbor Infrastructure LLC,Zara Fontaine,20191.66,2024-10-10,District 09
TXN-001760,Jessup Highland Enterprises Ltd,Kaspar Pelletier,67635.67,2025-05-28,District 06
TXN-001761,Blackwood Harbor Trading PLC,Dalia Salvati,928824.35,2025-07-22,District 07
TXN-001762,Eastvale Civic Holdings Ltd,Estelle Yilmaz,9793.89,2024-06-26,District 03
TXN-001763,Oakridge Coastal Consulting Inc,Ilse Nyberg,17107.50,2026-07-21,District 07
TXN-001764,Sandalwood Midland Partners Ltd,Ilse Dagher,6057.04,2025-04-09,District 12
TXN-001765,Pinewood Coastal Trading Co,Casper Aaltonen,3640.25,2025-01-04,District 10
TXN-001766,Westbrook Commercial Infrastructure Co,Nikolai Wendel,109153.89,2025-06-22,District 07
TXN-001767,Vernon Crestline Partners Co,Elena Meier,2603.89,2025-07-10,District 02
TXN-001768,Golden Harvest Agro Co.,Tomas Ekstrom,24082.73,2024-03-29,District 11
TXN-001769,Larkspur Coastal Works Inc,Paolina Steffensen,92754.15,2024-06-25,District 10
TXN-001770,Ashford Titan Contractors Ltd,Felix Sauer,228450.72,2025-02-28,District 10
TXN-001771,Oakridge Lakeside Consulting Ltd,Leona Bergstrom,139248.99,2026-03-15,District 01
TXN-001772,Aldergate Reliance Services PLC,Elias Olszynski,945701.19,2024-11-06,District 04
TXN-001773,Ashford Commercial Enterprises LLC,Nikolai Klassen,36567.86,2026-02-02,District 08
TXN-001774,Vernon Apex Logistics Ltd,Kaspar Wagner,22782.50,2025-07-03,District 05
TXN-001775,Copperfield Summit Partners LLC,Dalia Klassen,4124.78,2026-06-12,District 09
TXN-001776,Stonebridge Commercial Solutions LLC,Matteo Pedersen,4104.28,2024-02-06,District 09
TXN-001777,Pemberton Prime Contractors Inc,Helena Villanueva,21810.21,2026-05-20,District 12
TXN-001778,Kirkwood Zenith Partners Inc,Dmitri Klassen,489498.54,2024-06-05,District 02
TXN-001779,Thornbury Coastal Infrastructure Ltd,Petra Dietrich,936391.15,2024-05-27,District 10
TXN-001780,Vanguard Steel Works Inc,Marek Duvall,60151.42,2025-01-12,District 02
TXN-001781,Ashford Pioneer Consulting Inc,Anika Yilmaz,216204.25,2025-03-27,District 09
TXN-001782,Wexford Sovereign Developments Inc,Miroslav Laine,813300.32,2025-05-12,District 04
TXN-001783,Devereux Prime Engineering PLC,Lars Reyes,62607.68,2025-01-03,District 07
TXN-001784,Moorfield Lakeside Services PLC,Hanna Mueller,453645.00,2025-07-24,District 06
TXN-001785,Pemberton Commercial Works Co,Hector Roth,226183.29,2026-06-03,District 06
TXN-001786,Pemberton Highland Infrastructure PLC,Sanne Wallin,3271.05,2025-10-17,District 06
TXN-001787,Holloway Apex Holdings PLC,Alena Lorenz,41110.51,2025-04-11,District 04
TXN-001788,Pemberton Crestline Contractors LLC,Cecelia Lindqvist,2653.69,2026-01-08,District 05
TXN-001789,Grantham Reliance Group Co,Hector Villanueva,90282.44,2025-08-24,District 07
TXN-001790,Orchard Sovereign Contractors Inc,Jacqueline Kirkpatrick,296470.33,2024-08-08,District 08
TXN-001791,Cavendish Prime Infrastructure Co,Jacqueline Mikkelsen,98233.25,2024-09-19,District 04
TXN-001792,Foxglove Metro Engineering LLC,Ilse Lindqvist,5358.91,2024-08-13,District 08
TXN-001793,Everly Lakeside Consulting Co,Lena Quaresma,14168.21,2026-06-16,District 02
TXN-001794,Ashford Apex Engineering Ltd,Thibault Sauer,185048.95,2025-01-02,District 10
TXN-001795,Dunmore Pioneer Engineering Ltd,Adrian Schneider,181351.65,2025-03-14,District 06
TXN-001796,Brookfield Highland Works PLC,Regina Fontaine,584923.41,2025-05-20,District 04
TXN-001797,Vernon Sovereign Group PLC,Tadeusz Lukacs,458199.26,2026-01-16,District 07
TXN-001798,Darlington Civil Contractors PLC,Nadia Richter,722997.94,2024-07-12,District 05
TXN-001799,Thornbury Coastal Partners Inc,Rurik Fischer,21811.93,2025-04-08,District 08
TXN-001800,Blackwood Zenith Ventures Ltd,Zara Iversen,14238.19,2025-12-05,District 06
TXN-001801,Moorfield Metro Solutions Ltd,Emeline Meier,294974.85,2026-02-22,District 08
TXN-001802,Cavendish Zenith Holdings Inc,Dalia Beaumont,283523.24,2025-11-04,District 08
TXN-001803,Pemberton Industrial Infrastructure PLC,Stefan Zajac,25600.99,2025-01-24,District 08
TXN-001804,Elmhurst Metro Enterprises Co,Beatriz Fischer,765292.96,2025-05-13,District 02
TXN-001805,Eastvale Apex Consulting LLC,Cecelia Christensen,3183.14,2024-08-11,District 01
TXN-001806,Copperfield Reliance Partners Co,Magda Pelletier,7041.68,2025-06-17,District 01
TXN-001807,Zephyr Midland Services LLC,Regina Eekhoff,220884.36,2025-04-19,District 05
TXN-001808,Eastvale Prime Logistics Co,Olaf Eekhoff,161069.78,2026-07-09,District 08
TXN-001809,Fairmont Lakeside Group LLC,Emeline Engstrom,7973.83,2025-07-19,District 08
TXN-001810,Kingsmere Zenith Logistics Ltd,Casper Hartmann,69997.66,2024-01-27,District 10
TXN-001811,Pinewood Midland Trading Ltd,Severin Eekhoff,75873.73,2024-08-28,District 08
TXN-001812,Kirkwood Pioneer Trading Ltd,Zoran Tarnowski,277603.41,2024-12-08,District 09
TXN-001813,Cavendish Highland Developments LLC,Camille Skovgaard,10730.85,2026-08-15,District 07
TXN-001814,Clarence Zenith Consulting LLC,Sanne Arnaud,772470.33,2024-08-19,District 09
TXN-001815,Ashford Harbor Enterprises LLC,Casper Engstrom,48509.80,2024-03-30,District 02
TXN-001816,Marlowe Pioneer Services Inc,Ulrike Lorenz,7048.56,2025-11-07,District 01
TXN-001817,Belmont Industrial Developments Ltd,Laura Kirkpatrick,8638.92,2026-03-16,District 12
TXN-001818,Larkspur Summit Consulting PLC,Estelle Pichler,4963.60,2025-11-01,District 12
TXN-001819,Jessup Lakeside Infrastructure Inc,Hugo Thiel,241989.94,2025-03-28,District 07
TXN-001820,Glenmore Midland Contractors Inc,Samir Trandafir,325619.95,2024-04-26,District 10
TXN-001821,Northgate Civic Contractors Co,Stefan Ionescu,13766.63,2026-03-20,District 12
TXN-001822,Yorkfield Sovereign Infrastructure Co,Olivia Rosqvist,100942.80,2026-02-07,District 02
TXN-001823,Holloway Zenith Group LLC,Dorian Stark,4335.63,2024-03-12,District 05
TXN-001824,Yorkfield Lakeside Developments Co,Samir Zielinski,8699.58,2024-03-26,District 01
TXN-001825,Pemberton Metro Holdings Co,Olaf Pelletier,4751.69,2024-08-13,District 02
TXN-001826,Dunmore Harbor Ventures LLC,Oskar Schneider,5544.63,2025-02-07,District 12
TXN-001827,Dunmore Commercial Engineering PLC,Enzo Saavedra,134799.92,2024-06-02,District 05
TXN-001828,Vernon Reliance Trading Ltd,Quentin Zanetti,165038.15,2025-07-21,District 12
TXN-001829,Holloway Metro Partners Ltd,Estelle Roth,96844.83,2025-06-05,District 05
TXN-001830,Yorkfield Prime Enterprises Co,Adrian Dupont,670299.20,2024-01-03,District 02
TXN-001831,Yorkfield Metro Ventures PLC,Emeline Garrido,7502.16,2025-08-07,District 02
TXN-001832,Orchard Civil Engineering Co,Halvard Sandberg,93065.96,2025-12-21,District 03
TXN-001833,Westbrook Reliance Group LLC,Zara Meier,531145.52,2024-01-23,District 06
TXN-001834,Darlington Highland Enterprises PLC,Evander Oberlin,235719.76,2026-02-28,District 12
TXN-001835,Oakridge Metro Engineering Inc,Anika Vasquez,226253.33,2025-12-02,District 05
TXN-001836,Jessup Zenith Trading Inc,Lars Georgiev,27847.60,2024-01-02,District 08
TXN-001837,Glenmore Crestline Holdings Inc,Evander Iversen,22691.42,2026-02-05,District 11
TXN-001838,Pemberton Lakeside Works Co,Helena Vanek,4045.42,2025-04-18,District 03
TXN-001839,Dunmore Metro Solutions Inc,Erin Trandafir,26649.66,2026-09-01,District 04
TXN-001840,Northgate Harbor Works Inc,Dalia Kirkpatrick,3502.89,2026-06-30,District 05
TXN-001841,Yorkfield Metro Logistics LLC,Oskar Eekhoff,8320.64,2024-08-27,District 04
TXN-001842,Yorkfield Summit Works LLC,Antoine Pelletier,22396.38,2025-04-05,District 04
TXN-001843,Kirkwood Summit Group LLC,Margaux Radovanovic,572844.81,2026-03-20,District 04
TXN-001844,Norwood Crestline Consulting LLC,Dorian Lindqvist,5875.22,2026-03-11,District 08
TXN-001845,Marlowe Sovereign Logistics Co,Dorian Delacroix,555556.77,2025-06-07,District 02
TXN-001846,Norwood Crestline Engineering Ltd,Miroslav Johannsen,90450.79,2025-05-20,District 01
TXN-001847,Norwood Sovereign Partners PLC,Hugo Iversen,68235.71,2024-07-26,District 01
TXN-001848,Clarence Summit Trading Inc,Conrad Kirkpatrick,13658.28,2024-04-13,District 07
TXN-001849,Aldergate Crestline Ventures Co,Fiona Blanchard,28404.10,2024-06-28,District 12
TXN-001850,Zephyr Commercial Contractors Inc,Emeline Eekhoff,224312.26,2025-02-20,District 12
TXN-001851,Northgate Zenith Holdings Inc,Estelle Lukacs,109349.12,2024-06-24,District 03
TXN-001852,Amberley Titan Services Ltd,Miroslav Ferreira,8600.10,2025-08-31,District 12
TXN-001853,Westbrook Metro Contractors Inc,Cecelia Trandafir,4959.99,2024-01-08,District 09
TXN-001854,Larkspur Reliance Services Inc,Halvard Molinari,15104.97,2026-03-03,District 02
TXN-001855,Moorfield Crestline Services Co,Valentin Kirkpatrick,9649.73,2024-10-06,District 09
TXN-001856,Blackwood Summit Engineering LLC,Boris Dobrev,11621.04,2024-07-06,District 09
TXN-001857,Amberley Civic Works Co,Yelena Kaufmann,22495.06,2025-02-24,District 04
TXN-001858,Grantham Prime Contractors LLC,Boris Meier,358548.43,2024-10-24,District 08
TXN-001859,Marlowe Harbor Trading Inc,Wilhelm Beaumont,8717.80,2026-04-25,District 07
TXN-001860,Pinewood Prime Solutions Co,Pablo Christensen,91039.07,2025-08-19,District 07
TXN-001861,Fairmont Sovereign Developments Inc,Evander Salvati,7965.67,2026-01-22,District 09
TXN-001862,Copperfield Industrial Works Ltd,Antoine Lambert,5462.51,2026-02-09,District 07
TXN-001863,Fairmont Summit Partners Ltd,Yelena Mikkelsen,27180.64,2024-02-19,District 04
TXN-001864,Harlow Titan Trading Inc,Branislav Jankowski,178866.61,2025-10-19,District 05
TXN-001865,Glenmore Atlas Solutions Ltd,Silvia Caruso,542628.80,2024-04-13,District 12
TXN-001866,Clarence Industrial Contractors Ltd,Silvia Vasquez,32198.99,2024-11-19,District 05
TXN-001867,Pinewood Zenith Consulting LLC,Emeline Rosqvist,188226.83,2025-03-25,District 12
TXN-001868,Underhill Commercial Holdings Ltd,Hector Kovacs,170093.55,2025-11-19,District 08
TXN-001869,Kingsmere Sovereign Services Co,Emeline Sauer,91791.63,2025-10-11,District 12
TXN-001870,Everly Zenith Developments Inc,Antoine Mikkelsen,122654.48,2026-02-26,District 01
TXN-001871,Orchard Commercial Contractors Ltd,Felix Bakker,23168.97,2025-12-06,District 11
TXN-001872,Westbrook Metro Group LLC,Erin Zanetti,159463.09,2025-07-22,District 09
TXN-001873,Radcliffe Titan Trading PLC,Hector Bauer,171459.18,2026-07-17,District 07
TXN-001874,Queensbury Reliance Consulting PLC,Cecelia Richter,696279.61,2025-11-19,District 10
TXN-001875,Marlowe Pioneer Infrastructure Ltd,Hector Rosqvist,16086.30,2024-02-25,District 09
TXN-001876,Grantham Coastal Works Ltd,Pablo Mueller,225517.85,2024-03-08,District 02
TXN-001877,Orchard Lakeside Holdings Inc,Emeline Beaumont,312901.79,2025-04-05,District 05
TXN-001878,Amberley Pioneer Logistics Co,Xenia Hoffmann,208651.34,2025-12-30,District 11
TXN-001879,Kirkwood Pioneer Consulting Co,Nikolai Bergstrom,111128.18,2024-12-01,District 07
TXN-001880,Foxglove Harbor Works LLC,Lena Scheffer,909739.97,2026-01-26,District 06
TXN-001881,Stonebridge Pioneer Group Co,Klaus Radovanovic,538524.87,2026-08-21,District 04
TXN-001882,Kingsmere Sovereign Partners LLC,Quentin Sandberg,4231.38,2024-06-25,District 03
TXN-001883,Kingsmere Civil Trading PLC,Karina Graziani,12046.72,2025-12-06,District 01
TXN-001884,Langford Civic Holdings PLC,Quentin Stark,46838.21,2026-09-06,District 03
TXN-001885,Inglewood Highland Solutions LLC,Jelena Mikkelsen,250937.26,2026-08-03,District 10
TXN-001886,Kirkwood Metro Partners Inc,Karina Ignatiev,38792.68,2026-01-13,District 02
TXN-001887,Redstone Summit Enterprises Ltd,Magda Meier,5539.27,2026-05-04,District 07
TXN-001888,Holloway Coastal Infrastructure Ltd,Enzo Lukacs,236845.24,2025-04-05,District 10
TXN-001889,Vernon Industrial Infrastructure PLC,Wilhelm Mikkelsen,4922.74,2025-07-07,District 10
TXN-001890,Queensbury Prime Logistics PLC,Farida Zielinski,19714.70,2025-02-16,District 11
TXN-001891,Eastvale Civil Solutions LLC,Damien Zanetti,508777.65,2024-03-31,District 01
TXN-001892,Amberley Reliance Engineering Co,Hector Stark,571598.54,2026-05-16,District 04
TXN-001893,Westbrook Coastal Trading Ltd,Guillaume Gauthier,543407.90,2025-11-04,District 05
TXN-001894,Larkspur Harbor Partners Inc,Regina Weiss,19785.79,2026-02-24,District 04
TXN-001895,Grantham Lakeside Services Inc,Xenia Pelletier,2505.63,2024-06-11,District 01
TXN-001896,Holloway Pioneer Enterprises Ltd,Yannick Braun,3459.32,2024-02-10,District 02
TXN-001897,Kingsmere Reliance Developments Co,Pavel Zajac,22000.18,2026-04-09,District 05
TXN-001898,Belmont Apex Enterprises Inc,Paolina Pichler,530362.75,2026-02-19,District 05
TXN-001899,Pinewood Apex Contractors LLC,Conrad Engstrom,69353.22,2024-07-14,District 04
TXN-001900,Sandalwood Titan Group LLC,Branislav Clemencic,144252.94,2024-01-23,District 09
TXN-001901,Underhill Lakeside Solutions Ltd,Wilhelm Zanetti,70225.80,2024-02-16,District 12
TXN-001902,Eastvale Prime Engineering LLC,Emeline Dahlberg,28479.03,2026-06-02,District 05
TXN-001903,Underhill Sovereign Holdings Inc,Guillaume Tolvanen,445194.39,2026-09-08,District 11
TXN-001904,Elmhurst Commercial Partners Inc,Miranda Demirci,393896.93,2024-11-01,District 11
TXN-001905,Aldergate Civil Logistics Inc,Jacqueline Dahlberg,152695.62,2024-09-24,District 03
TXN-001906,Queensbury Sovereign Developments Inc,Jelena Castellan,3673.51,2026-04-22,District 08
TXN-001907,Jessup Titan Services Inc,Erin Thiel,916771.09,2026-05-14,District 12
TXN-001908,Golden Harvest Agricultural Company,Tomas Ekstrom,11555.75,2026-08-05,District 11
TXN-001909,Ullswater Crestline Ventures PLC,Tadeusz Christensen,14075.09,2026-07-03,District 03
TXN-001910,Clarence Zenith Engineering PLC,Yelena Yilmaz,50974.96,2026-06-26,District 05
TXN-001911,Moorfield Zenith Group Co,Jonas Weber,31817.34,2026-04-07,District 09
TXN-001912,Kirkwood Pioneer Enterprises Ltd,Florian Quaresma,60210.02,2026-01-09,District 11
TXN-001913,Oakridge Industrial Contractors Ltd,Laura Iversen,916346.94,2025-10-31,District 05
TXN-001914,Radcliffe Crestline Holdings LLC,Karina Tarnowski,7790.76,2024-04-27,District 01
TXN-001915,Stonebridge Civil Solutions Co,Hugo Haugen,8633.03,2025-12-21,District 03
TXN-001916,Westbrook Sovereign Consulting PLC,Erin Magnusson,36266.49,2024-10-22,District 12
TXN-001917,Pinewood Atlas Partners LLC,Viktor Aaltonen,23579.26,2024-01-28,District 09
TXN-001918,Copperfield Crestline Solutions PLC,Estelle Olszynski,8329.30,2024-04-24,District 02
TXN-001919,Langford Sovereign Developments LLC,Farida Ursu,8881.90,2026-03-26,District 07
TXN-001920,Inglewood Summit Services Ltd,Xenia Scheffer,93652.80,2026-02-17,District 10
TXN-001921,Redstone Highland Consulting PLC,Anika Slavik,22740.74,2026-08-19,District 05
TXN-001922,Zephyr Coastal Holdings Inc,Jacqueline Kaufmann,39443.63,2024-07-08,District 09
TXN-001923,Orchard Zenith Trading Co,Silvia Slavik,394503.54,2024-07-07,District 10
TXN-001924,Vernon Civil Partners Ltd,Rafaella Engstrom,149479.43,2025-08-13,District 02
TXN-001925,Kingsmere Lakeside Contractors Co,Branislav Delacroix,32829.47,2024-04-27,District 06
TXN-001926,Sandalwood Atlas Developments LLC,Zara Dagher,98902.75,2024-11-14,District 11
TXN-001927,Foxglove Metro Trading Inc,Alena Falkenstein,12785.59,2026-03-27,District 07
TXN-001928,Langford Civil Enterprises Ltd,Paolina Nyberg,5435.86,2025-11-10,District 01
TXN-001929,Marlowe Prime Ventures PLC,Wilhelm Scheffer,76175.42,2024-02-14,District 07
TXN-001930,Copperfield Civic Enterprises LLC,Amos Dietrich,27634.46,2026-01-29,District 12
TXN-001931,Trevor Zenith Ventures LLC,Beatriz Brogaard,33447.06,2025-10-10,District 03
TXN-001932,Aldergate Crestline Partners Co,Guillaume Jovanovic,209542.52,2025-03-31,District 02
TXN-001933,Kirkwood Metro Engineering Ltd,Tadeusz Hartmann,244897.25,2026-09-03,District 02
TXN-001934,Amberley Metro Infrastructure Co,Samir Horvath,20010.31,2026-08-28,District 03
TXN-001935,Aldergate Zenith Holdings LLC,Magda Ursu,11559.19,2025-05-02,District 10
TXN-001936,Jessup Atlas Infrastructure Inc,Stefan Keller,242757.64,2025-04-20,District 12
TXN-001937,Jessup Harbor Solutions Ltd,Evander Pelletier,261730.85,2024-07-16,District 01
TXN-001938,Amberley Sovereign Enterprises Co,Beatriz Kaufmann,2922.29,2026-08-07,District 06
TXN-001939,Eastvale Highland Developments Inc,Olivia Skovgaard,34551.55,2024-07-29,District 11
TXN-001940,Underhill Midland Developments PLC,Jacqueline Dobrev,391768.61,2024-06-30,District 01
TXN-001941,Jessup Industrial Enterprises Ltd,Zoran Meier,786982.15,2024-05-13,District 05
TXN-001942,Ullswater Summit Engineering Ltd,Klaus Bakker,640532.39,2025-09-19,District 10
TXN-001943,Kingsmere Commercial Infrastructure Co,Vera Petrov,25616.50,2024-11-30,District 02
TXN-001944,Belmont Prime Engineering PLC,Pavel Andersson,7184.28,2024-04-19,District 10
TXN-001945,Fairmont Summit Solutions Inc,Tadeusz Vogel,910500.41,2025-07-06,District 04
TXN-001946,Wexford Midland Contractors Ltd,Klaus Vogel,2526.60,2026-07-16,District 08
TXN-001947,Sandalwood Metro Services Co,Sanne Thomassen,32322.60,2025-08-31,District 01
TXN-001948,Blackwood Titan Solutions Inc,Wilhelm Brogaard,96680.95,2024-07-04,District 05
TXN-001949,Glenmore Midland Group Ltd,Enzo Jovanovic,373539.34,2025-08-14,District 11
TXN-001950,Cavendish Titan Contractors Ltd,Zara Rasmussen,69484.97,2025-05-29,District 02
TXN-001951,Cavendish Titan Logistics Ltd,Lucia Ignatiev,51136.33,2025-01-23,District 07
TXN-001952,Kingsmere Commercial Consulting LLC,Sanne Laine,2627.41,2025-03-26,District 04
TXN-001953,Pemberton Summit Works PLC,Regina Klassen,785744.22,2026-07-15,District 09
TXN-001954,Dunmore Summit Contractors PLC,Sabine Trandafir,283940.05,2024-03-26,District 12
TXN-001955,Thornbury Reliance Trading Inc,Erin Sebesta,906106.95,2025-08-12,District 02
TXN-001956,Golden Harvest Agro Co.,Tomas Ekstrom,48614.52,2025-09-03,District 11
TXN-001957,Kingsmere Zenith Group PLC,Kaspar Kovacs,90335.21,2025-07-24,District 06
TXN-001958,Amberley Highland Holdings Co,Jonas Bakker,25812.79,2025-11-23,District 11
TXN-001959,Glenmore Crestline Engineering Co,Ulrike Vanek,825001.23,2026-02-15,District 02
TXN-001960,Orchard Lakeside Consulting LLC,Farida Brogaard,25683.48,2024-03-22,District 06
TXN-001961,Fairmont Pioneer Logistics PLC,Xenia Zanetti,137320.47,2025-06-04,District 05
TXN-001962,Moorfield Atlas Developments PLC,Yannick Dobrev,8179.19,2025-06-02,District 07
TXN-001963,Fairmont Crestline Enterprises Co,Lucian Girard,343699.92,2025-07-03,District 07
TXN-001964,Sandalwood Commercial Contractors LLC,Rene Weiss,5485.92,2025-01-24,District 06
TXN-001965,Dunmore Highland Contractors LLC,Margaux Hoffmann,365947.47,2026-09-09,District 11
TXN-001966,Wexford Civic Contractors LLC,Leona Vogel,23768.25,2026-03-08,District 11
TXN-001967,Peregrine Fuel Trading LLC,Northmoor Equipment Rental,725893.15,2025-11-05,District 06
TXN-001968,Radcliffe Crestline Works Co,Regina Aaltonen,109654.21,2024-02-20,District 12
TXN-001969,Marlowe Crestline Services PLC,Sanne Ionescu,898934.41,2025-12-31,District 05
TXN-001970,Langford Industrial Logistics Co,Ilse Molinari,26613.89,2024-05-13,District 07
TXN-001971,Stonebridge Harbor Group LLC,Xenia Tarnowski,94628.79,2025-12-27,District 03
TXN-001972,Ullswater Summit Services Co,Silvia Saavedra,33725.87,2025-04-19,District 11
TXN-001973,Vernon Crestline Engineering PLC,Ilse Kirkpatrick,2904.59,2025-10-05,District 11
TXN-001974,Dunmore Titan Services Inc,Laurent Stark,807223.47,2026-02-19,District 06
TXN-001975,Pinewood Civil Works PLC,Rene Weber,11838.54,2025-11-27,District 12
TXN-001976,Orchard Highland Services PLC,Silvia Lorenz,97996.05,2026-07-01,District 06
TXN-001977,Kingsmere Civic Partners PLC,Guillaume Ignatiev,6543.51,2024-09-06,District 11
TXN-001978,Blackwood Highland Group LLC,Halvard Beaumont,926499.04,2026-07-30,District 10
TXN-001979,Brookfield Civic Engineering LLC,Jonas Dupont,486052.44,2024-09-22,District 02
TXN-001980,Cavendish Zenith Group LLC,Greta Yilmaz,20785.27,2026-06-18,District 10
TXN-001981,Cavendish Midland Group Inc,Olaf Bauer,9030.11,2025-05-27,District 10
TXN-001982,Dunmore Civic Solutions LLC,Camille Weber,157574.54,2024-05-15,District 01
TXN-001983,Radcliffe Metro Services Ltd,Petra Graziani,17774.21,2025-09-07,District 06
TXN-001984,Blackwood Civic Consulting PLC,Aaron Zielinski,8033.77,2025-09-28,District 08
TXN-001985,Wexford Apex Contractors Inc,Wilhelm Magnusson,600066.92,2026-01-25,District 07
TXN-001986,Clarence Midland Enterprises LLC,Dalia Dagher,11769.88,2024-09-19,District 04
TXN-001987,Glenmore Civil Ventures Inc,Anika Vanek,67079.21,2026-06-02,District 05
TXN-001988,Copperfield Highland Logistics Inc,Hector Clemencic,10195.87,2025-09-03,District 12
TXN-001989,Tongi Builders Ltd,Rafiqul Hasan,271818.28,2024-09-27,District 05
TXN-001990,Elmhurst Coastal Consulting Inc,Yusuf Molinari,545696.14,2025-07-30,District 10
TXN-001991,Ashford Prime Trading Ltd,Yannick Bergstrom,13202.20,2026-08-30,District 02
TXN-001992,Yorkfield Sovereign Enterprises LLC,Enzo Rasmussen,42158.41,2025-08-07,District 01
TXN-001993,Brookfield Harbor Contractors Ltd,Rasmus Novak,30169.47,2025-06-14,District 09
TXN-001994,Inglewood Midland Infrastructure PLC,Paolina Wagner,2890.14,2025-12-08,District 01
TXN-001995,Copperfield Sovereign Developments Inc,Dorian Girard,14059.90,2024-04-22,District 05
TXN-001996,Stonebridge Civil Services LLC,Rafaella Graziani,187629.23,2024-07-10,District 08
TXN-001997,Yorkfield Atlas Contractors Co,Greta Dahlberg,8462.90,2024-09-02,District 08
TXN-001998,Belmont Coastal Solutions Co,Anika Trandafir,74027.31,2024-02-10,District 06
TXN-001999,Underhill Industrial Infrastructure PLC,Jonas Halvorsen,451249.28,2026-01-12,District 09
TXN-002000,Norwood Midland Developments PLC,Emeline Haugen,91219.06,2025-08-18,District 07
TXN-002001,Sandalwood Harbor Enterprises LLC,Branislav Persson,778247.15,2025-12-07,District 10
TXN-002002,Holloway Industrial Solutions Co,Paolina Villanueva,63971.30,2025-07-31,District 03
TXN-002003,Harlow Civic Partners Ltd,Fiona Nyberg,29941.10,2026-03-17,District 11
TXN-002004,Belmont Apex Logistics Ltd,Cecelia Nordin,64271.25,2025-01-10,District 01
TXN-002005,Kirkwood Civic Developments Ltd,Katarina Moreau,76537.98,2025-07-21,District 06
TXN-002006,Fenwick Summit Ventures Co,Noor Fontaine,285400.72,2024-06-03,District 04
TXN-002007,Belmont Atlas Solutions PLC,Sanne Jankowski,16023.84,2025-09-29,District 02
TXN-002008,Devereux Zenith Infrastructure LLC,Magda Vogel,76769.75,2025-08-12,District 08
TXN-002009,Fairmont Sovereign Services Inc,Paolina Mikkelsen,8026.74,2024-09-24,District 06
TXN-002010,Holloway Zenith Infrastructure LLC,Aaron Gauthier,64735.22,2026-08-15,District 12
TXN-002011,Cavendish Summit Infrastructure Inc,Julien Hoffmann,14267.56,2025-09-08,District 07
TXN-002012,Kingsmere Metro Contractors PLC,Jelena Bondarenko,41080.03,2024-10-25,District 07
TXN-002013,Aldergate Reliance Trading Ltd,Farida Chaudhry,178464.26,2024-03-17,District 04
TXN-002014,Devereux Civil Enterprises PLC,Miranda Christensen,362041.99,2024-07-05,District 04
TXN-002015,Eastvale Crestline Works Inc,Hugo Richter,10450.01,2026-02-24,District 09
TXN-002016,Holloway Lakeside Holdings LLC,Lucia Pichler,39452.36,2026-01-16,District 10
TXN-002017,Westbrook Highland Consulting LLC,Laurent Kovacs,4762.70,2024-10-30,District 08
TXN-002018,Belmont Coastal Contractors PLC,Jonas Petrov,89644.08,2024-02-04,District 06
TXN-002019,Blackwood Highland Partners PLC,Katarina Corvin,92407.29,2024-05-27,District 05
TXN-002020,Kingsmere Summit Logistics LLC,Valentin Capel,94177.34,2025-08-26,District 07
TXN-002021,Inglewood Crestline Trading Ltd,Evander Kirkpatrick,5905.21,2025-10-28,District 10
TXN-002022,Devereux Zenith Engineering Inc,Hector Vogel,43335.41,2025-11-10,District 11
TXN-002023,Kirkwood Highland Contractors PLC,Amos Silvestri,3663.80,2024-04-15,District 10
TXN-002024,Stonebridge Metro Developments LLC,Pablo Lukacs,43636.84,2025-10-19,District 07
TXN-002025,Amberley Lakeside Partners Co,Hugo Saavedra,20527.45,2024-11-09,District 02
TXN-002026,Wexford Midland Group LLC,Elena Horvath,96771.47,2024-10-20,District 02
TXN-002027,Fenwick Civic Contractors Ltd,Evander Silvestri,93000.96,2026-04-23,District 11
TXN-002028,Harlow Reliance Solutions LLC,Erin Dobrev,109155.65,2026-08-30,District 11
TXN-002029,Orchard Zenith Logistics Ltd,Boris Mueller,16030.60,2025-07-05,District 02
TXN-002030,Marlowe Pioneer Developments LLC,Lars Dagher,3339.62,2025-02-24,District 10
TXN-002031,Underhill Coastal Logistics Ltd,Oskar Szabo,58118.77,2024-12-03,District 12
TXN-002032,Holloway Harbor Trading PLC,Ivo Richter,46989.47,2024-06-11,District 06
TXN-002033,Kirkwood Commercial Solutions Co,Fiona Zielinski,10014.95,2026-03-24,District 01
TXN-002034,Oakridge Sovereign Enterprises PLC,Jacqueline Schneider,638624.23,2024-10-30,District 06
TXN-002035,Eastvale Midland Partners Inc,Elena Kirkpatrick,653537.30,2026-02-10,District 11
TXN-002036,Langford Prime Logistics LLC,Quentin Iversen,64810.92,2024-07-24,District 10
TXN-002037,Fenwick Pioneer Works PLC,Klaus Johannsen,127141.61,2024-10-08,District 01
TXN-002038,Cavendish Lakeside Contractors Ltd,Miranda Ignatiev,3562.44,2025-06-07,District 05
TXN-002039,Northgate Industrial Works LLC,Anika Eekhoff,686840.38,2025-04-15,District 10
TXN-002040,Pemberton Pioneer Enterprises Co,Zoran Ignatiev,4418.02,2024-08-30,District 09
TXN-002041,Wexford Titan Solutions PLC,Jelena Klassen,111979.00,2026-03-24,District 05
TXN-002042,Kingsmere Summit Services Co,Casper Sandberg,13103.48,2025-07-29,District 11
TXN-002043,Elmhurst Pioneer Services Ltd,Miranda Graziani,518153.60,2025-09-08,District 02
TXN-002044,Copperfield Highland Infrastructure PLC,Matteo Kaufmann,278081.11,2026-08-06,District 03
TXN-002045,Harlow Titan Partners PLC,Zoran Richter,7588.65,2026-01-28,District 09
TXN-002046,Eastvale Metro Enterprises Co,Alena Quaresma,51318.05,2024-02-08,District 02
TXN-002047,Oakridge Civic Holdings PLC,Quentin Persson,50610.99,2025-09-13,District 04
TXN-002048,Amberley Sovereign Services Co,Emeline Caruso,6957.81,2024-02-08,District 01
TXN-002049,Brookfield Zenith Group LLC,Aaron Brogaard,6045.78,2026-02-09,District 03
TXN-002050,Westbrook Highland Developments Inc,Xenia Silvestri,33167.59,2024-07-04,District 10
TXN-002051,Foxglove Commercial Holdings Ltd,Ilse Tarnowski,77424.31,2024-02-14,District 04
TXN-002052,Aldergate Midland Solutions LLC,Quentin Dupont,72593.65,2025-06-28,District 10
TXN-002053,Underhill Commercial Trading Inc,Lena Caruso,41946.78,2025-03-24,District 08
TXN-002054,Northgate Industrial Contractors PLC,Ulrike Garrido,72919.48,2026-05-23,District 07
TXN-002055,Thornbury Coastal Works PLC,Estelle Marchetti,113140.77,2024-04-05,District 08
TXN-002056,Grantham Crestline Solutions PLC,Ulrike Clemencic,528576.49,2026-07-23,District 05
TXN-002057,Trevor Civic Logistics Inc,Fabian Richter,355792.50,2026-07-22,District 07
TXN-002058,Foxglove Pioneer Works PLC,Zara Persson,300517.53,2025-12-06,District 05
TXN-002059,Trevor Summit Logistics PLC,Anika Pedersen,55499.55,2024-01-10,District 02
TXN-002060,Copperfield Crestline Ventures Ltd,Miranda Meier,220904.95,2026-06-10,District 07
TXN-002061,Langford Sovereign Logistics LLC,Greta Vogel,15816.13,2025-08-29,District 09
TXN-002062,Westbrook Civic Group Co,Rasmus Molinari,5565.74,2024-08-25,District 06
TXN-002063,Copperfield Civic Trading PLC,Lars Gauthier,98307.98,2025-08-04,District 07
TXN-002064,Trevor Highland Ventures LLC,Casper Szabo,107481.03,2024-06-09,District 06
TXN-002065,Amberley Sovereign Developments Inc,Rurik Wendel,30615.83,2024-08-20,District 11
TXN-002066,Inglewood Atlas Trading Ltd,Magda Arnaud,44313.72,2025-05-30,District 12
TXN-002067,Marlowe Summit Trading Inc,Olaf Mueller,60707.37,2024-01-26,District 01
TXN-002068,Westbrook Industrial Services Ltd,Laurent Blanchard,94176.89,2025-12-03,District 03
TXN-002069,Glenmore Commercial Logistics Inc,Fiona Roth,312988.65,2025-07-18,District 05
TXN-002070,Stonebridge Pioneer Enterprises Inc,Casper Wojcik,246235.09,2025-02-01,District 11
TXN-002071,Aldergate Commercial Developments PLC,Halvard Klassen,52835.23,2024-06-05,District 02
TXN-002072,Fenwick Harbor Partners PLC,Yusuf Keller,141397.52,2024-05-08,District 06
TXN-002073,Copperfield Harbor Services Ltd,Aaron Georgiev,11012.40,2024-05-30,District 08
TXN-002074,Westbrook Industrial Holdings LLC,Petra Escobar,38596.79,2024-03-20,District 10
TXN-002075,Dunmore Civic Group PLC,Elena Aaltonen,479384.24,2024-08-03,District 11
TXN-002076,Aldergate Apex Solutions Co,Dorian Jankowski,58894.36,2024-08-01,District 10
TXN-002077,Kirkwood Atlas Works Ltd,Halvard Kaufmann,93003.43,2026-05-05,District 09
TXN-002078,Thornbury Coastal Enterprises Ltd,Halvard Tolvanen,169859.00,2024-08-19,District 11
TXN-002079,Marlowe Harbor Partners Inc,Klaus Garrido,50327.37,2024-07-21,District 06
TXN-002080,Darlington Titan Services LLC,Julien Popescu,340494.84,2026-04-29,District 06
TXN-002081,Grantham Coastal Developments PLC,Damien Schneider,3802.12,2025-11-30,District 10
TXN-002082,Aldergate Coastal Services LLC,Gabriel Moreau,3047.66,2026-07-11,District 11
TXN-002083,Norwood Industrial Services Inc,Leona Dahlberg,3014.91,2024-11-23,District 06
TXN-002084,Sandalwood Pioneer Holdings Inc,Wilhelm Lambert,79336.43,2025-12-21,District 11
TXN-002085,Belmont Crestline Trading PLC,Matteo Vogel,5979.17,2025-12-14,District 04
TXN-002086,Thornbury Harbor Trading Co,Ulrike Pichler,12466.57,2026-04-24,District 04
TXN-002087,Wexford Civic Logistics Inc,Greta Brogaard,7536.10,2025-01-19,District 11
TXN-002088,Radcliffe Zenith Partners Co,Magda Thomassen,398069.28,2024-02-09,District 12
TXN-002089,Orchard Lakeside Works LLC,Zoran Reyes,3669.69,2024-11-27,District 12
TXN-002090,Glenmore Highland Developments LLC,Hugo Capel,2637.33,2026-02-14,District 10
TXN-002091,Redstone Apex Infrastructure Co,Ilse Tolvanen,289196.32,2024-04-07,District 01
TXN-002092,Yorkfield Industrial Contractors PLC,Katarina Dobrev,5738.54,2025-10-12,District 04
TXN-002093,Marlowe Midland Developments LLC,Branislav Oberlin,327516.96,2024-06-09,District 12
TXN-002094,Copperfield Apex Ventures LLC,Greta Keller,16790.02,2025-01-14,District 07
TXN-002095,Radcliffe Metro Services Co,Miroslav Ursu,9176.86,2026-04-11,District 05
TXN-002096,Larkspur Titan Holdings Ltd,Antoine Sebesta,8030.60,2024-06-29,District 09
TXN-002097,Jessup Metro Ventures Inc,Valentin Meier,287043.29,2026-08-05,District 03
TXN-002098,Redstone Metro Developments LLC,Samir Halvorsen,32546.03,2026-08-01,District 06
TXN-002099,Oakridge Lakeside Infrastructure LLC,Beatriz Bergstrom,93229.75,2025-12-28,District 03
TXN-002100,Oakridge Industrial Enterprises LLC,Felix Tarnowski,8860.73,2026-01-16,District 11
TXN-002101,Cavendish Atlas Logistics PLC,Beatriz Thiel,2632.52,2024-05-28,District 01
TXN-002102,Brookfield Metro Engineering Ltd,Olivia Thiel,205837.45,2025-06-25,District 07
TXN-002103,Northgate Industrial Enterprises LLC,Dmitri Schneider,48534.17,2025-08-19,District 04
TXN-002104,Grantham Coastal Enterprises Co,Hector Kaminski,12997.93,2026-09-05,District 08
TXN-002105,Kirkwood Atlas Solutions LLC,Magda Gauthier,3313.38,2026-03-19,District 06
TXN-002106,Norwood Zenith Trading LLC,Hanna Jovanovic,225612.32,2025-04-22,District 01
TXN-002107,Belmont Civic Consulting Inc,Adrian Fontaine,454774.22,2025-07-28,District 11
TXN-002108,Brookfield Summit Contractors Ltd,Antoine Falkenstein,85160.21,2024-02-06,District 02
TXN-002109,Blackwood Summit Partners PLC,Gabriel Demirci,91501.14,2025-08-07,District 07
TXN-002110,Redstone Harbor Logistics Inc,Ilse Lorenz,509187.48,2025-03-13,District 11
TXN-002111,Wexford Commercial Logistics Inc,Petra Thomassen,7831.97,2026-01-10,District 09
TXN-002112,Everly Crestline Solutions LLC,Rafaella Zajac,3234.22,2024-10-05,District 10
TXN-002113,Ashford Civic Services PLC,Rafaella Mertens,135529.31,2025-05-25,District 07
TXN-002114,Brookfield Titan Partners Co,Laurent Trandafir,11635.97,2024-12-12,District 01
TXN-002115,Langford Prime Services Ltd,Matteo Castellan,196286.69,2026-03-21,District 12
TXN-002116,Aldergate Apex Holdings LLC,Stefan Salvati,3414.47,2024-06-04,District 10
TXN-002117,Orchard Zenith Services Co,Florian Capel,3786.15,2024-10-08,District 12
TXN-002118,Amberley Reliance Works LLC,Helena Fischer,494394.49,2025-06-08,District 09
TXN-002119,Everly Midland Group PLC,Jacqueline Haugen,946244.21,2026-03-18,District 07
TXN-002120,Northgate Industrial Group LLC,Helena Trandafir,9120.23,2025-04-10,District 05
TXN-002121,Thornbury Zenith Trading Co,Ilse Halvorsen,149047.08,2025-08-24,District 05
TXN-002122,Redstone Metro Developments Co,Erin Fischer,721339.61,2025-08-16,District 07
TXN-002123,Foxglove Crestline Solutions Ltd,Cecelia Vogel,273712.00,2024-07-03,District 01
TXN-002124,Orchard Pioneer Services LLC,Fiona Szabo,209331.22,2024-11-22,District 03
TXN-002125,Glenmore Sovereign Engineering Ltd,Nadia Wallin,75430.31,2025-11-17,District 12
TXN-002126,Oakridge Coastal Works PLC,Rosalind Jovanovic,822320.20,2025-06-15,District 03
TXN-002127,Ullswater Midland Engineering Ltd,Rosalind Brogaard,125482.05,2024-03-05,District 01
TXN-002128,Kirkwood Prime Enterprises LLC,Branislav Sebesta,176744.90,2026-07-04,District 07
TXN-002129,Langford Civil Engineering PLC,Hector Quaresma,53989.61,2026-06-08,District 04
TXN-002130,Grantham Zenith Services Inc,Fiona Rosqvist,539725.55,2026-05-19,District 02
TXN-002131,Thornbury Harbor Trading PLC,Jelena Moreau,495671.03,2025-12-02,District 03
TXN-002132,Dunmore Metro Solutions PLC,Stefan Wendel,82450.11,2024-08-12,District 02
TXN-002133,Kirkwood Highland Engineering LLC,Klaus Rasmussen,5303.01,2025-07-25,District 11
TXN-002134,Blackwood Lakeside Holdings Ltd,Karina Mueller,45754.51,2024-09-09,District 04
TXN-002135,Inglewood Midland Engineering Ltd,Laurent Ionescu,38412.76,2026-08-08,District 07
TXN-002136,Redstone Coastal Holdings Inc,Fiona Horvath,219600.21,2026-08-22,District 02
TXN-002137,Dunmore Civil Developments PLC,Hanna Bergstrom,19625.07,2025-09-23,District 04
TXN-002138,Aldergate Titan Developments LLC,Laura Kovacs,106293.21,2024-08-07,District 04
TXN-002139,Fairmont Highland Group LLC,Damien Hoffmann,128931.59,2026-01-06,District 09
TXN-002140,Northgate Apex Solutions PLC,Kaspar Persson,2590.91,2026-05-05,District 04
TXN-002141,Eastvale Titan Logistics Ltd,Emeline Stark,93974.42,2025-08-06,District 07
TXN-002142,Eastvale Sovereign Contractors LLC,Cecelia Dobrev,32650.37,2025-03-05,District 08
TXN-002143,Ashford Prime Services Ltd,Gabriel Engstrom,163337.87,2024-01-12,District 04
TXN-002144,Kirkwood Prime Trading LLC,Laura Ignatiev,12939.80,2026-08-30,District 11
TXN-002145,Oakridge Civil Infrastructure Inc,Halvard Sebesta,2532.24,2026-06-14,District 11
TXN-002146,Oakridge Titan Contractors Co,Beatriz Georgiev,18736.87,2026-05-15,District 12
TXN-002147,Devereux Midland Holdings LLC,Thibault Weber,337442.14,2026-01-12,District 02
TXN-002148,Pinewood Midland Logistics Ltd,Tadeusz Pichler,2539.05,2025-08-28,District 08
TXN-002149,Yorkfield Sovereign Group Inc,Helena Blanchard,304726.74,2025-10-03,District 09
TXN-002150,Radcliffe Reliance Enterprises Inc,Pablo Fischer,29117.64,2024-08-29,District 09
TXN-002151,Foxglove Industrial Partners Co,Rurik Thomassen,10931.31,2024-02-02,District 10
TXN-002152,Oakridge Coastal Solutions Ltd,Nadia Klassen,8772.75,2024-12-15,District 07
TXN-002153,Pinewood Apex Group LLC,Stefan Girard,3109.36,2026-06-05,District 09
TXN-002154,Cavendish Civic Logistics PLC,Karina Silvestri,14936.93,2025-09-12,District 12
TXN-002155,Fairmont Zenith Infrastructure Inc,Lena Brogaard,10375.00,2025-11-19,District 03
TXN-002156,Clarence Commercial Holdings Inc,Ivo Blanchard,14547.12,2025-03-22,District 08
TXN-002157,Dunmore Apex Logistics PLC,Aaron Lorenz,31567.88,2024-08-08,District 06
TXN-002158,Kirkwood Titan Trading Co,Dalia Chaudhry,14073.80,2025-10-08,District 03
TXN-002159,Kirkwood Sovereign Contractors Ltd,Fabian Aaltonen,7075.15,2025-04-12,District 05
TXN-002160,Clarence Crestline Consulting Inc,Enzo Vogel,200151.45,2024-09-24,District 01
TXN-002161,Clarence Industrial Engineering Inc,Julien Lukacs,22826.14,2024-08-16,District 08
TXN-002162,Eastvale Civic Works Ltd,Cecelia Clemencic,93291.34,2025-12-17,District 03
TXN-002163,Jessup Highland Enterprises PLC,Yelena Moreau,789450.47,2025-09-06,District 05
TXN-002164,Dunmore Titan Services Co,Karina Salvati,51791.69,2026-04-19,District 02
TXN-002165,Pinewood Industrial Consulting Co,Hugo Bergstrom,8208.81,2025-10-10,District 05
TXN-002166,Orchard Metro Group Inc,Lucia Volkan,15758.76,2025-07-25,District 07
TXN-002167,Eastvale Civic Partners Inc,Enzo Kaufmann,266744.39,2025-03-21,District 08
TXN-002168,Ullswater Pioneer Trading Co,Rurik Ferreira,172822.40,2024-08-17,District 09
TXN-002169,Wexford Midland Services Co,Noor Lindqvist,52055.12,2025-09-20,District 05
TXN-002170,Eastvale Highland Contractors Co,Adrian Keller,372415.90,2026-07-14,District 10
TXN-002171,Grantham Highland Enterprises LLC,Stefan Dahlberg,18947.87,2024-09-26,District 10
TXN-002172,Larkspur Coastal Solutions LLC,Rasmus Klassen,89302.96,2026-05-04,District 03
TXN-002173,Grantham Crestline Enterprises Inc,Fabian Brogaard,2833.31,2026-01-30,District 12
TXN-002174,Vanguard Steelworks,Marek Duvall,94686.89,2024-04-06,District 02
TXN-002175,Langford Crestline Consulting LLC,Dmitri Volkan,121810.65,2025-11-05,District 05
TXN-002176,Larkspur Titan Works Inc,Oskar Bondarenko,14730.74,2024-12-02,District 10
TXN-002177,Pemberton Midland Partners PLC,Casper Corvin,10127.80,2026-07-17,District 10
TXN-002178,Trevor Zenith Trading Co,Jacqueline Georgiev,41508.32,2024-02-14,District 12
TXN-002179,Vernon Zenith Developments Co,Magda Dietrich,59617.83,2025-05-08,District 12
TXN-002180,Copperfield Pioneer Trading LLC,Margaux Kaminski,494655.53,2026-06-11,District 07
TXN-002181,Inglewood Coastal Works Co,Jelena Kovacs,13336.45,2025-06-01,District 09
TXN-002182,Holloway Apex Consulting Co,Laura Castellan,52586.05,2025-04-05,District 04
TXN-002183,Everly Harbor Contractors Co,Dmitri Ferreira,4443.64,2025-02-10,District 02
TXN-002184,Holloway Crestline Group PLC,Rene Lukacs,258705.26,2025-03-29,District 08
TXN-002185,Orchard Reliance Works Inc,Cecelia Molinari,296770.99,2025-08-19,District 08
TXN-002186,Darlington Commercial Holdings PLC,Vera Zielinski,417994.50,2024-05-14,District 08
TXN-002187,Inglewood Titan Group Inc,Dalia Christensen,99173.25,2025-05-08,District 11
TXN-002188,Devereux Zenith Services LLC,Hugo Wallin,13978.51,2024-11-16,District 02
TXN-002189,Amberley Reliance Consulting LLC,Elena Richter,48421.81,2025-11-07,District 12
TXN-002190,Norwood Reliance Developments Ltd,Sanne Sauer,200802.77,2026-07-13,District 05
TXN-002191,Redstone Commercial Trading Co,Petra Nyberg,28071.29,2026-07-27,District 03
TXN-002192,Larkspur Metro Infrastructure Inc,Emeline Fontaine,12814.60,2025-09-24,District 10
TXN-002193,Kingsmere Civil Holdings Ltd,Quentin Novak,33274.09,2025-04-19,District 04
TXN-002194,Holloway Civil Works LLC,Kaspar Fischer,201533.51,2024-01-29,District 10
TXN-002195,Devereux Harbor Enterprises Inc,Alena Ferreira,14864.33,2026-02-09,District 09
TXN-002196,Orchard Lakeside Works Ltd,Jacqueline Kaminski,26236.12,2024-02-16,District 06
TXN-002197,Langford Commercial Works Inc,Hector Petrov,3746.99,2025-06-19,District 02
TXN-002198,Orchard Summit Infrastructure Inc,Pavel Delacroix,53486.52,2026-01-17,District 09
TXN-002199,Ashford Harbor Consulting Co,Antoine Persson,30379.87,2025-11-02,District 08
TXN-002200,Kingsmere Metro Holdings PLC,Helena Steffensen,36021.24,2025-01-19,District 08
TXN-002201,Glenmore Reliance Contractors PLC,Fabian Hartmann,34413.29,2025-07-25,District 05
TXN-002202,Vernon Sovereign Group Inc,Evander Thomassen,206347.93,2026-01-28,District 12
TXN-002203,Grantham Highland Trading LLC,Wilhelm Villanueva,52578.17,2025-03-30,District 08
TXN-002204,Moorfield Civic Consulting Inc,Rafaella Clemencic,8979.37,2025-04-28,District 06
TXN-002205,Norwood Metro Works PLC,Rurik Radovanovic,196792.43,2024-10-02,District 08
TXN-002206,Brookfield Atlas Engineering Inc,Florian Fontaine,12954.87,2025-05-01,District 10
TXN-002207,Grantham Metro Enterprises Inc,Yusuf Novak,89001.03,2025-10-27,District 08
TXN-002208,Ullswater Midland Contractors Co,Damien Girard,39991.75,2025-03-28,District 10
TXN-002209,Ashford Reliance Works Ltd,Camille Demirci,99475.94,2024-01-12,District 11
TXN-002210,Inglewood Titan Holdings PLC,Fabian Teodorescu,561572.83,2024-02-08,District 10
TXN-002211,Zephyr Industrial Services Inc,Adrian Kaufmann,91903.12,2025-08-03,District 07
TXN-002212,Dunmore Midland Consulting Ltd,Zara Vogel,97432.34,2025-12-11,District 03
TXN-002213,Oakridge Commercial Developments Inc,Tadeusz Wojcik,8986.99,2024-01-10,District 10
TXN-002214,Fairmont Metro Trading Inc,Elena Bakker,179232.30,2024-07-17,District 01
TXN-002215,Marlowe Prime Enterprises Co,Halvard Schneider,31342.75,2025-09-19,District 07
TXN-002216,Jessup Titan Works Ltd,Delphine Haugen,95897.88,2025-12-08,District 03
TXN-002217,Brookfield Civic Infrastructure PLC,Kaspar Marino,377963.06,2026-03-29,District 01
TXN-002218,Dunmore Apex Logistics Co,Nadia Caruso,125817.84,2024-09-05,District 02
TXN-002219,Underhill Zenith Engineering Co,Hector Nyberg,2636.47,2025-03-03,District 05
TXN-002220,Westbrook Harbor Logistics Inc,Beatriz Volkan,290444.66,2025-10-05,District 05
TXN-002221,Jessup Commercial Consulting Co,Thibault Dahlberg,22358.21,2025-04-10,District 09
TXN-002222,Redstone Metro Consulting Inc,Klaus Engstrom,285854.39,2024-01-13,District 11
TXN-002223,Bluecrest Marine Services LLC,Ingrid Sollas,19272.16,2024-05-23,District 09
TXN-002224,Vernon Civic Holdings Ltd,Delphine Halvorsen,355274.80,2025-05-19,District 02
TXN-002225,Foxglove Crestline Developments Ltd,Julien Saavedra,3458.66,2024-06-22,District 02
TXN-002226,Zephyr Commercial Trading LLC,Yelena Gauthier,75409.77,2025-11-02,District 03
TXN-002227,Jessup Coastal Engineering LLC,Lucian Nordin,151990.86,2025-03-17,District 05
TXN-002228,Thornbury Highland Group PLC,Amos Volkan,5331.93,2024-01-13,District 07
TXN-002229,Underhill Industrial Group LLC,Branislav Lukacs,673180.86,2024-04-14,District 07
TXN-002230,Trevor Highland Services PLC,Ivo Iversen,249835.23,2024-08-22,District 12
TXN-002231,Dunmore Pioneer Holdings Inc,Laura Fischer,625770.43,2025-10-16,District 06
TXN-002232,Underhill Sovereign Consulting Ltd,Ilse Teodorescu,47427.38,2024-06-09,District 07
TXN-002233,Fairmont Sovereign Partners Inc,Jelena Dahlberg,7525.63,2025-05-13,District 05
TXN-002234,Belmont Lakeside Group Co,Viktor Christensen,19542.74,2024-04-23,District 12
TXN-002235,Marlowe Highland Services Co,Yannick Silvestri,13303.43,2026-08-11,District 07
TXN-002236,Darlington Lakeside Enterprises Inc,Matteo Fontaine,5111.50,2026-02-05,District 01
TXN-002237,Blackwood Titan Services LLC,Gabriel Gauthier,447303.77,2025-09-05,District 09
TXN-002238,Stonebridge Reliance Services Ltd,Katarina Quaresma,137496.19,2024-11-17,District 02
TXN-002239,Grantham Civil Holdings Ltd,Boris Engstrom,32331.90,2024-05-22,District 05
TXN-002240,Dunmore Industrial Holdings PLC,Casper Dahlberg,90202.12,2025-12-11,District 03
TXN-002241,Eastvale Coastal Developments Ltd,Felix Braun,24020.48,2025-09-29,District 11
TXN-002242,Amberley Lakeside Holdings Co,Ivo Zajac,135611.25,2024-02-08,District 11
TXN-002243,Orchard Titan Works Ltd,Dalia Schneider,211709.88,2025-06-04,District 02
TXN-002244,Holloway Commercial Developments LLC,Branislav Bergstrom,63449.40,2024-07-07,District 05
TXN-002245,Devereux Harbor Services Inc,Beatriz Zajac,4229.95,2024-06-08,District 03
TXN-002246,Vernon Midland Engineering LLC,Pavel Demirci,171886.28,2024-12-06,District 02
TXN-002247,Pinewood Civic Works Inc,Halvard Richter,62805.62,2026-03-28,District 05
TXN-002248,Pinewood Harbor Holdings PLC,Matteo Vanek,757179.35,2024-07-04,District 05
TXN-002249,Northgate Crestline Logistics PLC,Yannick Ignatiev,31123.56,2026-02-20,District 09
TXN-002250,Westbrook Pioneer Holdings Ltd,Yannick Olszynski,14293.71,2026-03-07,District 04
TXN-002251,Darlington Reliance Logistics LLC,Tatiana Hartmann,27638.06,2024-03-09,District 12
TXN-002252,Eastvale Harbor Contractors Ltd,Magda Keller,6579.46,2025-01-04,District 09
TXN-002253,Eastvale Prime Services LLC,Severin Yilmaz,642103.11,2026-01-19,District 06
TXN-002254,Moorfield Apex Partners PLC,Emeline Scheffer,556807.34,2025-02-02,District 06
TXN-002255,Blackwood Industrial Solutions Inc,Katarina Pichler,241731.95,2026-01-30,District 07
TXN-002256,Grantham Pioneer Ventures LLC,Emeline Thomassen,24175.92,2025-05-14,District 03
TXN-002257,Blackwood Crestline Enterprises Co,Casper Dagher,325389.13,2025-01-04,District 02
TXN-002258,Marlowe Summit Solutions Ltd,Ivo Persson,2848.90,2024-01-11,District 03
TXN-002259,Orchard Lakeside Works Co,Enzo Corvin,314185.44,2024-03-20,District 06
TXN-002260,Eastvale Titan Solutions PLC,Rosalind Scheffer,41174.10,2024-10-18,District 02
TXN-002261,Darlington Lakeside Works PLC,Paolina Moreau,616224.01,2024-06-11,District 02
TXN-002262,Belmont Coastal Developments LLC,Guillaume Reyes,90127.00,2025-08-24,District 07
TXN-002263,Amberley Crestline Developments PLC,Anika Bakker,2604.72,2024-02-10,District 01
TXN-002264,Underhill Pioneer Consulting Ltd,Regina Laine,183840.16,2026-08-11,District 01
TXN-002265,Vernon Coastal Solutions Inc,Beatriz Lambert,30572.06,2024-04-09,District 08
TXN-002266,Grantham Metro Holdings Inc,Tatiana Szabo,47626.88,2025-08-12,District 05
TXN-002267,Larkspur Highland Contractors Co,Karina Pichler,551376.33,2024-02-17,District 06
TXN-002268,Vernon Apex Holdings Co,Yelena Slavik,4296.89,2024-12-07,District 08
TXN-002269,Northgate Highland Infrastructure LLC,Severin Lorenz,13999.33,2025-04-28,District 08
TXN-002270,Jessup Civic Contractors Inc,Katarina Mikkelsen,10468.36,2025-03-21,District 05
TXN-002271,Northmoor Equipment Rental,Ironvale Construction Group,722853.70,2025-11-07,District 06
TXN-002272,Foxglove Coastal Solutions PLC,Tatiana Oberlin,3889.15,2024-09-18,District 07
TXN-002273,Jessup Sovereign Ventures Inc,Katarina Kirkpatrick,631190.97,2024-09-10,District 03
TXN-002274,Marlowe Harbor Partners LLC,Tatiana Mertens,2632.37,2024-01-04,District 11
TXN-002275,Westbrook Midland Partners Co,Greta Johannsen,677293.44,2024-10-04,District 10
TXN-002276,Underhill Harbor Contractors LLC,Helena Scheffer,3174.73,2024-06-15,District 09
TXN-002277,Brookfield Civil Engineering Inc,Quentin Roth,289578.65,2025-02-13,District 10
TXN-002278,Trevor Reliance Holdings Co,Pablo Brogaard,14594.28,2024-09-30,District 01
TXN-002279,Clarence Crestline Infrastructure PLC,Erin Ferreira,385566.31,2026-01-17,District 08
TXN-002280,Thornbury Atlas Infrastructure Ltd,Amos Bauer,3313.27,2024-04-06,District 09
TXN-002281,Dunmore Apex Solutions LLC,Xenia Fischer,175880.92,2025-11-20,District 10
TXN-002282,Orchard Crestline Enterprises PLC,Severin Steffensen,292796.81,2024-11-28,District 12
TXN-002283,Larkspur Sovereign Group Ltd,Zoran Ursu,91535.68,2025-12-07,District 03
TXN-002284,Thornbury Commercial Contractors Ltd,Xenia Ursu,56204.80,2025-12-03,District 12
TXN-002285,Thornbury Civic Enterprises PLC,Janek Quaresma,5209.61,2024-06-16,District 05
TXN-002286,Trevor Midland Works PLC,Oskar Dahlberg,3452.70,2025-03-25,District 08
TXN-002287,Holloway Harbor Works PLC,Ilse Weber,348822.77,2024-08-29,District 09
TXN-002288,Foxglove Atlas Consulting Ltd,Alena Mikkelsen,838671.56,2024-04-11,District 02
TXN-002289,Redstone Highland Consulting Co,Julien Girard,5503.35,2024-07-31,District 04
TXN-002290,Grantham Commercial Enterprises PLC,Beatriz Slavik,9836.04,2026-01-25,District 11
TXN-002291,Copperfield Summit Services Inc,Sabine Capel,113434.96,2026-04-30,District 11
TXN-002292,Moorfield Reliance Ventures Co,Amos Blanchard,29058.54,2025-04-17,District 03
TXN-002293,Moorfield Commercial Solutions LLC,Lars Vasquez,221739.92,2026-04-18,District 01
TXN-002294,Underhill Zenith Services Co,Klaus Blanchard,7011.49,2024-09-26,District 07
TXN-002295,Eastvale Sovereign Ventures LLC,Viktor Marino,114527.15,2026-06-07,District 09
TXN-002296,Underhill Highland Contractors PLC,Sabine Silvestri,26273.43,2026-02-25,District 09
TXN-002297,Zephyr Summit Holdings Ltd,Jacqueline Jovanovic,96155.78,2025-08-20,District 07
TXN-002298,Elmhurst Prime Trading Co,Lucian Kaufmann,937066.23,2025-08-06,District 07
TXN-002299,Thornbury Reliance Consulting LLC,Yannick Rasmussen,752477.06,2026-08-08,District 04
TXN-002300,Foxglove Prime Logistics Inc,Karina Molinari,8219.19,2024-12-12,District 06
TXN-002301,Darlington Titan Enterprises Inc,Silvia Ionescu,53154.62,2025-06-27,District 02
TXN-002302,Cavendish Crestline Contractors Ltd,Evander Thiel,23855.69,2024-03-14,District 08
TXN-002303,Blackwood Reliance Developments Co,Wilhelm Georgiev,22505.15,2026-02-25,District 05
TXN-002304,Aldergate Crestline Enterprises Co,Quentin Kirkpatrick,4867.53,2024-11-03,District 11
TXN-002305,Amberley Lakeside Enterprises Ltd,Delphine Marchetti,2588.09,2026-06-30,District 05
TXN-002306,Blackwood Apex Contractors Inc,Conrad Delacroix,15861.39,2024-07-05,District 03
TXN-002307,Belmont Titan Services Inc,Zara Aaltonen,50198.34,2025-07-29,District 05
TXN-002308,Everly Commercial Holdings Ltd,Conrad Molinari,6874.79,2024-08-24,District 12
TXN-002309,Fenwick Apex Works Ltd,Klaus Dobrev,259547.24,2024-10-19,District 02
TXN-002310,Cavendish Harbor Enterprises Inc,Antoine Brogaard,4123.31,2026-05-29,District 03
TXN-002311,Wexford Summit Group LLC,Pablo Skovgaard,61644.23,2024-05-13,District 03
TXN-002312,Jessup Coastal Works Inc,Enzo Radovanovic,503907.53,2024-10-07,District 01
TXN-002313,Norwood Civic Trading LLC,Lucia Petrov,26704.59,2025-10-12,District 11
TXN-002314,Sandalwood Lakeside Enterprises Co,Cecelia Nyberg,301148.91,2025-03-07,District 10
TXN-002315,Vernon Reliance Trading LLC,Viktor Nordin,690531.01,2026-01-09,District 09
TXN-002316,Zephyr Pioneer Partners Ltd,Erin Lambert,225388.60,2024-09-09,District 08
TXN-002317,Larkspur Industrial Developments Co,Magda Andersson,177703.01,2024-12-15,District 01
TXN-002318,Jessup Atlas Holdings PLC,Kaspar Dobrev,15990.29,2024-07-06,District 05
TXN-002319,Northgate Civic Solutions PLC,Magda Silvestri,8864.49,2025-02-11,District 10
TXN-002320,Copperfield Highland Works Co,Amos Petrov,3655.08,2026-04-18,District 09
TXN-002321,Fairmont Apex Infrastructure Inc,Olaf Popescu,163601.97,2024-02-04,District 10
TXN-002322,Trevor Atlas Works Co,Stefan Mikkelsen,4664.62,2025-09-18,District 01
TXN-002323,Larkspur Crestline Enterprises Inc,Antoine Ignatiev,7411.96,2025-05-06,District 12
TXN-002324,Cavendish Civil Engineering Inc,Damien Castellan,75437.90,2024-04-29,District 01
TXN-002325,Fairmont Harbor Contractors LLC,Ulrike Lukacs,111260.53,2026-08-26,District 01
TXN-002326,Westbrook Civic Enterprises LLC,Olaf Corvin,441642.18,2026-07-26,District 08
TXN-002327,Langford Crestline Trading Co,Kaspar Weiss,131672.19,2026-06-07,District 07
TXN-002328,Kirkwood Harbor Logistics Ltd,Boris Lorenz,7544.96,2024-05-07,District 04
TXN-002329,Norwood Prime Solutions Inc,Oskar Scheffer,108285.35,2025-11-16,District 06
TXN-002330,Everly Titan Consulting Co,Rene Braun,14746.78,2026-02-25,District 05
TXN-002331,Ullswater Pioneer Contractors Inc,Dalia Clemencic,269511.28,2026-01-27,District 02
TXN-002332,Wexford Harbor Engineering LLC,Ilse Ursu,7598.85,2025-07-03,District 02
TXN-002333,Holloway Highland Developments Inc,Margaux Stark,239915.94,2024-01-09,District 02
TXN-002334,Vernon Atlas Logistics PLC,Vera Andersson,178915.79,2026-06-15,District 05
TXN-002335,Queensbury Civil Engineering Co,Fiona Bondarenko,24295.63,2025-03-30,District 11
TXN-002336,Kirkwood Lakeside Services Ltd,Lena Escobar,128110.56,2025-03-03,District 08
TXN-002337,Glenmore Summit Enterprises PLC,Branislav Hoffmann,173673.71,2026-01-01,District 02
TXN-002338,Sandalwood Crestline Developments Inc,Estelle Haugen,337312.99,2024-09-08,District 01
TXN-002339,Harlow Civil Works PLC,Adrian Karlsen,6383.28,2025-05-04,District 12
TXN-002340,Fairmont Pioneer Group LLC,Noor Kirkpatrick,81208.85,2024-11-15,District 03
TXN-002341,Grantham Apex Developments LLC,Lucian Braun,3028.91,2026-02-17,District 11
TXN-002342,Glenmore Pioneer Contractors Co,Gabriel Sauer,211880.27,2024-03-24,District 10
TXN-002343,Darlington Civic Enterprises Co,Farida Castellan,19156.50,2025-02-28,District 12
TXN-002344,Fenwick Metro Solutions Co,Damien Ursu,113497.29,2026-03-05,District 04
TXN-002345,Fenwick Crestline Solutions Inc,Thibault Petrov,98406.84,2024-06-09,District 12
TXN-002346,Clarence Civic Ventures Co,Ilse Pelletier,38792.82,2026-02-13,District 01
TXN-002347,Westbrook Atlas Contractors Ltd,Laurent Dagher,8290.57,2024-09-27,District 02
TXN-002348,Aldergate Lakeside Ventures Ltd,Samir Karlsen,217429.31,2024-08-02,District 01
TXN-002349,Grantham Highland Consulting LLC,Dorian Castellan,7701.02,2025-07-03,District 05
TXN-002350,Holloway Atlas Contractors Inc,Anika Roth,614176.97,2026-04-30,District 05
TXN-002351,Copperfield Coastal Engineering LLC,Matteo Christensen,16781.64,2024-09-19,District 09
TXN-002352,Westbrook Summit Engineering PLC,Lena Mueller,2655.57,2026-02-25,District 07
TXN-002353,Kingsmere Civic Solutions Ltd,Antoine Georgiev,7784.81,2026-02-02,District 02
TXN-002354,Sandalwood Metro Group Ltd,Matteo Karlsen,14542.64,2024-06-04,District 07
TXN-002355,Ashford Reliance Contractors LLC,Rosalind Georgiev,26452.86,2024-08-22,District 09
TXN-002356,Amberley Crestline Logistics LLC,Beatriz Bondarenko,335395.54,2025-10-12,District 12
TXN-002357,Ashford Lakeside Logistics PLC,Petra Sandberg,11336.31,2024-10-02,District 10
TXN-002358,Devereux Pioneer Group PLC,Severin Ferreira,21491.13,2024-12-22,District 12
TXN-002359,Redstone Lakeside Developments PLC,Silvia Halvorsen,6673.40,2026-04-03,District 10
TXN-002360,Thornbury Industrial Solutions PLC,Leona Richter,224387.29,2025-04-28,District 08
TXN-002361,Tongi Builders Ltd,Rafiqul Hasan,3320.59,2024-02-04,District 05
TXN-002362,Harlow Crestline Holdings Ltd,Amos Nyberg,3006.28,2026-06-05,District 11
TXN-002363,Trevor Pioneer Infrastructure Co,Regina Magnusson,17141.21,2025-07-06,District 03
TXN-002364,Wexford Industrial Consulting Inc,Ulrike Wendel,32207.06,2025-07-10,District 11
TXN-002365,Kirkwood Civil Engineering Ltd,Olivia Halvorsen,221202.40,2025-01-10,District 05
TXN-002366,Pinewood Commercial Logistics Inc,Dalia Lambert,25861.06,2025-03-06,District 09
TXN-002367,Inglewood Atlas Enterprises Co,Quentin Zajac,10027.13,2024-10-27,District 12
TXN-002368,Underhill Summit Logistics Ltd,Gabriel Pichler,92112.22,2025-12-03,District 09
TXN-002369,Moorfield Reliance Trading PLC,Farida Salvati,332991.09,2025-12-04,District 11
TXN-002370,Yorkfield Coastal Consulting Co,Quentin Salvati,150199.09,2025-01-19,District 02
TXN-002371,Marlowe Metro Contractors Co,Emeline Richter,106960.64,2026-02-11,District 06
TXN-002372,Dunmore Sovereign Works Inc,Petra Zajac,16880.32,2024-12-18,District 02
TXN-002373,Foxglove Atlas Solutions LLC,Erin Corvin,7657.29,2024-07-23,District 08
TXN-002374,Blackwood Prime Logistics PLC,Halvard Arnaud,7875.80,2025-11-07,District 10
TXN-002375,Redstone Civic Engineering Ltd,Dorian Johannsen,6417.19,2024-08-26,District 06
TXN-002376,Elmhurst Prime Contractors Inc,Thibault Delacroix,63187.25,2025-08-29,District 07
TXN-002377,Trevor Civil Group PLC,Rasmus Delacroix,24576.81,2026-06-16,District 06
TXN-002378,Ashford Metro Trading LLC,Hugo Kirkpatrick,433863.94,2024-01-22,District 10
TXN-002379,Ullswater Midland Works PLC,Severin Kirkpatrick,235598.70,2024-03-07,District 11
TXN-002380,Wexford Highland Enterprises Co,Lars Bakker,445042.07,2025-10-17,District 04
TXN-002381,Grantham Titan Trading LLC,Janek Graziani,673919.80,2025-01-31,District 12
TXN-002382,Langford Highland Group PLC,Stefan Andersson,106128.96,2024-01-16,District 02
TXN-002383,Stonebridge Commercial Developments LLC,Xenia Klassen,35865.16,2024-07-15,District 04
TXN-002384,Westbrook Highland Engineering Ltd,Valentin Hartmann,42651.20,2026-06-21,District 06
TXN-002385,Thornbury Civil Solutions Co,Evander Dagher,5762.40,2025-10-24,District 10
TXN-002386,Marlowe Zenith Group PLC,Nadia Marchetti,54534.46,2025-08-23,District 12
TXN-002387,Blackwood Coastal Group Inc,Elena Saavedra,15930.79,2025-01-16,District 03
TXN-002388,Stonebridge Titan Group Inc,Rurik Delacroix,7134.05,2026-03-20,District 11
TXN-002389,Ullswater Harbor Solutions Ltd,Fiona Weiss,367055.54,2026-03-21,District 07
TXN-002390,Aldergate Civil Services PLC,Alena Reyes,70500.11,2026-07-28,District 12
TXN-002391,Zephyr Coastal Engineering Inc,Magda Fontaine,210226.18,2025-01-07,District 03
TXN-002392,Yorkfield Industrial Partners LLC,Paolina Meier,2654.36,2024-12-19,District 02
TXN-002393,Oakridge Industrial Engineering PLC,Kaspar Zielinski,28146.79,2024-04-29,District 11
TXN-002394,Harlow Harbor Consulting Co,Julien Mueller,726626.91,2024-09-25,District 02
TXN-002395,Blackwood Zenith Logistics Inc,Amos Rasmussen,29784.46,2025-12-07,District 03
TXN-002396,Fenwick Pioneer Contractors LLC,Zara Mikkelsen,43795.24,2026-08-19,District 01
TXN-002397,Fairmont Sovereign Engineering Inc,Guillaume Dahlberg,475184.52,2025-04-29,District 01
TXN-002398,Everly Crestline Engineering Ltd,Noor Schneider,552750.84,2026-01-04,District 04
TXN-002399,Ashford Metro Services PLC,Regina Jovanovic,423584.80,2026-06-21,District 07
TXN-002400,Glenmore Industrial Ventures PLC,Halvard Johannsen,20736.58,2025-12-06,District 05
TXN-002401,Zephyr Industrial Solutions PLC,Tatiana Keller,25813.10,2024-08-12,District 06
TXN-002402,Copperfield Summit Enterprises Inc,Dmitri Nyberg,465331.21,2024-08-18,District 02
TXN-002403,Harlow Commercial Consulting Ltd,Kaspar Magnusson,24757.67,2026-05-12,District 10
TXN-002404,Ullswater Pioneer Trading LLC,Camille Girard,21004.32,2025-11-10,District 12
TXN-002405,Northgate Harbor Engineering Inc,Delphine Dupont,24988.19,2026-09-07,District 11
TXN-002406,Yorkfield Reliance Infrastructure LLC,Ulrike Nyberg,49236.91,2025-05-29,District 06
TXN-002407,Larkspur Crestline Ventures Co,Katarina Castellan,6607.35,2025-01-22,District 07
TXN-002408,Sandalwood Industrial Logistics PLC,Beatriz Bauer,100123.53,2025-01-08,District 08
TXN-002409,Yorkfield Apex Developments Co,Ulrike Jankowski,3505.42,2026-05-17,District 02
TXN-002410,Eastvale Coastal Infrastructure Inc,Adrian Caruso,44948.50,2024-11-23,District 07
TXN-002411,Dunmore Crestline Infrastructure Co,Wilhelm Clemencic,133357.89,2025-09-01,District 01
TXN-002412,Underhill Reliance Developments PLC,Noor Ursu,144462.92,2025-11-10,District 08
TXN-002413,Marlowe Metro Partners Ltd,Lucian Capel,97495.16,2025-08-27,District 07
TXN-002414,Moorfield Metro Contractors Inc,Paolina Wendel,55425.72,2024-10-04,District 09
TXN-002415,Darlington Titan Trading LLC,Jonas Kaminski,556277.08,2025-07-15,District 02
TXN-002416,Zephyr Harbor Developments Inc,Laurent Marchetti,35683.76,2024-10-28,District 04
TXN-002417,Ullswater Crestline Partners LLC,Ulrike Karlsen,200742.83,2025-02-01,District 12
TXN-002418,Stonebridge Sovereign Developments Inc,Pablo Dobrev,82086.94,2026-08-21,District 06
TXN-002419,Darlington Sovereign Consulting Ltd,Pablo Marino,4299.76,2026-03-31,District 02
TXN-002420,Grantham Civic Holdings Co,Guillaume Thomassen,119151.58,2024-04-04,District 08
TXN-002421,Stonebridge Coastal Engineering PLC,Miranda Laine,6785.26,2024-09-21,District 07
TXN-002422,Amberley Titan Holdings LLC,Margaux Vasquez,9830.88,2025-08-25,District 03
TXN-002423,Oakridge Civil Trading Co,Casper Braun,6263.43,2024-04-17,District 10
TXN-002424,Belmont Harbor Trading Ltd,Hugo Christensen,90182.66,2025-08-12,District 07
TXN-002425,Holloway Lakeside Logistics Inc,Anika Klassen,32754.91,2025-01-12,District 10
TXN-002426,Ashford Reliance Solutions Inc,Delphine Falkenstein,3962.64,2025-10-11,District 06
TXN-002427,Elmhurst Summit Partners Co,Petra Molinari,4118.40,2026-05-04,District 08
TXN-002428,Jessup Prime Solutions Co,Dalia Kaufmann,5975.79,2024-10-08,District 09
TXN-002429,Marlowe Civil Works Inc,Leona Steffensen,11201.41,2025-04-03,District 04
TXN-002430,Oakridge Titan Holdings PLC,Enzo Vanek,10841.99,2024-08-14,District 05
TXN-002431,Larkspur Sovereign Enterprises Ltd,Regina Rosqvist,38310.18,2025-04-27,District 09
TXN-002432,Larkspur Commercial Contractors Co,Adrian Christensen,49054.27,2024-11-11,District 05
TXN-002433,Sandalwood Midland Contractors PLC,Ivo Reyes,43804.43,2025-10-14,District 08
TXN-002434,Holloway Commercial Logistics Ltd,Kaspar Rasmussen,9013.86,2024-12-15,District 11
TXN-002435,Amberley Civic Consulting Ltd,Samir Jankowski,69182.34,2024-04-08,District 03
TXN-002436,Bluecrest Marine Services LLC,Ingrid Sollas,437448.65,2024-03-05,District 09
TXN-002437,Kirkwood Zenith Enterprises Ltd,Silvia Blanchard,20651.75,2026-07-31,District 11
TXN-002438,Underhill Reliance Services LLC,Beatriz Demirci,40867.98,2026-02-03,District 03
TXN-002439,Radcliffe Metro Group Co,Hugo Olszynski,5465.35,2025-01-25,District 10
TXN-002440,Stonebridge Midland Logistics PLC,Casper Saavedra,95265.37,2025-11-24,District 12
TXN-002441,Amberley Highland Consulting PLC,Margaux Wojcik,336460.10,2026-08-18,District 01
TXN-002442,Kingsmere Metro Group PLC,Laura Magnusson,3969.77,2025-10-18,District 05
TXN-002443,Fairmont Summit Group Co,Elena Georgiev,94151.70,2025-08-26,District 07
TXN-002444,Westbrook Lakeside Infrastructure Co,Jonas Laine,583478.83,2025-08-27,District 04
TXN-002445,Orchard Civil Infrastructure Co,Gabriel Blanchard,25784.31,2026-02-01,District 12
TXN-002446,Everly Coastal Engineering LLC,Katarina Pelletier,6624.38,2025-10-18,District 07
TXN-002447,Langford Pioneer Works LLC,Petra Gauthier,79548.62,2024-03-15,District 06
TXN-002448,Moorfield Atlas Services PLC,Casper Escobar,66120.09,2024-07-10,District 10
TXN-002449,Eastvale Sovereign Group LLC,Dorian Sauer,15769.93,2024-08-26,District 12
TXN-002450,Larkspur Summit Ventures Ltd,Camille Fontaine,19935.17,2024-06-19,District 05
TXN-002451,Wexford Sovereign Logistics Inc,Antoine Quaresma,62961.33,2024-04-21,District 09
TXN-002452,Clarence Apex Infrastructure Inc,Rene Stark,730228.12,2024-06-04,District 06
TXN-002453,Glenmore Coastal Engineering Ltd,Severin Moreau,60561.96,2025-02-04,District 03
TXN-002454,Devereux Industrial Solutions Inc,Noor Pichler,106206.93,2025-11-25,District 08
TXN-002455,Norwood Prime Engineering LLC,Damien Demirci,620113.98,2025-05-29,District 03
TXN-002456,Devereux Titan Solutions PLC,Hector Saavedra,209452.31,2025-08-30,District 11
TXN-002457,Trevor Harbor Trading LLC,Laura Yilmaz,31566.48,2025-11-13,District 08
TXN-002458,Pinewood Highland Works PLC,Leona Schneider,101269.10,2026-05-17,District 09
TXN-002459,Moorfield Commercial Logistics PLC,Boris Ursu,374728.61,2026-05-28,District 02
TXN-002460,Trevor Highland Contractors Ltd,Enzo Dupont,131546.71,2024-01-06,District 03
TXN-002461,Larkspur Metro Logistics Co,Gabriel Molinari,138986.88,2024-09-06,District 11
TXN-002462,Vernon Harbor Engineering Co,Hugo Vasquez,19963.93,2024-11-26,District 07
TXN-002463,Marlowe Crestline Contractors Ltd,Yannick Oberlin,597109.19,2026-08-13,District 11
TXN-002464,Inglewood Midland Works Co,Sabine Popescu,15804.93,2026-03-08,District 01
TXN-002465,Glenmore Reliance Group Co,Dalia Pichler,4655.15,2025-08-25,District 05
TXN-002466,Blackwood Summit Works PLC,Ivo Teodorescu,8161.47,2024-09-23,District 05
TXN-002467,Aldergate Highland Engineering Inc,Elias Thiel,47087.47,2026-06-02,District 04
TXN-002468,Belmont Metro Holdings Co,Greta Ursu,12078.32,2025-07-19,District 10
TXN-002469,Glenmore Highland Partners Co,Lucia Moreau,27323.27,2024-12-17,District 10
TXN-002470,Copperfield Reliance Solutions LLC,Helena Thomassen,192516.06,2025-09-17,District 11
TXN-002471,Vernon Crestline Trading PLC,Aaron Jankowski,14769.16,2026-06-18,District 07
TXN-002472,Amberley Metro Ventures Ltd,Nikolai Fontaine,342311.54,2024-04-22,District 02
TXN-002473,Thornbury Apex Consulting Co,Wilhelm Chaudhry,75248.92,2024-11-02,District 09
TXN-002474,Westbrook Zenith Contractors Ltd,Stefan Ignatiev,35037.22,2024-07-19,District 07
TXN-002475,Sandalwood Industrial Holdings Inc,Greta Wallin,101449.13,2025-04-01,District 12
TXN-002476,Ashford Midland Enterprises PLC,Alena Demirci,20470.91,2025-04-07,District 12
TXN-002477,Trevor Crestline Services Inc,Antoine Weiss,916570.91,2026-07-13,District 10
TXN-002478,Vernon Titan Logistics LLC,Severin Dagher,16129.79,2024-03-09,District 01
TXN-002479,Queensbury Civic Ventures LLC,Tadeusz Engstrom,29802.13,2025-09-11,District 04
TXN-002480,Moorfield Civic Infrastructure Inc,Alena Hartmann,801233.46,2025-04-28,District 08
TXN-002481,Westbrook Civic Logistics LLC,Ulrike Olszynski,92237.53,2026-03-17,District 06
TXN-002482,Pinewood Highland Infrastructure Ltd,Hector Marchetti,5420.62,2024-10-04,District 10
TXN-002483,Orchard Midland Holdings PLC,Zara Magnusson,105322.05,2024-09-13,District 07
TXN-002484,Oakridge Midland Services PLC,Jelena Andersson,291534.24,2025-02-01,District 10
TXN-002485,Foxglove Coastal Contractors Co,Yannick Pichler,49683.97,2024-12-27,District 08
TXN-002486,Pinewood Titan Works Ltd,Sabine Moreau,165068.03,2025-12-13,District 11
TXN-002487,Darlington Midland Developments LLC,Evander Sandberg,10818.96,2026-08-17,District 04
TXN-002488,Elmhurst Crestline Holdings Ltd,Nikolai Kaminski,72860.42,2024-01-05,District 02
TXN-002489,Kingsmere Lakeside Solutions LLC,Beatriz Braun,43345.56,2025-05-03,District 08
TXN-002490,Clarence Prime Group PLC,Beatriz Thomassen,3261.79,2024-02-12,District 06
TXN-002491,Holloway Sovereign Works PLC,Nadia Molinari,13957.16,2024-01-25,District 01
TXN-002492,Holloway Harbor Services Ltd,Camille Mueller,34367.48,2026-03-27,District 12
TXN-002493,Golden Harvest Agro Co.,Tomas Ekstrom,29304.30,2025-01-22,District 11
TXN-002494,Elmhurst Lakeside Trading Inc,Helena Slavik,33408.57,2026-01-30,District 06
TXN-002495,Aldergate Midland Developments Inc,Xenia Sandberg,4001.22,2025-06-03,District 09
TXN-002496,Ashford Apex Contractors LLC,Yelena Ignatiev,2590.01,2025-03-19,District 08
TXN-002497,Cavendish Crestline Works Co,Jacqueline Vanek,7836.60,2026-07-16,District 06
TXN-002498,Belmont Civic Services LLC,Damien Fontaine,663753.68,2024-01-07,District 12
TXN-002499,Blackwood Coastal Services PLC,Petra Villanueva,362108.57,2024-11-13,District 06
TXN-002500,Belmont Civil Contractors Co,Elias Wojcik,90176.74,2024-10-23,District 05
TXN-002501,Radcliffe Industrial Logistics Inc,Regina Schneider,61409.41,2026-05-18,District 09
TXN-002502,Westbrook Zenith Engineering Ltd,Petra Petrov,445115.12,2025-08-31,District 11
TXN-002503,Grantham Sovereign Enterprises LLC,Klaus Szabo,564861.43,2025-01-06,District 09
TXN-002504,Pinewood Highland Holdings Co,Amos Persson,59865.34,2024-07-17,District 03
TXN-002505,Orchard Industrial Works Ltd,Valentin Laine,543381.63,2025-04-27,District 04
TXN-002506,Everly Lakeside Holdings LLC,Stefan Weiss,246168.48,2024-04-01,District 07
TXN-002507,Oakridge Prime Services Ltd,Klaus Tolvanen,21225.10,2024-04-25,District 10
TXN-002508,Radcliffe Prime Consulting LLC,Rosalind Olszynski,8243.28,2026-01-08,District 03
TXN-002509,Zephyr Highland Works Ltd,Ivo Keller,5904.67,2025-03-14,District 12
TXN-002510,Devereux Lakeside Trading Co,Estelle Marino,141368.76,2025-02-25,District 11
TXN-002511,Trevor Metro Consulting Inc,Florian Scheffer,77276.44,2024-01-30,District 05
TXN-002512,Yorkfield Prime Ventures LLC,Dmitri Oberlin,160096.48,2024-07-18,District 09
TXN-002513,Blackwood Civil Group Co,Hanna Volkan,890617.34,2026-06-09,District 07
TXN-002514,Zephyr Metro Solutions Co,Emeline Silvestri,374391.49,2026-07-05,District 06
TXN-002515,Pinewood Civic Consulting Inc,Antoine Beaumont,287525.97,2026-08-02,District 12
TXN-002516,Redstone Lakeside Logistics Co,Emeline Ignatiev,7630.36,2024-01-14,District 10
TXN-002517,Brookfield Crestline Trading Co,Tadeusz Marino,3310.75,2024-02-13,District 03
TXN-002518,Cavendish Highland Solutions Inc,Dalia Iversen,99229.20,2024-01-22,District 07
TXN-002519,Northgate Summit Solutions Inc,Aaron Pedersen,187245.85,2024-03-28,District 09
TXN-002520,Pinewood Crestline Contractors LLC,Nadia Saavedra,65723.63,2025-07-16,District 08
TXN-002521,Amberley Industrial Solutions Inc,Olivia Marchetti,414070.32,2024-06-04,District 12
TXN-002522,Everly Zenith Group LLC,Jacqueline Bauer,98042.86,2025-12-10,District 03
TXN-002523,Eastvale Industrial Contractors Co,Thibault Yilmaz,5390.60,2025-04-10,District 10
TXN-002524,Elmhurst Titan Enterprises Ltd,Severin Vanek,31638.64,2025-01-17,District 04
TXN-002525,Yorkfield Apex Infrastructure LLC,Fabian Scheffer,16556.98,2024-02-29,District 04
TXN-002526,Radcliffe Coastal Works Inc,Lars Meier,25750.10,2025-09-18,District 08
TXN-002527,Pinewood Crestline Enterprises Inc,Sanne Stark,10606.64,2025-01-07,District 10
TXN-002528,Larkspur Titan Logistics Inc,Anika Zanetti,39277.63,2025-12-20,District 08
TXN-002529,Marlowe Titan Partners PLC,Zoran Iversen,59413.01,2024-09-14,District 12
TXN-002530,Vernon Lakeside Trading Inc,Yelena Mueller,169942.19,2026-08-10,District 02
TXN-002531,Norwood Zenith Contractors PLC,Rosalind Ferreira,8858.00,2025-10-05,District 07
TXN-002532,Trevor Zenith Consulting Inc,Halvard Stark,86918.58,2024-04-27,District 03
TXN-002533,Darlington Prime Trading Ltd,Julien Laine,887624.22,2024-04-01,District 05
TXN-002534,Copperfield Zenith Contractors LLC,Laura Caruso,804960.53,2026-01-31,District 02
TXN-002535,Belmont Civic Ventures Ltd,Xenia Magnusson,156888.74,2024-03-02,District 03
TXN-002536,Langford Atlas Partners Co,Nadia Ursu,19537.68,2025-12-16,District 02
TXN-002537,Underhill Reliance Partners Inc,Lucian Haugen,415414.44,2024-06-14,District 03
TXN-002538,Copperfield Prime Contractors Ltd,Olivia Klassen,29958.78,2026-07-14,District 09
TXN-002539,Everly Civil Ventures Ltd,Samir Sebesta,61517.39,2024-10-21,District 12
TXN-002540,Aldergate Civil Contractors LLC,Rene Sebesta,266018.84,2026-04-20,District 06
TXN-002541,Cavendish Highland Trading Inc,Severin Karlsen,469174.30,2025-12-14,District 04
TXN-002542,Northgate Zenith Logistics Ltd,Matteo Rasmussen,99338.52,2025-12-17,District 03
TXN-002543,Amberley Civic Engineering Co,Dmitri Petrov,13627.25,2026-04-05,District 06
TXN-002544,Ullswater Civic Partners Ltd,Casper Delacroix,701530.01,2026-05-21,District 02
TXN-002545,Yorkfield Apex Logistics LLC,Yelena Meier,4134.24,2024-02-01,District 07
TXN-002546,Harlow Crestline Contractors Inc,Damien Haugen,6050.98,2024-09-04,District 08
TXN-002547,Sandalwood Midland Contractors Inc,Jelena Jovanovic,307810.53,2026-04-30,District 10
TXN-002548,Kirkwood Highland Infrastructure LLC,Hector Zajac,894779.85,2025-10-20,District 01
TXN-002549,Blackwood Commercial Engineering PLC,Rurik Marchetti,619006.38,2025-07-25,District 05
TXN-002550,Belmont Summit Trading Co,Alena Pelletier,5929.43,2025-01-21,District 12
TXN-002551,Pinewood Titan Ventures LLC,Fiona Engstrom,4695.40,2026-01-21,District 11
TXN-002552,Fenwick Apex Partners Inc,Kaspar Olszynski,62634.14,2024-06-22,District 07
TXN-002553,Tongi Bldrs Limited,Rafiqul Hasan,7840.61,2025-10-17,District 05
TXN-002554,Everly Apex Solutions Inc,Lucia Dobrev,543102.17,2025-04-16,District 04
TXN-002555,Copperfield Coastal Partners Ltd,Tadeusz Tarnowski,178593.64,2024-08-19,District 10
TXN-002556,Amberley Metro Engineering LLC,Rasmus Saavedra,67548.45,2026-04-19,District 06
TXN-002557,Fenwick Apex Trading Inc,Katarina Kaminski,181060.42,2026-02-19,District 03
TXN-002558,Cavendish Pioneer Consulting Ltd,Zara Gauthier,48300.43,2026-01-20,District 11
TXN-002559,Oakridge Harbor Group LLC,Miranda Lambert,8302.77,2026-09-02,District 07
TXN-002560,Elmhurst Lakeside Holdings Ltd,Camille Marchetti,17636.49,2025-09-13,District 01
TXN-002561,Dunmore Industrial Partners Inc,Elena Salvati,23151.25,2025-05-30,District 03
TXN-002562,Moorfield Zenith Works Ltd,Nadia Jovanovic,53505.63,2024-02-18,District 03
TXN-002563,Ashford Lakeside Group Inc,Halvard Silvestri,8008.96,2024-02-03,District 11
TXN-002564,Fenwick Atlas Works Inc,Nikolai Pelletier,110640.79,2024-04-12,District 08
TXN-002565,Ashford Commercial Infrastructure LLC,Quentin Girard,16240.15,2026-06-10,District 10
TXN-002566,Larkspur Industrial Consulting Ltd,Ulrike Molinari,2798.81,2024-07-22,District 05
TXN-002567,Copperfield Midland Partners Co,Branislav Johannsen,16534.31,2024-10-06,District 10
TXN-002568,Fenwick Highland Enterprises Inc,Olaf Chaudhry,278950.03,2024-10-15,District 08
TXN-002569,Harlow Prime Solutions Co,Dorian Brogaard,5971.67,2026-07-28,District 05
TXN-002570,Radcliffe Crestline Engineering LLC,Fiona Popescu,50829.93,2025-08-16,District 11
TXN-002571,Everly Reliance Partners LLC,Halvard Steffensen,88489.85,2024-03-22,District 12
TXN-002572,Dunmore Zenith Partners PLC,Petra Weber,3388.97,2024-07-04,District 02
TXN-002573,Marlowe Industrial Services Co,Tadeusz Wendel,521388.76,2024-10-05,District 03
TXN-002574,Kingsmere Coastal Enterprises PLC,Rasmus Dietrich,284518.69,2024-05-25,District 04
TXN-002575,Brookfield Highland Contractors Inc,Olaf Iversen,24565.03,2026-04-10,District 02
TXN-002576,Harlow Zenith Holdings Co,Zara Eekhoff,479172.82,2026-02-28,District 11
TXN-002577,Oakridge Commercial Group Ltd,Erin Pichler,319257.68,2024-09-17,District 01
TXN-002578,Foxglove Sovereign Consulting LLC,Ulrike Pelletier,3062.01,2024-07-04,District 09
TXN-002579,Zephyr Sovereign Works Co,Damien Thomassen,108701.17,2026-05-30,District 05
TXN-002580,Amberley Reliance Solutions Inc,Hector Jovanovic,62796.65,2025-01-21,District 07
TXN-002581,Moorfield Metro Solutions Inc,Dalia Slavik,664397.79,2026-03-15,District 12
TXN-002582,Darlington Coastal Partners Inc,Alena Castellan,6460.64,2024-07-31,District 08
TXN-002583,Ullswater Midland Solutions LLC,Sanne Zielinski,189232.86,2024-09-25,District 06
TXN-002584,Zephyr Zenith Solutions Co,Lucian Corvin,26353.74,2024-05-19,District 02
TXN-002585,Grantham Sovereign Infrastructure LLC,Lars Corvin,4504.46,2025-05-31,District 12
TXN-002586,Westbrook Apex Holdings Ltd,Lucian Keller,6003.56,2025-09-14,District 09
TXN-002587,Amberley Commercial Group LLC,Evander Jovanovic,101406.93,2024-08-09,District 05
TXN-002588,Fairmont Highland Contractors Inc,Camille Pedersen,32201.41,2024-12-10,District 06
TXN-002589,Eastvale Lakeside Ventures Co,Enzo Haugen,3678.00,2025-06-17,District 08
TXN-002590,Aldergate Lakeside Group PLC,Jonas Bauer,58461.02,2026-02-23,District 01
TXN-002591,Radcliffe Metro Contractors Co,Xenia Lindqvist,12585.19,2024-06-18,District 02
TXN-002592,Elmhurst Reliance Developments Co,Beatriz Graziani,35801.67,2024-05-10,District 01
TXN-002593,Holloway Commercial Services Co,Valentin Fischer,97767.01,2025-10-30,District 07
TXN-002594,Westbrook Titan Services Ltd,Elena Hoffmann,6086.37,2025-09-19,District 06
TXN-002595,Oakridge Midland Developments PLC,Silvia Meier,3029.08,2026-02-24,District 05
TXN-002596,Cavendish Commercial Services PLC,Vera Johannsen,4991.23,2026-03-06,District 06
TXN-002597,Kingsmere Titan Ventures LLC,Oskar Corvin,387494.84,2025-05-13,District 10
TXN-002598,Grantham Prime Ventures LLC,Hector Lukacs,10907.07,2024-08-26,District 11
TXN-002599,Inglewood Midland Trading LLC,Karina Bakker,2537.30,2026-03-31,District 08
TXN-002600,Cavendish Pioneer Ventures LLC,Cecelia Marchetti,21328.13,2024-02-09,District 03
TXN-002601,Marlowe Civil Contractors PLC,Beatriz Aaltonen,778489.83,2024-02-01,District 01
TXN-002602,Redstone Industrial Works LLC,Elena Andersson,7714.93,2025-05-07,District 07
TXN-002603,Trevor Harbor Contractors PLC,Florian Novak,5139.40,2026-04-24,District 10
TXN-002604,Underhill Civil Solutions PLC,Camille Hartmann,3998.71,2024-10-14,District 12
TXN-002605,Elmhurst Coastal Engineering PLC,Dorian Bakker,234874.71,2025-12-28,District 02
TXN-002606,Harlow Crestline Infrastructure LLC,Rurik Stark,7957.95,2025-04-22,District 10
TXN-002607,Redstone Lakeside Works Inc,Elena Jankowski,141055.58,2024-03-01,District 02
TXN-002608,Zephyr Crestline Engineering Co,Miranda Tolvanen,17198.71,2024-04-22,District 06
TXN-002609,Thornbury Prime Group Inc,Oskar Zielinski,3698.66,2025-03-03,District 02
TXN-002610,Cavendish Civic Trading PLC,Rene Clemencic,61986.81,2026-07-30,District 06
TXN-002611,Belmont Summit Partners Co,Helena Salvati,69728.49,2025-10-13,District 12
TXN-002612,Blackwood Zenith Holdings Inc,Beatriz Capel,306762.13,2026-02-02,District 01
TXN-002613,Marlowe Sovereign Enterprises Ltd,Greta Petrov,141712.80,2026-05-01,District 08
TXN-002614,Darlington Prime Ventures LLC,Quentin Teodorescu,2576.25,2024-05-23,District 05
TXN-002615,Trevor Crestline Partners LLC,Rasmus Petrov,11273.94,2025-11-28,District 05
TXN-002616,Oakridge Pioneer Developments Inc,Erin Petrov,3774.98,2025-08-31,District 03
TXN-002617,Stonebridge Civic Group LLC,Delphine Capel,2546.15,2025-04-10,District 04
TXN-002618,Grantham Prime Works Inc,Jacqueline Magnusson,45532.32,2024-01-29,District 08
TXN-002619,Stonebridge Commercial Developments Ltd,Samir Petrov,877600.77,2026-05-14,District 05
TXN-002620,Everly Metro Enterprises LLC,Amos Johannsen,267270.10,2025-09-16,District 03
TXN-002621,Fairmont Lakeside Trading LLC,Yelena Braun,4096.18,2024-01-17,District 02
TXN-002622,Blackwood Prime Developments Ltd,Boris Pichler,45659.81,2024-10-27,District 10
TXN-002623,Pinewood Commercial Contractors Ltd,Alena Volkan,22566.85,2026-01-27,District 09
TXN-002624,Westbrook Industrial Partners LLC,Rosalind Aaltonen,5620.55,2024-11-01,District 05
TXN-002625,Larkspur Civil Solutions Inc,Wilhelm Arnaud,9293.37,2025-08-08,District 12
TXN-002626,Elmhurst Apex Group LLC,Noor Mueller,13460.36,2024-03-26,District 08
TXN-002627,Northgate Civic Trading LLC,Cecelia Arnaud,98650.64,2025-02-26,District 06
TXN-002628,Wexford Midland Works Co,Rene Halvorsen,3420.22,2025-12-07,District 11
TXN-002629,Ashford Metro Works Ltd,Noor Saavedra,80762.13,2024-04-10,District 07
TXN-002630,Blackwood Midland Engineering Inc,Amos Iversen,270876.19,2025-08-28,District 06
TXN-002631,Sandalwood Civil Developments Ltd,Branislav Georgiev,7853.72,2025-04-05,District 12
TXN-002632,Pinewood Civic Contractors PLC,Yusuf Stark,187452.95,2026-06-08,District 08
TXN-002633,Foxglove Commercial Consulting Ltd,Xenia Graziani,111806.02,2024-08-15,District 08
TXN-002634,Grantham Sovereign Infrastructure PLC,Klaus Zielinski,128736.86,2025-08-10,District 09
TXN-002635,Brookfield Civic Infrastructure Inc,Lucia Thomassen,172751.86,2025-09-23,District 04
TXN-002636,Grantham Titan Consulting Ltd,Kaspar Meier,4485.77,2025-02-16,District 12
TXN-002637,Moorfield Pioneer Services Ltd,Conrad Meier,4668.30,2024-08-01,District 11
TXN-002638,Amberley Crestline Consulting PLC,Florian Falkenstein,94148.87,2025-12-13,District 03
TXN-002639,Elmhurst Prime Holdings Ltd,Rurik Sandberg,55542.34,2025-10-23,District 09
TXN-002640,Stonebridge Zenith Consulting PLC,Xenia Mertens,9462.12,2024-10-06,District 10
TXN-002641,Trevor Harbor Works Ltd,Cecelia Weiss,3646.48,2025-06-30,District 05
TXN-002642,Holloway Crestline Contractors Ltd,Tatiana Thomassen,30474.73,2025-09-11,District 10
TXN-002643,Harlow Reliance Developments Co,Farida Nordin,7870.08,2025-01-31,District 05
TXN-002644,Larkspur Summit Ventures Co,Lars Fischer,145039.46,2024-04-07,District 01
TXN-002645,Marlowe Midland Engineering Ltd,Delphine Graziani,4464.16,2025-04-07,District 03
TXN-002646,Northgate Industrial Solutions LLC,Kaspar Karlsen,9925.59,2026-04-14,District 05
TXN-002647,Copperfield Midland Group Ltd,Viktor Klassen,115576.46,2024-08-09,District 08
TXN-002648,Pinewood Civic Enterprises Ltd,Ilse Novak,4296.99,2024-12-23,District 04
TXN-002649,Trevor Zenith Contractors LLC,Kaspar Bergstrom,10487.07,2024-03-22,District 01
TXN-002650,Glenmore Zenith Partners LLC,Wilhelm Capel,5442.48,2025-09-11,District 05
TXN-002651,Thornbury Zenith Infrastructure LLC,Erin Weber,410966.62,2025-01-26,District 09
TXN-002652,Brookfield Summit Services Co,Julien Engstrom,99245.29,2024-05-01,District 10
TXN-002653,Jessup Industrial Trading Ltd,Pablo Arnaud,60138.50,2025-06-12,District 03
TXN-002654,Grantham Harbor Developments Ltd,Rosalind Quaresma,259148.44,2024-08-10,District 02
TXN-002655,Aldergate Pioneer Holdings Inc,Farida Girard,23463.53,2025-11-29,District 06
TXN-002656,Devereux Coastal Group Ltd,Zara Oberlin,42559.34,2025-02-27,District 07
TXN-002657,Cavendish Pioneer Partners LLC,Samir Eekhoff,30169.97,2024-08-15,District 10
TXN-002658,Glenmore Civic Enterprises Ltd,Anika Olszynski,10368.39,2026-04-06,District 09
TXN-002659,Northgate Highland Ventures LLC,Jonas Nordin,5409.12,2025-12-27,District 05
TXN-002660,Grantham Coastal Contractors Co,Magda Bakker,19477.88,2025-10-18,District 12
TXN-002661,Redstone Highland Ventures Co,Regina Lindqvist,96017.42,2024-07-09,District 01
TXN-002662,Cavendish Coastal Trading Inc,Stefan Pedersen,11457.45,2024-09-22,District 09
TXN-002663,Everly Apex Works Ltd,Quentin Clemencic,53194.39,2025-05-09,District 03
TXN-002664,Radcliffe Atlas Developments Co,Sanne Teodorescu,458359.32,2025-10-05,District 06
TXN-002665,Norwood Reliance Trading Co,Elena Slavik,12984.07,2025-08-02,District 06
TXN-002666,Pinewood Atlas Group LLC,Lucia Silvestri,17505.24,2025-01-02,District 04
TXN-002667,Fenwick Civil Solutions Inc,Yannick Fontaine,36895.88,2025-01-22,District 02
TXN-002668,Kirkwood Pioneer Partners Co,Jonas Sebesta,211092.88,2025-11-19,District 06
TXN-002669,Glenmore Civil Contractors LLC,Miroslav Roth,143827.37,2026-02-04,District 12
TXN-002670,Zephyr Crestline Trading PLC,Karina Wendel,305862.12,2025-02-02,District 09
TXN-002671,Pemberton Summit Infrastructure PLC,Anika Teodorescu,50693.42,2024-07-31,District 12
TXN-002672,Everly Zenith Engineering Inc,Elias Kaufmann,3872.02,2026-06-01,District 03
TXN-002673,Radcliffe Civic Logistics Inc,Enzo Garrido,91578.79,2024-04-03,District 04
TXN-002674,Larkspur Civic Infrastructure Inc,Xenia Popescu,5699.52,2025-07-14,District 06
TXN-002675,Brookfield Coastal Partners Inc,Greta Clemencic,129475.54,2026-02-10,District 06
TXN-002676,Vernon Harbor Logistics Inc,Yannick Chaudhry,7991.57,2026-07-04,District 10
TXN-002677,Foxglove Titan Services Ltd,Jelena Slavik,94835.52,2024-06-14,District 02
TXN-002678,Norwood Industrial Group Co,Quentin Halvorsen,2700.25,2025-02-23,District 06
TXN-002679,Zephyr Apex Solutions Ltd,Damien Pichler,296733.74,2026-03-03,District 10
TXN-002680,Clarence Prime Works Ltd,Magda Iversen,27313.23,2025-11-08,District 07
TXN-002681,Brookfield Summit Trading Inc,Adrian Aaltonen,165610.11,2026-05-27,District 11
TXN-002682,Orchard Metro Works LLC,Julien Teodorescu,444086.58,2026-04-27,District 09
TXN-002683,Blackwood Highland Works Inc,Silvia Zajac,7253.52,2025-07-21,District 10
TXN-002684,Everly Prime Ventures Co,Noor Tolvanen,12188.49,2026-07-01,District 05
TXN-002685,Westbrook Midland Group LLC,Karina Kirkpatrick,5586.44,2024-09-13,District 04
TXN-002686,Redstone Metro Logistics PLC,Damien Bergstrom,606384.02,2026-07-24,District 08
TXN-002687,Westbrook Midland Works Co,Conrad Pelletier,275061.34,2025-04-20,District 08
TXN-002688,Moorfield Prime Partners Ltd,Enzo Brogaard,384795.15,2024-11-20,District 09
TXN-002689,Thornbury Pioneer Engineering Ltd,Pavel Garrido,29639.03,2025-04-02,District 11
TXN-002690,Fairmont Reliance Infrastructure Inc,Paolina Sebesta,42835.25,2024-11-19,District 07
TXN-002691,Glenmore Industrial Enterprises PLC,Julien Silvestri,16418.08,2024-11-02,District 03
TXN-002692,Stonebridge Civic Solutions Ltd,Yusuf Mertens,83102.08,2025-05-13,District 11
TXN-002693,Moorfield Coastal Engineering LLC,Margaux Bauer,6549.82,2026-05-29,District 11
TXN-002694,Yorkfield Civic Engineering Inc,Zara Schneider,333481.90,2026-01-16,District 01
TXN-002695,Yorkfield Prime Developments Co,Branislav Mikkelsen,359550.77,2024-01-12,District 05
TXN-002696,Inglewood Atlas Developments Co,Delphine Yilmaz,66947.69,2026-02-01,District 11
TXN-002697,Clarence Prime Ventures LLC,Noor Marchetti,63886.50,2025-10-15,District 06
TXN-002698,Cavendish Crestline Consulting PLC,Aaron Arnaud,211019.81,2026-05-22,District 01
TXN-002699,Inglewood Civil Engineering Ltd,Rosalind Zielinski,5161.93,2025-04-01,District 12
TXN-002700,Harlow Sovereign Developments Ltd,Lars Weiss,95080.31,2025-12-25,District 03
TXN-002701,Kirkwood Summit Partners Co,Florian Jovanovic,2694.75,2024-08-07,District 10
TXN-002702,Kingsmere Prime Contractors PLC,Stefan Teodorescu,334271.91,2024-07-05,District 03
TXN-002703,Amberley Sovereign Services Ltd,Antoine Molinari,7686.65,2025-04-28,District 11
TXN-002704,Pinewood Prime Services Inc,Alena Lukacs,2683.87,2026-08-01,District 05
TXN-002705,Ashford Lakeside Ventures LLC,Jonas Zajac,542797.89,2024-03-07,District 07
TXN-002706,Moorfield Midland Partners Ltd,Camille Radovanovic,11160.91,2026-05-04,District 01
TXN-002707,Kingsmere Commercial Services PLC,Yelena Dagher,11678.08,2025-04-28,District 05
TXN-002708,Grantham Atlas Developments Co,Fiona Ursu,3203.37,2025-04-23,District 03
TXN-002709,Basalt Logistics LLC,Cobalt Ridge Systems Inc,481932.89,2025-03-12,District 04
TXN-002710,Marlowe Pioneer Works LLC,Zoran Dahlberg,3907.59,2026-04-02,District 08
TXN-002711,Larkspur Reliance Partners Ltd,Conrad Weber,6007.08,2024-02-20,District 08
TXN-002712,Kingsmere Atlas Infrastructure Ltd,Pavel Weiss,20813.62,2025-05-13,District 02
TXN-002713,Larkspur Sovereign Ventures Co,Miroslav Quaresma,18636.78,2024-06-19,District 04
TXN-002714,Ashford Industrial Group PLC,Rene Johannsen,311273.45,2025-12-05,District 01
TXN-002715,Northgate Midland Solutions Inc,Greta Weiss,129638.14,2024-05-09,District 12
TXN-002716,Radcliffe Harbor Logistics Co,Antoine Braun,64234.35,2024-12-08,District 04
TXN-002717,Darlington Atlas Infrastructure Ltd,Rasmus Ursu,50821.74,2025-04-20,District 06
TXN-002718,Larkspur Industrial Contractors LLC,Amos Kirkpatrick,7621.03,2024-03-01,District 01
TXN-002719,Underhill Titan Solutions Co,Elena Clemencic,229886.46,2025-07-25,District 06
TXN-002720,Eastvale Commercial Trading LLC,Magda Escobar,31534.78,2024-07-27,District 06
TXN-002721,Larkspur Crestline Consulting LLC,Janek Engstrom,19566.77,2025-05-07,District 02
TXN-002722,Holloway Lakeside Infrastructure Co,Erin Arnaud,4595.33,2024-10-12,District 02
TXN-002723,Sandalwood Midland Trading PLC,Xenia Petrov,27896.72,2026-05-05,District 11
TXN-002724,Glenmore Apex Services PLC,Yannick Vanek,174477.35,2024-08-23,District 11
TXN-002725,Harlow Metro Infrastructure LLC,Zara Halvorsen,10497.25,2025-08-06,District 09
TXN-002726,Westbrook Commercial Infrastructure PLC,Yelena Scheffer,91750.93,2024-11-22,District 07
TXN-002727,Pemberton Pioneer Logistics LLC,Rasmus Pedersen,23859.61,2026-02-25,District 08
TXN-002728,Redstone Commercial Consulting Inc,Emeline Jankowski,34491.26,2024-10-17,District 02
TXN-002729,Ullswater Titan Works Inc,Greta Fontaine,14153.94,2024-07-11,District 02
TXN-002730,Aldergate Coastal Holdings Inc,Silvia Arnaud,92660.73,2025-04-11,District 04
TXN-002731,Aldergate Atlas Trading LLC,Laura Sandberg,47608.19,2024-07-29,District 08
TXN-002732,Clarence Atlas Partners Ltd,Silvia Popescu,113151.16,2024-04-21,District 10
TXN-002733,Eastvale Summit Holdings Ltd,Sabine Slavik,24967.64,2025-09-27,District 04
TXN-002734,Larkspur Sovereign Ventures LLC,Nikolai Rasmussen,133597.18,2025-10-02,District 03
TXN-002735,Inglewood Summit Trading Co,Nikolai Roth,13082.96,2025-12-23,District 01
TXN-002736,Queensbury Apex Group Inc,Casper Novak,18859.07,2026-07-13,District 03
TXN-002737,Everly Atlas Contractors Co,Branislav Vasquez,78711.96,2025-04-25,District 08
TXN-002738,Moorfield Sovereign Engineering Inc,Lucian Novak,10541.52,2025-04-15,District 07
TXN-002739,Pemberton Pioneer Enterprises LLC,Erin Engstrom,22595.64,2024-05-24,District 08
TXN-002740,Redstone Atlas Ventures Ltd,Hector Skovgaard,18958.80,2026-06-11,District 08
TXN-002741,Norwood Summit Engineering Inc,Beatriz Chaudhry,384025.01,2024-05-24,District 11
TXN-002742,Norwood Reliance Infrastructure LLC,Sabine Marchetti,281877.56,2026-07-17,District 03
TXN-002743,Wexford Reliance Services Ltd,Damien Villanueva,253343.35,2025-01-22,District 03
TXN-002744,Devereux Titan Group Co,Delphine Teodorescu,95918.87,2025-08-24,District 07
TXN-002745,Fenwick Metro Works LLC,Noor Thiel,86049.94,2025-03-26,District 02
TXN-002746,Langford Civil Logistics Ltd,Enzo Scheffer,13761.36,2024-11-30,District 03
TXN-002747,Wexford Crestline Infrastructure Inc,Cecelia Thomassen,5934.20,2024-02-01,District 10
TXN-002748,Eastvale Pioneer Engineering PLC,Helena Mertens,4990.71,2024-08-25,District 06
TXN-002749,Langford Industrial Logistics LLC,Casper Haugen,3622.28,2025-04-26,District 04
TXN-002750,Stonebridge Pioneer Solutions PLC,Delphine Bondarenko,936633.23,2024-11-30,District 01
TXN-002751,Devereux Summit Works Ltd,Rurik Castellan,209152.94,2025-07-28,District 07
TXN-002752,Darlington Lakeside Trading LLC,Lucia Jovanovic,2594.14,2024-05-10,District 07
TXN-002753,Fairmont Civic Consulting Inc,Janek Jovanovic,7468.81,2026-01-26,District 07
TXN-002754,Sandalwood Atlas Partners PLC,Tadeusz Bauer,26413.26,2026-01-25,District 04
TXN-002755,Westbrook Summit Ventures PLC,Tadeusz Marchetti,525880.19,2024-03-29,District 04
TXN-002756,Clarence Reliance Ventures Inc,Alena Engstrom,81445.95,2025-09-21,District 05
TXN-002757,Kingsmere Civil Solutions Co,Noor Wendel,59397.90,2024-09-21,District 09
TXN-002758,Amberley Atlas Infrastructure Inc,Antoine Stark,58365.36,2024-06-03,District 04
TXN-002759,Grantham Civil Solutions Co,Regina Garrido,747954.58,2025-07-26,District 07
TXN-002760,Eastvale Civic Enterprises Inc,Rene Thiel,317049.11,2025-09-29,District 11
TXN-002761,Amberley Midland Consulting Ltd,Ulrike Beaumont,171303.80,2026-03-21,District 10
TXN-002762,Amberley Coastal Logistics Inc,Zara Marino,11842.95,2026-03-29,District 09
TXN-002763,Foxglove Metro Services Ltd,Xenia Nordin,5103.13,2026-01-12,District 04
TXN-002764,Larkspur Summit Services Inc,Beatriz Mikkelsen,96833.15,2025-12-16,District 03
TXN-002765,Queensbury Pioneer Partners PLC,Leona Wagner,10380.44,2025-02-10,District 12
TXN-002766,Wexford Atlas Enterprises Ltd,Ilse Andersson,2881.37,2025-01-16,District 10
TXN-002767,Underhill Pioneer Services Co,Aaron Wojcik,9810.14,2025-03-20,District 09
TXN-002768,Dunmore Coastal Ventures PLC,Beatriz Roth,15379.19,2025-07-23,District 09
TXN-002769,Redstone Crestline Holdings LLC,Rurik Girard,2616.10,2025-02-04,District 01
TXN-002770,Clarence Harbor Services Ltd,Yusuf Bakker,101786.56,2025-01-08,District 06
TXN-002771,Larkspur Atlas Works Ltd,Matteo Trandafir,530244.19,2025-06-20,District 05
TXN-002772,Holloway Titan Enterprises LLC,Julien Oberlin,2909.37,2025-12-13,District 04
TXN-002773,Orchard Apex Works Ltd,Paolina Skovgaard,5211.77,2025-03-25,District 05
TXN-002774,Trevor Lakeside Services Inc,Beatriz Schneider,52969.77,2025-07-23,District 09
TXN-002775,Belmont Reliance Enterprises Ltd,Miroslav Volkan,3059.91,2025-02-09,District 02
TXN-002776,Inglewood Commercial Developments Ltd,Florian Teodorescu,8873.33,2025-03-11,District 04
TXN-002777,Queensbury Atlas Works Co,Leona Wojcik,9555.97,2024-09-02,District 01
TXN-002778,Vernon Highland Services PLC,Petra Lukacs,101545.11,2026-03-17,District 01
TXN-002779,Fairmont Metro Solutions Inc,Oskar Wagner,253513.51,2025-11-08,District 09
TXN-002780,Holloway Midland Engineering Inc,Damien Delacroix,718903.95,2025-02-18,District 05
TXN-002781,Pinewood Commercial Partners PLC,Delphine Thomassen,66146.07,2026-04-20,District 09
TXN-002782,Elmhurst Harbor Holdings Co,Olaf Lukacs,19157.82,2025-01-16,District 04
TXN-002783,Underhill Harbor Developments Inc,Zara Bergstrom,23030.95,2024-12-17,District 07
TXN-002784,Moorfield Civic Infrastructure Ltd,Vera Richter,407267.11,2025-08-06,District 02
TXN-002785,Everly Harbor Trading Inc,Halvard Persson,550268.05,2025-10-28,District 01
TXN-002786,Orchard Apex Group Ltd,Magda Wojcik,11034.15,2026-05-31,District 10
TXN-002787,Wexford Harbor Logistics LLC,Nikolai Saavedra,339758.34,2024-12-13,District 05
TXN-002788,Amberley Zenith Contractors Co,Dmitri Rosqvist,271423.83,2025-11-15,District 05
TXN-002789,Clarence Sovereign Logistics Co,Lena Bakker,51234.01,2024-04-01,District 07
TXN-002790,Underhill Civil Group Inc,Jacqueline Halvorsen,220746.27,2026-07-30,District 04
TXN-002791,Harlow Titan Developments Inc,Yannick Dupont,141366.02,2026-06-09,District 08
TXN-002792,Brookfield Civic Works Ltd,Elena Karlsen,181646.36,2026-07-25,District 01
TXN-002793,Wexford Highland Partners LLC,Olaf Schneider,9695.53,2026-07-02,District 03
TXN-002794,Sandalwood Zenith Enterprises Inc,Rafaella Novak,133996.12,2024-08-14,District 10
TXN-002795,Radcliffe Harbor Consulting Co,Rene Jovanovic,8142.25,2025-07-14,District 12
TXN-002796,Northgate Harbor Works Ltd,Nadia Quaresma,8591.22,2024-05-09,District 02
TXN-002797,Copperfield Metro Infrastructure Ltd,Viktor Clemencic,649682.78,2024-03-21,District 01
TXN-002798,Norwood Midland Developments Inc,Jelena Lorenz,56638.26,2024-11-25,District 03
TXN-002799,Thornbury Industrial Engineering PLC,Miranda Villanueva,4630.01,2025-06-03,District 09
TXN-002800,Underhill Lakeside Group Inc,Yannick Schneider,129944.66,2024-11-29,District 07
TXN-002801,Marlowe Metro Logistics Inc,Oskar Halvorsen,4271.21,2026-07-21,District 06
TXN-002802,Holloway Sovereign Trading Co,Lars Wendel,54722.10,2024-07-02,District 06
TXN-002803,Darlington Apex Trading PLC,Magda Zielinski,308620.20,2026-06-17,District 01
TXN-002804,Everly Metro Partners PLC,Laurent Pedersen,3769.92,2025-11-04,District 07
TXN-002805,Queensbury Civic Group Inc,Matteo Gauthier,79905.17,2024-10-04,District 01
TXN-002806,Glenmore Midland Infrastructure LLC,Jelena Marino,9800.58,2024-05-03,District 10
TXN-002807,Pemberton Titan Ventures PLC,Regina Escobar,340312.18,2024-10-15,District 10
TXN-002808,Grantham Prime Engineering Inc,Elena Capel,115147.19,2024-06-21,District 03
TXN-002809,Eastvale Industrial Consulting Inc,Stefan Kaminski,34594.39,2026-03-18,District 11
TXN-002810,Amberley Civil Holdings Co,Lars Zanetti,295934.16,2024-12-02,District 12
TXN-002811,Copperfield Pioneer Consulting Ltd,Alena Kaminski,7154.06,2024-06-21,District 06
TXN-002812,Underhill Metro Trading Inc,Margaux Pedersen,215429.16,2025-07-23,District 07
TXN-002813,Glenmore Civic Works PLC,Stefan Brogaard,2950.13,2026-04-26,District 06
TXN-002814,Radcliffe Titan Works LLC,Evander Laine,51911.90,2024-11-12,District 05
TXN-002815,Kirkwood Reliance Services PLC,Helena Saavedra,365754.47,2025-03-26,District 03
TXN-002816,Kingsmere Crestline Group Ltd,Hector Brogaard,5345.13,2025-07-19,District 10
TXN-002817,Underhill Prime Partners PLC,Estelle Aaltonen,6274.75,2024-03-16,District 08
TXN-002818,Queensbury Midland Engineering LLC,Karina Magnusson,33063.83,2025-03-30,District 04
TXN-002819,Devereux Coastal Services PLC,Alena Clemencic,34554.31,2025-10-02,District 04
TXN-002820,Elmhurst Industrial Enterprises Co,Dalia Petrov,770383.11,2025-07-20,District 10
TXN-002821,Grantham Sovereign Consulting Co,Aaron Ursu,94635.64,2025-12-07,District 03
TXN-002822,Pinewood Coastal Partners PLC,Hector Halvorsen,3724.21,2025-05-03,District 05
TXN-002823,Dunmore Reliance Consulting Ltd,Alena Dobrev,48293.83,2024-06-12,District 01
TXN-002824,Golden Harvest Agricultural Company,Tomas Ekstrom,75011.84,2025-05-21,District 11
TXN-002825,Devereux Civic Holdings Ltd,Nikolai Skovgaard,14788.29,2026-09-05,District 01
TXN-002826,Copperfield Apex Engineering PLC,Julien Volkan,4384.49,2026-09-05,District 05
TXN-002827,Copperfield Highland Contractors PLC,Fiona Marchetti,30682.89,2025-10-03,District 11
TXN-002828,Larkspur Atlas Developments PLC,Yannick Girard,90110.64,2026-05-30,District 02
TXN-002829,Oakridge Coastal Works Inc,Klaus Dagher,5919.36,2024-08-29,District 05
TXN-002830,Larkspur Atlas Trading Inc,Anika Girard,6993.45,2026-02-07,District 04
TXN-002831,Zephyr Harbor Infrastructure Co,Guillaume Lindqvist,60048.31,2026-07-09,District 02
TXN-002832,Fairmont Sovereign Solutions Inc,Elias Pelletier,3109.23,2025-03-31,District 05
TXN-002833,Queensbury Apex Holdings PLC,Lars Thiel,16593.81,2026-03-24,District 01
TXN-002834,Kirkwood Highland Trading Co,Lena Meier,103749.10,2025-07-28,District 06
TXN-002835,Copperfield Apex Engineering Inc,Hugo Rosqvist,14560.62,2026-05-08,District 04
TXN-002836,Clarence Highland Services Inc,Wilhelm Mueller,4339.39,2024-08-03,District 06
TXN-002837,Devereux Apex Contractors PLC,Olivia Kaminski,41011.49,2024-02-09,District 10
TXN-002838,Sandalwood Highland Services Co,Laurent Clemencic,93735.80,2025-11-25,District 03
TXN-002839,Vernon Prime Ventures LLC,Guillaume Aaltonen,50391.52,2025-01-10,District 06
TXN-002840,Kingsmere Lakeside Services Co,Tadeusz Oberlin,17750.15,2026-02-11,District 03
TXN-002841,Vernon Commercial Logistics Ltd,Laurent Bauer,135849.62,2026-01-31,District 10
TXN-002842,Brookfield Zenith Services Inc,Dorian Jovanovic,96235.65,2025-12-15,District 03
TXN-002843,Yorkfield Midland Partners LLC,Anika Hartmann,119165.64,2026-06-11,District 12
TXN-002844,Langford Crestline Developments LLC,Zoran Lindqvist,518039.35,2024-04-14,District 07
TXN-002845,Fairmont Apex Partners Co,Florian Radovanovic,543344.09,2024-04-30,District 05
TXN-002846,Queensbury Zenith Partners Co,Miranda Lindqvist,6843.12,2025-05-22,District 05
TXN-002847,Darlington Prime Solutions Inc,Lucia Keller,4271.53,2024-01-06,District 10
TXN-002848,Darlington Midland Enterprises Ltd,Helena Weiss,25214.14,2025-10-03,District 05
TXN-002849,Pinewood Coastal Trading PLC,Yelena Klassen,21347.72,2025-08-17,District 03
TXN-002850,Foxglove Summit Holdings LLC,Hugo Wojcik,2642.10,2024-10-01,District 09
TXN-002851,Stonebridge Commercial Enterprises PLC,Damien Chaudhry,77368.68,2025-12-17,District 06
TXN-002852,Zephyr Zenith Works Ltd,Ulrike Engstrom,443335.94,2024-04-27,District 08
TXN-002853,Kingsmere Coastal Holdings Ltd,Klaus Vanek,616594.80,2024-11-19,District 02
TXN-002854,Aldergate Highland Holdings Co,Aaron Bergstrom,7588.96,2024-08-05,District 05
TXN-002855,Pemberton Prime Contractors PLC,Tadeusz Corvin,20723.15,2024-10-31,District 09
TXN-002856,Blackwood Civil Services Inc,Sabine Olszynski,57720.20,2024-04-19,District 07
TXN-002857,Blackwood Zenith Engineering Co,Matteo Marino,283440.59,2025-03-15,District 02
TXN-002858,Glenmore Summit Services Ltd,Yusuf Wallin,70800.57,2026-01-11,District 09
TXN-002859,Darlington Harbor Solutions Ltd,Antoine Johannsen,66353.74,2024-06-25,District 04
TXN-002860,Foxglove Civil Services Co,Estelle Kovacs,6132.85,2024-06-29,District 12
TXN-002861,Grantham Pioneer Developments Co,Conrad Horvath,124716.99,2025-01-09,District 02
TXN-002862,Brookfield Titan Logistics Inc,Kaspar Kaminski,111928.01,2024-03-30,District 06
TXN-002863,Norwood Titan Developments LLC,Samir Beaumont,3308.20,2025-05-14,District 07
TXN-002864,Harlow Apex Solutions Co,Adrian Wallin,11105.62,2024-01-23,District 02
TXN-002865,Darlington Midland Enterprises PLC,Sabine Vasquez,210309.32,2025-10-30,District 11
TXN-002866,Eastvale Atlas Group Co,Hector Richter,2761.33,2026-08-12,District 05
TXN-002867,Fenwick Midland Contractors PLC,Casper Rasmussen,855046.25,2024-07-31,District 02
TXN-002868,Grantham Lakeside Consulting Co,Delphine Wendel,16821.94,2024-02-13,District 11
TXN-002869,Brookfield Zenith Trading Ltd,Cecelia Roth,22617.31,2025-12-12,District 11
TXN-002870,Foxglove Metro Infrastructure PLC,Emeline Skovgaard,2500.44,2025-11-12,District 04
TXN-002871,Fenwick Industrial Ventures LLC,Guillaume Christensen,6479.54,2024-12-30,District 08
TXN-002872,Eastvale Harbor Solutions Inc,Severin Corvin,8174.16,2024-01-17,District 04
TXN-002873,Harlow Harbor Logistics Co,Cecelia Meier,105903.58,2025-11-18,District 06
TXN-002874,Wexford Harbor Holdings LLC,Rosalind Dagher,4782.64,2024-08-13,District 04
TXN-002875,Ashford Commercial Partners Co,Olivia Arnaud,132431.57,2025-12-11,District 05
TXN-002876,Glenmore Titan Infrastructure PLC,Sanne Hartmann,573754.12,2025-05-03,District 06
TXN-002877,Belmont Coastal Enterprises Co,Ivo Pichler,151897.38,2025-10-30,District 12
TXN-002878,Kingsmere Zenith Consulting PLC,Laura Mueller,84915.82,2026-05-27,District 02
TXN-002879,Larkspur Midland Group LLC,Lars Pichler,139159.93,2025-11-03,District 01
TXN-002880,Inglewood Atlas Contractors Inc,Nadia Zanetti,12406.62,2026-01-25,District 07
TXN-002881,Foxglove Civic Trading Ltd,Jonas Chaudhry,7155.50,2024-03-26,District 11
TXN-002882,Pemberton Highland Contractors PLC,Camille Szabo,694995.00,2024-10-12,District 10
TXN-002883,Moorfield Coastal Partners Co,Janek Eekhoff,196495.97,2026-04-18,District 02
TXN-002884,Dunmore Sovereign Trading Ltd,Yelena Vanek,3202.55,2026-06-05,District 09
TXN-002885,Jessup Industrial Contractors PLC,Hugo Fischer,267859.85,2025-04-24,District 01
TXN-002886,Grantham Commercial Contractors PLC,Thibault Novak,2501.64,2025-08-25,District 08
TXN-002887,Inglewood Lakeside Solutions Inc,Petra Mueller,17725.81,2026-03-18,District 12
TXN-002888,Radcliffe Midland Group Co,Lucian Christensen,25755.18,2025-07-16,District 02
TXN-002889,Everly Lakeside Consulting Inc,Dmitri Falkenstein,195458.10,2026-08-28,District 08
TXN-002890,Brookfield Pioneer Enterprises Co,Viktor Lorenz,13074.21,2024-08-07,District 10
TXN-002891,Copperfield Civil Works PLC,Thibault Teodorescu,644055.58,2024-06-17,District 12
TXN-002892,Clarence Industrial Partners Co,Severin Teodorescu,179081.14,2025-08-29,District 03
TXN-002893,Dunmore Commercial Trading LLC,Yelena Stark,179963.92,2024-03-21,District 02
TXN-002894,Stonebridge Atlas Engineering Inc,Lucian Saavedra,13832.65,2026-07-17,District 06
TXN-002895,Jessup Reliance Enterprises PLC,Thibault Lindqvist,161514.87,2024-09-02,District 05
TXN-002896,Everly Pioneer Engineering PLC,Sanne Horvath,2981.81,2026-02-11,District 03
TXN-002897,Clarence Pioneer Solutions Inc,Magda Nordin,26362.51,2025-04-29,District 06
TXN-002898,Orchard Commercial Ventures Inc,Amos Hartmann,32350.62,2025-01-19,District 05
TXN-002899,Pemberton Apex Infrastructure Inc,Hugo Oberlin,71638.26,2025-03-17,District 10
TXN-002900,Underhill Highland Holdings Co,Olivia Brogaard,10443.09,2026-05-23,District 06
TXN-002901,Darlington Civil Works Inc,Sanne Bergstrom,6308.24,2024-10-04,District 03
TXN-002902,Kirkwood Harbor Ventures Inc,Hugo Andersson,9074.95,2025-08-06,District 04
TXN-002903,Clarence Highland Infrastructure Inc,Noor Dobrev,4699.16,2025-12-17,District 09
TXN-002904,Blackwood Midland Engineering Ltd,Conrad Nyberg,15490.38,2025-03-13,District 11
TXN-002905,Underhill Lakeside Contractors Co,Gabriel Kirkpatrick,40902.84,2026-03-12,District 01
TXN-002906,Underhill Industrial Infrastructure Ltd,Estelle Lambert,11171.34,2024-12-28,District 12
TXN-002907,Pemberton Lakeside Ventures LLC,Camille Nordin,123169.43,2025-09-21,District 06
TXN-002908,Wexford Lakeside Solutions Inc,Oskar Dobrev,740082.93,2025-08-25,District 07
TXN-002909,Fairmont Industrial Developments PLC,Stefan Sebesta,44167.54,2026-07-28,District 09
TXN-002910,Jessup Reliance Contractors Inc,Rosalind Zajac,2531.91,2026-05-19,District 10
TXN-002911,Ashford Crestline Partners PLC,Regina Vanek,212500.91,2026-03-30,District 09
TXN-002912,Holloway Atlas Partners Co,Boris Blanchard,29755.13,2026-02-07,District 10
TXN-002913,Redstone Civic Contractors LLC,Hanna Richter,4252.27,2025-10-24,District 07
TXN-002914,Harlow Sovereign Engineering PLC,Vera Weiss,330609.18,2025-01-12,District 10
TXN-002915,Ashford Reliance Services Co,Tatiana Sandberg,6103.05,2025-03-28,District 02
TXN-002916,Westbrook Sovereign Engineering Ltd,Laurent Klassen,3587.74,2025-09-18,District 05
TXN-002917,Everly Metro Services LLC,Alena Gauthier,91046.65,2025-12-04,District 03
TXN-002918,Ironvale Construction Group,Peregrine Fuel Trading LLC,731500.00,2025-11-03,District 06
TXN-002919,Brookfield Commercial Services Inc,Elias Jovanovic,5090.88,2025-09-13,District 01
TXN-002920,Norwood Highland Logistics Ltd,Olaf Volkan,937763.21,2026-01-07,District 05
TXN-002921,Queensbury Civic Enterprises LLC,Boris Moreau,18669.95,2025-07-03,District 10
TXN-002922,Inglewood Midland Holdings LLC,Yelena Corvin,171764.84,2024-01-05,District 10
TXN-002923,Clarence Harbor Trading Inc,Rosalind Villanueva,103929.95,2026-07-30,District 10
TXN-002924,Everly Titan Developments Inc,Felix Chaudhry,193537.34,2024-02-22,District 12
TXN-002925,Glenmore Highland Holdings LLC,Klaus Scheffer,10615.61,2025-02-02,District 10
TXN-002926,Kirkwood Titan Infrastructure Inc,Nikolai Magnusson,526344.93,2024-02-29,District 01
TXN-002927,Amberley Civic Enterprises Inc,Olivia Volkan,8885.27,2024-11-02,District 02
TXN-002928,Pinewood Prime Group PLC,Farida Tarnowski,152095.56,2025-02-26,District 02
TXN-002929,Grantham Atlas Contractors Ltd,Estelle Trandafir,15717.49,2026-05-23,District 01
TXN-002930,Moorfield Zenith Developments Co,Samir Sauer,16837.33,2026-07-19,District 01
TXN-002931,Marlowe Titan Works LLC,Greta Rasmussen,157879.32,2024-04-06,District 01
TXN-002932,Darlington Midland Contractors Ltd,Dorian Tarnowski,4266.05,2024-01-31,District 06
TXN-002933,Norwood Civic Consulting Ltd,Boris Graziani,4223.17,2024-06-15,District 07
TXN-002934,Queensbury Apex Logistics LLC,Regina Kaufmann,29838.31,2026-05-09,District 09
TXN-002935,Kingsmere Midland Logistics Inc,Miroslav Escobar,30177.93,2024-03-09,District 10
TXN-002936,Clarence Highland Group PLC,Dmitri Pichler,7784.85,2026-02-25,District 12
TXN-002937,Underhill Prime Services LLC,Cecelia Delacroix,44597.62,2024-04-09,District 01
TXN-002938,Ashford Summit Partners PLC,Rene Pelletier,164682.58,2025-03-14,District 01
TXN-002939,Glenmore Crestline Trading Inc,Alena Georgiev,157289.58,2026-04-24,District 11
TXN-002940,Devereux Reliance Group PLC,Yannick Richter,16080.70,2024-10-06,District 09
TXN-002941,Belmont Atlas Works PLC,Erin Klassen,431819.84,2026-03-20,District 09
TXN-002942,Brookfield Titan Ventures PLC,Jacqueline Andersson,433470.09,2024-05-15,District 10
TXN-002943,Elmhurst Coastal Infrastructure Co,Lena Petrov,21596.51,2025-06-17,District 05
TXN-002944,Inglewood Civic Partners LLC,Dalia Zajac,4066.50,2024-07-26,District 01
TXN-002945,Eastvale Coastal Works Ltd,Jacqueline Corvin,2697.56,2026-01-17,District 06
TXN-002946,Elmhurst Highland Engineering Co,Ivo Silvestri,11092.54,2025-08-23,District 07
TXN-002947,Redstone Midland Holdings PLC,Hanna Brogaard,426588.35,2024-03-17,District 02
TXN-002948,Clarence Zenith Partners Co,Zara Fischer,142713.58,2026-05-28,District 09
TXN-002949,Oakridge Atlas Infrastructure Co,Dalia Saavedra,116027.73,2025-10-13,District 02
TXN-002950,Vernon Midland Services Ltd,Silvia Girard,49796.71,2025-01-19,District 08
TXN-002951,Thornbury Lakeside Group PLC,Gabriel Nyberg,941628.90,2024-08-14,District 01
TXN-002952,Radcliffe Sovereign Infrastructure Ltd,Delphine Szabo,66051.38,2026-09-10,District 04
TXN-002953,Dunmore Coastal Group PLC,Yelena Castellan,122756.37,2024-10-18,District 05
TXN-002954,Dunmore Industrial Logistics LLC,Ilse Capel,812371.37,2026-09-07,District 01
TXN-002955,Fairmont Sovereign Group LLC,Nadia Kaminski,498471.94,2024-01-27,District 03
TXN-002956,Brookfield Atlas Developments PLC,Nadia Zajac,152622.93,2025-01-06,District 07
TXN-002957,Ashford Atlas Consulting LLC,Leona Stark,4357.79,2024-03-21,District 11
TXN-002958,Kingsmere Coastal Engineering LLC,Sabine Vanek,9959.10,2024-05-18,District 02
TXN-002959,Eastvale Commercial Ventures LLC,Dorian Bergstrom,376389.79,2024-09-21,District 09
TXN-002960,Holloway Civil Solutions Co,Laurent Reyes,19409.65,2024-01-22,District 04
TXN-002961,Trevor Titan Services LLC,Sanne Brogaard,37570.44,2025-07-21,District 04
TXN-002962,Cobalt Ridge Systems Inc,Meridian Axis Ltd,476287.88,2025-03-14,District 04
TXN-002963,Redstone Lakeside Engineering Inc,Elias Nordin,103151.33,2025-04-24,District 04
TXN-002964,Holloway Highland Contractors LLC,Tatiana Bakker,13743.87,2026-05-08,District 05
TXN-002965,Inglewood Prime Consulting Inc,Casper Zajac,35053.27,2025-02-01,District 09
TXN-002966,Eastvale Civil Ventures PLC,Karina Thiel,11037.46,2025-02-20,District 10
TXN-002967,Moorfield Sovereign Works Ltd,Janek Magnusson,49920.86,2024-09-24,District 07
TXN-002968,Holloway Atlas Engineering Ltd,Sabine Nordin,90135.21,2024-03-15,District 12
TXN-002969,Moorfield Crestline Developments LLC,Kaspar Hartmann,29143.22,2025-03-11,District 11
TXN-002970,Aldergate Summit Infrastructure PLC,Samir Radovanovic,941317.00,2025-04-20,District 09
TXN-002971,Northgate Apex Ventures PLC,Ulrike Johannsen,539758.36,2025-08-31,District 02
TXN-002972,Westbrook Prime Works Inc,Karina Petrov,769837.68,2025-09-12,District 09
TXN-002973,Inglewood Commercial Enterprises PLC,Jacqueline Johannsen,754964.88,2024-03-20,District 01
TXN-002974,Zephyr Coastal Ventures Ltd,Emeline Blanchard,98761.71,2026-01-28,District 02
TXN-002975,Clarence Crestline Engineering Ltd,Matteo Weiss,20830.22,2025-11-13,District 12
TXN-002976,Belmont Highland Solutions LLC,Margaux Keller,142531.63,2026-05-31,District 08
TXN-002977,Sandalwood Civic Logistics Ltd,Karina Pedersen,772236.87,2024-10-01,District 03
TXN-002978,Devereux Sovereign Partners Co,Hugo Ursu,224306.38,2025-08-13,District 07
TXN-002979,Pemberton Zenith Developments LLC,Tatiana Horvath,93387.72,2024-04-02,District 02
TXN-002980,Clarence Civil Partners Ltd,Magda Blanchard,2962.19,2026-01-30,District 10
TXN-002981,Orchard Summit Ventures Ltd,Elena Demirci,8416.16,2024-12-17,District 12
TXN-002982,Queensbury Sovereign Works Inc,Emeline Capel,337100.12,2024-07-04,District 10
TXN-002983,Eastvale Commercial Developments Ltd,Oskar Hoffmann,3501.27,2025-11-22,District 08
TXN-002984,Larkspur Highland Contractors Ltd,Tadeusz Eekhoff,21181.87,2024-07-14,District 11
TXN-002985,Sandalwood Apex Solutions Ltd,Alena Sandberg,440576.55,2026-04-09,District 07
TXN-002986,Elmhurst Highland Enterprises PLC,Matteo Eekhoff,3881.93,2024-02-23,District 10
TXN-002987,Belmont Lakeside Contractors LLC,Lena Trandafir,25001.38,2025-08-01,District 12
TXN-002988,Fenwick Atlas Contractors Ltd,Pavel Beaumont,422149.72,2024-03-06,District 05
TXN-002989,Underhill Prime Infrastructure PLC,Ivo Volkan,38698.92,2024-03-22,District 06
TXN-002990,Everly Atlas Trading Co,Jonas Teodorescu,3373.10,2024-03-01,District 02
TXN-002991,Yorkfield Midland Holdings Co,Elias Szabo,3845.29,2026-04-04,District 07
TXN-002992,Wexford Titan Enterprises LLC,Laurent Popescu,4192.56,2024-06-19,District 06
TXN-002993,Amberley Industrial Solutions Ltd,Amos Vanek,155780.06,2024-04-18,District 04
TXN-002994,Wexford Civic Trading Inc,Delphine Blanchard,11790.20,2025-03-04,District 12
TXN-002995,Blackwood Atlas Infrastructure LLC,Laurent Moreau,136649.76,2024-12-30,District 07
TXN-002996,Blackwood Lakeside Solutions Ltd,Sanne Hoffmann,22385.36,2025-03-22,District 06
TXN-002997,Amberley Pioneer Ventures PLC,Ulrike Kirkpatrick,27581.86,2025-04-25,District 11
TXN-002998,Moorfield Apex Holdings LLC,Noor Kaminski,99579.47,2025-11-28,District 05
TXN-002999,Glenmore Civil Group Inc,Casper Persson,31400.55,2024-09-21,District 06
TXN-003000,Zephyr Commercial Infrastructure Inc,Anika Wojcik,4450.79,2025-11-06,District 01
TXN-003001,Glenmore Midland Developments Ltd,Fiona Tarnowski,2774.72,2024-04-30,District 12
TXN-003002,Queensbury Pioneer Group Co,Adrian Pichler,16107.41,2026-02-16,District 06
TXN-003003,Larkspur Civil Enterprises LLC,Elena Villanueva,15012.73,2025-04-29,District 03
TXN-003004,Oakridge Civic Ventures Co,Miranda Wallin,773794.29,2024-02-06,District 03
TXN-003005,Westbrook Zenith Solutions LLC,Sanne Fischer,50672.48,2024-12-03,District 04
TXN-003006,Holloway Highland Solutions Ltd,Fabian Clemencic,39022.75,2024-02-23,District 05
TXN-003007,Queensbury Crestline Developments LLC,Rene Skovgaard,160832.71,2024-12-29,District 06
TXN-003008,Dunmore Reliance Consulting PLC,Greta Magnusson,46494.67,2025-09-15,District 03
TXN-003009,Trevor Zenith Contractors Co,Wilhelm Kovacs,3618.66,2026-06-30,District 10
TXN-003010,Dunmore Coastal Works LLC,Tadeusz Bakker,23357.95,2024-09-14,District 07
TXN-003011,Thornbury Apex Holdings Inc,Sabine Keller,13321.92,2026-02-27,District 07
TXN-003012,Larkspur Harbor Services Ltd,Rosalind Slavik,7876.38,2025-10-09,District 07
TXN-003013,Amberley Zenith Contractors PLC,Camille Weiss,27368.60,2024-02-18,District 02
TXN-003014,Marlowe Industrial Engineering Ltd,Halvard Wallin,247346.40,2024-01-03,District 07
TXN-003015,Everly Coastal Engineering PLC,Matteo Fischer,4258.12,2026-04-09,District 01
TXN-003016,Kirkwood Metro Enterprises Inc,Vera Marino,20904.71,2026-06-29,District 11
TXN-003017,Blackwood Sovereign Logistics Inc,Guillaume Teodorescu,52142.48,2024-08-16,District 05
TXN-003018,Vernon Pioneer Contractors Ltd,Oskar Yilmaz,5417.30,2024-09-06,District 04
TXN-003019,Zephyr Pioneer Ventures Ltd,Karina Meier,409076.68,2026-06-28,District 05
TXN-003020,Zephyr Crestline Engineering Ltd,Olivia Marino,167317.82,2024-08-01,District 08
TXN-003021,Everly Lakeside Works Ltd,Antoine Petrov,79591.83,2026-02-28,District 12
TXN-003022,Ashford Sovereign Trading Ltd,Jacqueline Scheffer,9246.54,2026-07-18,District 01
TXN-003023,Pinewood Metro Works PLC,Damien Dietrich,10398.38,2025-06-09,District 08
TXN-003024,Glenmore Apex Developments PLC,Farida Hartmann,96358.83,2025-08-08,District 07
TXN-003025,Glenmore Sovereign Holdings Co,Hugo Trandafir,744639.52,2025-05-07,District 04
TXN-003026,Vernon Highland Group PLC,Lucia Villanueva,217963.44,2024-12-05,District 10
TXN-003027,Blackwood Industrial Trading Ltd,Alena Salvati,33053.53,2026-03-01,District 12
TXN-003028,Eastvale Civil Infrastructure LLC,Dalia Trandafir,88545.21,2025-09-30,District 06
TXN-003029,Wexford Pioneer Ventures LLC,Estelle Dahlberg,415966.26,2024-11-09,District 12
TXN-003030,Wexford Lakeside Works Ltd,Rasmus Moreau,17813.36,2026-06-05,District 08
TXN-003031,Harlow Reliance Logistics LLC,Yusuf Falkenstein,23050.25,2024-05-13,District 02
TXN-003032,Pemberton Prime Solutions Inc,Evander Castellan,8352.78,2026-04-12,District 01
TXN-003033,Devereux Titan Services Inc,Dorian Halvorsen,40794.35,2024-04-13,District 09
TXN-003034,Cavendish Titan Group Ltd,Greta Bauer,39512.73,2024-05-09,District 05
TXN-003035,Northgate Civic Holdings LLC,Miranda Saavedra,11404.80,2024-12-18,District 04
TXN-003036,Grantham Pioneer Consulting LLC,Adrian Tolvanen,5518.24,2026-08-31,District 05
TXN-003037,Radcliffe Sovereign Solutions Inc,Dalia Olszynski,259578.45,2026-04-02,District 12
TXN-003038,Zephyr Summit Solutions Co,Magda Villanueva,11808.14,2026-03-16,District 09
TXN-003039,Langford Lakeside Developments PLC,Kaspar Bauer,314917.85,2024-08-11,District 12
TXN-003040,Pemberton Highland Enterprises Inc,Margaux Kirkpatrick,6121.32,2025-08-31,District 02
TXN-003041,Belmont Lakeside Works PLC,Evander Yilmaz,21440.54,2025-05-03,District 12
TXN-003042,Amberley Reliance Engineering LLC,Jonas Hoffmann,16758.96,2025-03-16,District 10
TXN-003043,Dunmore Reliance Trading LLC,Yannick Weiss,38821.87,2025-03-24,District 03
TXN-003044,Langford Titan Engineering Co,Stefan Johannsen,166067.05,2025-11-13,District 11
TXN-003045,Inglewood Apex Group Ltd,Dalia Aaltonen,17078.36,2026-05-28,District 11
TXN-003046,Brookfield Prime Services Ltd,Xenia Stark,101325.21,2024-12-19,District 01
TXN-003047,Stonebridge Commercial Infrastructure Inc,Miroslav Halvorsen,462789.50,2024-09-25,District 09
TXN-003048,Pinewood Coastal Contractors Co,Lars Iversen,777364.59,2024-07-02,District 05
TXN-003049,Yorkfield Midland Enterprises Co,Yannick Reyes,4401.94,2024-09-04,District 10
TXN-003050,Norwood Apex Services PLC,Rosalind Laine,8412.65,2025-06-03,District 06
TXN-003051,Darlington Prime Services Co,Hector Zanetti,18818.73,2024-04-25,District 02
TXN-003052,Darlington Apex Solutions Ltd,Gabriel Weber,112503.89,2025-07-01,District 04
TXN-003053,Jessup Lakeside Contractors Ltd,Olivia Bergstrom,13354.84,2024-05-26,District 07
TXN-003054,Holloway Prime Works PLC,Regina Villanueva,11265.30,2025-05-26,District 03
TXN-003055,Thornbury Metro Works Ltd,Hanna Chaudhry,41405.61,2025-07-15,District 02
TXN-003056,Langford Pioneer Services Co,Aaron Reyes,2528.97,2025-01-19,District 03
TXN-003057,Orchard Highland Engineering Co,Pablo Rosqvist,191742.22,2025-12-29,District 10
TXN-003058,Yorkfield Summit Consulting Co,Aaron Weiss,17412.15,2025-10-24,District 06
TXN-003059,Dunmore Highland Developments Co,Sanne Szabo,14301.27,2024-11-07,District 07
TXN-003060,Everly Prime Contractors LLC,Yannick Slavik,312757.89,2025-03-25,District 02
TXN-003061,Jessup Lakeside Ventures PLC,Matteo Zielinski,46366.72,2026-04-06,District 09
TXN-003062,Larkspur Coastal Group LLC,Elena Graziani,3052.88,2024-03-17,District 03
TXN-003063,Elmhurst Reliance Partners Inc,Hugo Slavik,5005.46,2025-03-21,District 11
TXN-003064,Belmont Zenith Partners Inc,Dalia Mikkelsen,95550.12,2026-04-23,District 01
TXN-003065,Copperfield Atlas Consulting Ltd,Beatriz Wendel,262609.91,2024-10-28,District 01
TXN-003066,Copperfield Harbor Partners PLC,Lena Wagner,7505.17,2024-02-25,District 12
TXN-003067,Radcliffe Highland Enterprises Inc,Damien Richter,34889.13,2025-03-22,District 01
TXN-003068,Ashford Prime Engineering LLC,Zoran Capel,12389.74,2026-03-26,District 01
TXN-003069,Langford Harbor Logistics LLC,Florian Rosqvist,91668.75,2025-08-27,District 07
TXN-003070,Norwood Prime Ventures Ltd,Lena Schneider,12284.03,2024-10-23,District 10
TXN-003071,Marlowe Commercial Group Co,Matteo Girard,340621.58,2024-10-09,District 06
TXN-003072,Cavendish Pioneer Holdings PLC,Valentin Yilmaz,174849.83,2025-06-01,District 02
TXN-003073,Larkspur Zenith Works Ltd,Zara Stark,107267.44,2025-07-27,District 06
TXN-003074,Trevor Titan Infrastructure PLC,Delphine Keller,14249.18,2024-08-15,District 07
TXN-003075,Elmhurst Summit Trading Inc,Lars Novak,2867.75,2026-07-28,District 12
TXN-003076,Glenmore Industrial Consulting Inc,Adrian Ignatiev,54787.28,2024-01-23,District 09
TXN-003077,Larkspur Harbor Engineering LLC,Hanna Capel,597378.05,2024-03-11,District 10
TXN-003078,Pinewood Crestline Ventures LLC,Paolina Silvestri,15253.74,2026-04-21,District 09
TXN-003079,Ullswater Civic Ventures Co,Rurik Laine,187373.58,2024-01-12,District 08
TXN-003080,Norwood Atlas Works LLC,Boris Zielinski,16491.40,2026-09-04,District 11
TXN-003081,Redstone Civil Developments Co,Petra Andersson,2692.60,2024-04-12,District 08
TXN-003082,Kirkwood Civic Infrastructure Inc,Margaux Thomassen,11649.45,2025-12-10,District 07
TXN-003083,Harlow Midland Infrastructure Inc,Elias Lukacs,353705.94,2025-01-02,District 03
TXN-003084,Copperfield Highland Holdings Co,Hanna Quaresma,38210.65,2025-10-16,District 08
TXN-003085,Marlowe Reliance Ventures PLC,Beatriz Marino,9089.30,2026-08-03,District 07
TXN-003086,Thornbury Midland Services PLC,Olivia Bauer,407706.33,2025-09-27,District 08
TXN-003087,Ashford Harbor Infrastructure PLC,Klaus Weber,11772.20,2025-03-14,District 07
TXN-003088,Thornbury Crestline Partners Ltd,Paolina Hoffmann,461294.89,2024-12-24,District 08
TXN-003089,Elmhurst Civic Partners PLC,Camille Rosqvist,114060.21,2026-01-26,District 09
TXN-003090,Marlowe Summit Infrastructure Inc,Farida Hoffmann,652553.62,2025-11-15,District 12
TXN-003091,Eastvale Lakeside Trading Co,Guillaume Klassen,8452.63,2025-09-30,District 07
TXN-003092,Pemberton Civic Solutions LLC,Sabine Petrov,8195.87,2025-10-04,District 02
TXN-003093,Darlington Metro Works PLC,Cecelia Sandberg,209339.26,2025-06-22,District 12
TXN-003094,Grantham Civil Group Co,Ivo Laine,2643.35,2025-07-23,District 10
TXN-003095,Foxglove Crestline Infrastructure PLC,Hector Kaufmann,787890.16,2024-08-10,District 11
TXN-003096,Aldergate Prime Services PLC,Julien Falkenstein,92367.87,2025-12-24,District 03
TXN-003097,Moorfield Sovereign Infrastructure Ltd,Xenia Georgiev,39857.77,2026-03-13,District 10
TXN-003098,Grantham Zenith Consulting LLC,Dorian Dietrich,556281.96,2025-01-08,District 01
TXN-003099,Ashford Sovereign Logistics PLC,Rene Kirkpatrick,22420.58,2024-04-01,District 10
TXN-003100,Fenwick Lakeside Consulting LLC,Adrian Vanek,8709.76,2025-03-02,District 06
TXN-003101,Queensbury Coastal Ventures Inc,Janek Mertens,2994.12,2025-03-16,District 01
TXN-003102,Aldergate Pioneer Consulting Ltd,Miroslav Bauer,846378.04,2024-01-23,District 11
TXN-003103,Fairmont Commercial Logistics Ltd,Julien Keller,16410.39,2024-10-17,District 10
TXN-003104,Dunmore Coastal Contractors LLC,Viktor Zajac,19565.70,2024-07-28,District 06
TXN-003105,Moorfield Summit Services Co,Pavel Popescu,20114.28,2024-06-12,District 05
TXN-003106,Vernon Prime Ventures Ltd,Leona Delacroix,8873.08,2026-04-30,District 08
TXN-003107,Aldergate Metro Group PLC,Miroslav Fontaine,128378.74,2024-07-03,District 09
TXN-003108,Vernon Titan Solutions Co,Xenia Lorenz,814335.01,2024-04-03,District 01
TXN-003109,Queensbury Industrial Holdings LLC,Petra Engstrom,61218.73,2025-04-15,District 02
TXN-003110,Redstone Prime Partners Inc,Jacqueline Beaumont,516885.41,2026-07-23,District 03
TXN-003111,Brookfield Civil Logistics LLC,Pablo Radovanovic,23842.57,2026-01-31,District 03
TXN-003112,Brookfield Sovereign Consulting PLC,Margaux Vanek,863247.49,2025-09-24,District 03
TXN-003113,Trevor Prime Enterprises PLC,Thibault Laine,69849.94,2025-11-24,District 12
TXN-003114,Underhill Harbor Works Ltd,Lena Dupont,10628.89,2026-02-27,District 09
TXN-003115,Orchard Sovereign Logistics Ltd,Conrad Capel,86104.08,2024-03-14,District 11
TXN-003116,Trevor Industrial Developments Inc,Katarina Radovanovic,203546.50,2024-05-14,District 01
TXN-003117,Brookfield Commercial Partners Co,Lars Saavedra,789533.95,2024-10-07,District 04
TXN-003118,Eastvale Civil Engineering PLC,Klaus Wojcik,128267.67,2026-02-27,District 12
TXN-003119,Jessup Summit Consulting Co,Nadia Wagner,52743.50,2025-09-22,District 01
TXN-003120,Belmont Civic Ventures Inc,Sanne Yilmaz,124997.24,2025-08-18,District 10
TXN-003121,Norwood Apex Infrastructure Inc,Elias Schneider,11339.48,2024-01-16,District 08
TXN-003122,Larkspur Summit Holdings Ltd,Rurik Magnusson,7595.48,2024-10-10,District 05
TXN-003123,Blackwood Zenith Services Co,Karina Persson,9216.22,2024-01-14,District 08
TXN-003124,Tongi Bldrs Limited,Rafiqul Hasan,18498.20,2024-11-30,District 05
TXN-003125,Glenmore Harbor Contractors Inc,Hugo Mertens,11137.37,2025-03-17,District 09
TXN-003126,Kirkwood Apex Contractors LLC,Dmitri Lambert,11858.42,2026-06-25,District 06
TXN-003127,Redstone Coastal Works Co,Adrian Ursu,4694.51,2024-05-13,District 09
TXN-003128,Moorfield Harbor Engineering PLC,Fabian Eekhoff,56303.09,2026-02-27,District 12
TXN-003129,Harlow Harbor Services Co,Antoine Weber,735990.46,2024-08-06,District 02
TXN-003130,Copperfield Crestline Holdings Co,Rosalind Bergstrom,2522.13,2025-07-23,District 11
TXN-003131,Holloway Titan Infrastructure Ltd,Hanna Eekhoff,3272.70,2025-08-27,District 05
TXN-003132,Blackwood Highland Logistics Co,Leona Yilmaz,590966.26,2024-10-04,District 03
TXN-003133,Orchard Civil Group LLC,Karina Marino,4910.60,2024-07-12,District 05
TXN-003134,Ullswater Crestline Group Inc,Yusuf Ferreira,99179.89,2025-12-30,District 03
TXN-003135,Norwood Titan Logistics Ltd,Jacqueline Caruso,239918.06,2026-06-13,District 11
TXN-003136,Marlowe Zenith Holdings PLC,Conrad Reyes,8394.59,2024-02-17,District 06
TXN-003137,Wexford Civic Group PLC,Enzo Nyberg,63316.20,2024-11-01,District 04
TXN-003138,Amberley Summit Infrastructure LLC,Sabine Sauer,14135.98,2026-04-03,District 06
TXN-003139,Fairmont Sovereign Consulting Co,Paolina Jankowski,5786.69,2025-05-05,District 03
TXN-003140,Westbrook Zenith Contractors Co,Miranda Wendel,388648.89,2025-04-25,District 05
TXN-003141,Oakridge Titan Trading Ltd,Hugo Mueller,43748.35,2026-05-31,District 03
TXN-003142,Radcliffe Zenith Trading LLC,Karina Fischer,94732.66,2025-12-07,District 03
TXN-003143,Holloway Zenith Logistics Co,Boris Girard,176270.46,2025-03-06,District 06
TXN-003144,Eastvale Highland Works PLC,Pavel Novak,753817.00,2026-07-31,District 12
TXN-003145,Westbrook Harbor Infrastructure PLC,Casper Schneider,414474.19,2025-06-08,District 01
TXN-003146,Pinewood Commercial Logistics Co,Paolina Scheffer,17111.78,2025-12-29,District 05
TXN-003147,Yorkfield Atlas Solutions Ltd,Rosalind Fontaine,8863.06,2026-05-30,District 03
TXN-003148,Clarence Highland Partners LLC,Ivo Arnaud,10682.61,2024-01-30,District 02
TXN-003149,Wexford Commercial Consulting Ltd,Jonas Jovanovic,59329.96,2026-06-12,District 02
TXN-003150,Kingsmere Coastal Trading Inc,Boris Andersson,99160.20,2026-07-13,District 06
TXN-003151,Fenwick Summit Enterprises PLC,Ivo Rasmussen,16584.43,2026-08-30,District 03
TXN-003152,Pemberton Lakeside Consulting Inc,Jelena Vanek,71748.41,2026-03-17,District 10
TXN-003153,Pemberton Zenith Services Inc,Anika Marino,19091.51,2026-02-17,District 10
TXN-003154,Devereux Metro Services Inc,Valentin Vasquez,43993.33,2026-01-08,District 02
TXN-003155,Cavendish Civil Enterprises LLC,Damien Ignatiev,19675.45,2025-08-15,District 08
TXN-003156,Amberley Commercial Consulting LLC,Evander Dahlberg,6445.25,2024-12-03,District 08
TXN-003157,Belmont Midland Contractors LLC,Florian Olszynski,174515.69,2024-10-03,District 04
TXN-003158,Jessup Prime Logistics Inc,Jonas Pedersen,9571.21,2025-05-30,District 08
TXN-003159,Glenmore Apex Works Co,Severin Andersson,32038.19,2026-04-07,District 10
TXN-003160,Radcliffe Zenith Enterprises Co,Ilse Jovanovic,5572.58,2024-11-03,District 06
TXN-003161,Inglewood Metro Engineering Inc,Kaspar Szabo,9352.47,2026-03-24,District 06
TXN-003162,Harlow Harbor Works Ltd,Matteo Klassen,5819.84,2026-07-01,District 06
TXN-003163,Radcliffe Lakeside Logistics Ltd,Casper Nyberg,93788.52,2024-01-04,District 01
TXN-003164,Fairmont Prime Ventures Ltd,Evander Sebesta,454258.79,2025-02-09,District 12
TXN-003165,Norwood Sovereign Ventures Co,Petra Magnusson,13878.53,2024-12-03,District 01
TXN-003166,Queensbury Summit Developments Inc,Klaus Nyberg,18011.90,2025-02-09,District 11
TXN-003167,Ashford Atlas Group Ltd,Viktor Eekhoff,4436.24,2024-03-17,District 11
TXN-003168,Thornbury Reliance Trading LLC,Fiona Capel,7895.61,2025-10-08,District 05
TXN-003169,Devereux Civic Developments LLC,Delphine Iversen,12121.98,2025-11-17,District 12
TXN-003170,Radcliffe Harbor Partners Co,Farida Eekhoff,42323.93,2025-05-18,District 02
TXN-003171,Foxglove Prime Developments Ltd,Xenia Szabo,52376.12,2026-05-01,District 07
TXN-003172,Redstone Lakeside Infrastructure Co,Samir Salvati,228184.39,2024-12-01,District 06
TXN-003173,Langford Civil Works Co,Jonas Radovanovic,63162.08,2026-07-07,District 01
TXN-003174,Marlowe Metro Partners PLC,Pablo Karlsen,47437.62,2024-04-01,District 09
TXN-003175,Trevor Industrial Consulting PLC,Ilse Mikkelsen,88000.74,2025-04-22,District 01
TXN-003176,Underhill Highland Engineering Ltd,Tadeusz Roth,10120.92,2024-02-13,District 11
TXN-003177,Dunmore Prime Works Inc,Gabriel Beaumont,33714.12,2024-01-31,District 10
TXN-003178,Ullswater Civic Group LLC,Regina Pedersen,10559.21,2026-07-11,District 05
TXN-003179,Yorkfield Atlas Group PLC,Rasmus Vasquez,7226.87,2024-04-19,District 05
TXN-003180,Inglewood Commercial Logistics Inc,Dorian Roth,99468.86,2025-08-16,District 07
TXN-003181,Westbrook Highland Services LLC,Petra Pedersen,231936.78,2025-11-27,District 05
TXN-003182,Westbrook Apex Contractors Ltd,Miroslav Klassen,59771.03,2025-08-21,District 08
TXN-003183,Grantham Industrial Group Co,Estelle Steffensen,90495.84,2025-12-17,District 03
TXN-003184,Harlow Titan Services Inc,Oskar Lindqvist,28920.29,2025-05-19,District 05
TXN-003185,Kirkwood Pioneer Logistics LLC,Pavel Nyberg,11869.38,2024-05-10,District 05
TXN-003186,Amberley Summit Works PLC,Oskar Hartmann,105060.21,2025-06-16,District 11
TXN-003187,Glenmore Metro Solutions LLC,Noor Lorenz,2789.49,2026-03-13,District 06
TXN-003188,Zephyr Reliance Solutions Co,Quentin Andersson,621054.11,2024-01-10,District 09
TXN-003189,Orchard Atlas Holdings Ltd,Nadia Vanek,3597.84,2025-01-07,District 10
TXN-003190,Stonebridge Crestline Contractors Ltd,Estelle Braun,21668.98,2026-06-15,District 03
TXN-003191,Radcliffe Titan Infrastructure Ltd,Magda Rasmussen,194330.22,2024-01-02,District 08
TXN-003192,Oakridge Summit Works Co,Sabine Jankowski,4377.45,2025-07-22,District 10
TXN-003193,Belmont Reliance Group Co,Margaux Falkenstein,62439.02,2026-06-13,District 10
TXN-003194,Northgate Coastal Logistics LLC,Cecelia Johannsen,13808.28,2024-02-20,District 11
TXN-003195,Moorfield Highland Logistics Inc,Matteo Haugen,8845.24,2025-02-18,District 04
TXN-003196,Fairmont Harbor Consulting LLC,Antoine Meier,14932.31,2026-02-27,District 09
TXN-003197,Northgate Highland Group Ltd,Casper Pedersen,50237.57,2025-08-16,District 10
TXN-003198,Elmhurst Midland Engineering Inc,Olaf Tarnowski,98265.49,2024-04-23,District 05
TXN-003199,Devereux Reliance Services PLC,Janek Bondarenko,14167.17,2024-02-17,District 09
TXN-003200,Westbrook Reliance Logistics PLC,Casper Petrov,6444.42,2025-12-06,District 02
TXN-003201,Moorfield Pioneer Infrastructure Inc,Wilhelm Reyes,12783.80,2025-11-02,District 03
TXN-003202,Norwood Civil Enterprises LLC,Xenia Schneider,5211.89,2025-12-07,District 12
TXN-003203,Pinewood Highland Services Ltd,Greta Escobar,36248.42,2025-11-22,District 08
TXN-003204,Pemberton Zenith Group Ltd,Lucia Hartmann,131618.61,2024-06-26,District 01
TXN-003205,Wexford Coastal Works Co,Pablo Wagner,474259.11,2025-06-13,District 07
TXN-003206,Fenwick Civil Services Co,Rene Chaudhry,71272.15,2025-06-28,District 10
TXN-003207,Redstone Atlas Works Inc,Jacqueline Molinari,5191.81,2024-03-08,District 11
TXN-003208,Vernon Summit Engineering Ltd,Hector Lambert,2886.71,2024-07-01,District 06
TXN-003209,Copperfield Highland Ventures Co,Beatriz Tarnowski,635441.63,2025-04-10,District 07
TXN-003210,Harlow Midland Infrastructure Ltd,Hanna Bauer,37735.97,2024-10-28,District 06
TXN-003211,Ashford Zenith Engineering Ltd,Casper Castellan,99549.82,2024-08-31,District 03
TXN-003212,Pemberton Lakeside Works PLC,Elena Thomassen,50464.52,2025-09-03,District 10
TXN-003213,Norwood Metro Works Ltd,Lena Lorenz,24044.80,2025-06-04,District 06
TXN-003214,Radcliffe Industrial Holdings PLC,Conrad Mikkelsen,186999.80,2026-04-17,District 05
TXN-003215,Marlowe Lakeside Consulting PLC,Gabriel Falkenstein,6906.69,2025-12-08,District 02
TXN-003216,Westbrook Industrial Logistics Co,Sabine Chaudhry,41297.46,2024-12-29,District 05
TXN-003217,Northgate Midland Services Co,Sabine Salvati,68298.77,2024-11-26,District 02
TXN-003218,Blackwood Industrial Ventures Co,Janek Karlsen,31640.02,2025-06-20,District 10
TXN-003219,Yorkfield Lakeside Trading LLC,Rasmus Sandberg,38420.12,2026-01-16,District 07
TXN-003220,Brookfield Industrial Engineering Inc,Valentin Halvorsen,14031.43,2024-03-02,District 06
TXN-003221,Cavendish Civil Services Inc,Beatriz Dietrich,99369.90,2025-08-31,District 07
TXN-003222,Trevor Midland Developments Ltd,Erin Jankowski,327645.46,2025-07-26,District 02
TXN-003223,Jessup Crestline Works Inc,Lena Olszynski,157421.79,2024-10-04,District 10
TXN-003224,Aldergate Sovereign Infrastructure Co,Guillaume Clemencic,41226.66,2025-09-26,District 06
TXN-003225,Larkspur Civic Group LLC,Elias Brogaard,187706.88,2026-08-03,District 01
TXN-003226,Amberley Crestline Group PLC,Lucia Teodorescu,34954.28,2024-09-16,District 03
TXN-003227,Westbrook Zenith Trading Co,Antoine Klassen,52277.25,2026-01-27,District 02
TXN-003228,Kirkwood Prime Holdings PLC,Xenia Kaminski,11595.95,2024-12-23,District 12
TXN-003229,Kirkwood Midland Contractors Co,Delphine Quaresma,224286.29,2024-11-30,District 05
TXN-003230,Inglewood Midland Group LLC,Sabine Garrido,22620.31,2024-08-03,District 12
TXN-003231,Devereux Titan Partners PLC,Aaron Klassen,134876.42,2024-09-24,District 10
TXN-003232,Trevor Commercial Services LLC,Beatriz Halvorsen,71663.72,2024-04-28,District 09
TXN-003233,Fenwick Commercial Infrastructure PLC,Amos Lindqvist,68327.17,2024-03-15,District 09
TXN-003234,Marlowe Highland Contractors Ltd,Damien Weber,2987.53,2025-09-05,District 05
TXN-003235,Vernon Highland Engineering PLC,Damien Halvorsen,3405.01,2026-01-03,District 10
TXN-003236,Norwood Commercial Developments Ltd,Kaspar Saavedra,3615.15,2026-09-09,District 03
TXN-003237,Oakridge Apex Services Ltd,Pablo Schneider,288946.96,2025-08-20,District 08
TXN-003238,Underhill Sovereign Group Co,Rurik Vogel,26159.53,2026-07-06,District 07
TXN-003239,Wexford Atlas Contractors Co,Jacqueline Christensen,644436.56,2024-05-08,District 10
TXN-003240,Copperfield Civil Works Co,Julien Klassen,846445.83,2024-10-02,District 08
TXN-003241,Yorkfield Civic Developments PLC,Fabian Szabo,4597.00,2025-08-01,District 06
TXN-003242,Sandalwood Metro Enterprises PLC,Margaux Blanchard,195632.60,2025-04-19,District 10
TXN-003243,Devereux Zenith Works Inc,Cecelia Andersson,93404.24,2025-05-13,District 01
TXN-003244,Zephyr Lakeside Trading Ltd,Xenia Wagner,32953.20,2025-09-01,District 02
TXN-003245,Clarence Zenith Works Co,Silvia Salvati,9451.73,2024-02-17,District 12
TXN-003246,Wexford Titan Ventures LLC,Rafaella Horvath,287105.47,2024-01-07,District 01
TXN-003247,Ullswater Zenith Group Ltd,Damien Eekhoff,5596.78,2024-12-11,District 03
TXN-003248,Northgate Sovereign Developments PLC,Enzo Andersson,4109.65,2025-11-29,District 12
TXN-003249,Dunmore Titan Solutions LLC,Vera Chaudhry,14770.42,2025-03-21,District 11
TXN-003250,Sandalwood Reliance Ventures Inc,Branislav Beaumont,17149.81,2025-11-22,District 03
TXN-003251,Harlow Summit Consulting LLC,Laurent Olszynski,46440.65,2024-08-22,District 05
TXN-003252,Redstone Midland Engineering PLC,Silvia Kovacs,3296.30,2026-03-21,District 05
TXN-003253,Norwood Atlas Consulting Ltd,Damien Saavedra,63348.47,2024-10-14,District 02
TXN-003254,Holloway Civic Group PLC,Matteo Lambert,5629.95,2026-03-18,District 10
TXN-003255,Darlington Reliance Holdings PLC,Laurent Villanueva,386620.43,2026-03-10,District 06
TXN-003256,Brookfield Highland Enterprises PLC,Lena Clemencic,11313.24,2026-03-12,District 05
TXN-003257,Moorfield Zenith Contractors Ltd,Oskar Meier,516653.48,2024-02-09,District 08
TXN-003258,Blackwood Apex Trading PLC,Farida Mikkelsen,111973.33,2026-03-09,District 08
TXN-003259,Redstone Coastal Developments PLC,Zoran Roth,11648.44,2026-01-09,District 09
TXN-003260,Pinewood Civic Group Inc,Pablo Magnusson,5662.17,2024-03-04,District 12
TXN-003261,Westbrook Commercial Solutions Ltd,Paolina Haugen,28042.68,2025-05-09,District 01
TXN-003262,Ashford Summit Group Co,Helena Engstrom,33779.53,2025-07-26,District 04
TXN-003263,Copperfield Harbor Infrastructure LLC,Klaus Georgiev,177241.63,2025-04-24,District 07
TXN-003264,Belmont Apex Solutions PLC,Alena Hoffmann,904608.54,2024-08-05,District 05
TXN-003265,Pemberton Pioneer Holdings LLC,Pablo Halvorsen,157896.94,2025-10-18,District 03
TXN-003266,Blue Crest Marine Serv.,Ingrid Sollas,57796.70,2025-06-04,District 09
TXN-003267,Langford Metro Infrastructure Ltd,Boris Villanueva,11506.10,2025-05-29,District 08
TXN-003268,Blackwood Titan Logistics Inc,Ulrike Fischer,328850.61,2026-06-26,District 04
TXN-003269,Kingsmere Midland Enterprises PLC,Farida Wojcik,7482.59,2025-07-18,District 03
TXN-003270,Blackwood Midland Works Ltd,Rene Dietrich,93743.19,2025-04-23,District 06
TXN-003271,Elmhurst Zenith Contractors Co,Tatiana Lambert,178005.78,2026-08-12,District 08
TXN-003272,Blackwood Apex Contractors PLC,Jelena Pedersen,2773.53,2025-05-20,District 06
TXN-003273,Fenwick Civic Logistics Co,Vera Zajac,3981.57,2024-12-06,District 08
TXN-003274,Fairmont Civic Trading PLC,Fabian Salvati,855185.78,2025-11-11,District 12
TXN-003275,Pemberton Titan Works Ltd,Janek Persson,120197.42,2026-07-11,District 09
TXN-003276,Norwood Harbor Holdings Ltd,Florian Pelletier,132312.75,2024-02-09,District 11
TXN-003277,Grantham Harbor Works PLC,Petra Wagner,4979.35,2026-01-02,District 10
TXN-003278,Aldergate Apex Services Inc,Camille Oberlin,138326.15,2026-01-22,District 08
TXN-003279,Ashford Apex Works Ltd,Margaux Zielinski,383436.83,2024-01-17,District 12
TXN-003280,Jessup Pioneer Solutions Ltd,Nikolai Ignatiev,373917.58,2024-12-18,District 02
TXN-003281,Ashford Commercial Enterprises Ltd,Adrian Marchetti,15534.47,2025-12-23,District 06
TXN-003282,Moorfield Industrial Consulting Co,Hugo Braun,204994.68,2025-07-20,District 05
TXN-003283,Blackwood Civil Developments Inc,Sabine Richter,298110.49,2025-05-04,District 08
TXN-003284,Langford Pioneer Enterprises Co,Lucian Demirci,65804.50,2025-08-01,District 12
TXN-003285,Queensbury Midland Engineering PLC,Halvard Quaresma,93731.52,2025-08-09,District 07
TXN-003286,Westbrook Civil Contractors Inc,Sanne Kaminski,55498.61,2024-11-19,District 06
TXN-003287,Harlow Apex Infrastructure Ltd,Pavel Dobrev,272177.87,2025-09-01,District 06
TXN-003288,Elmhurst Pioneer Logistics PLC,Casper Dupont,14756.82,2025-12-08,District 12
TXN-003289,Dunmore Harbor Services PLC,Viktor Petrov,154805.09,2025-05-25,District 12
TXN-003290,Cavendish Industrial Works LLC,Adrian Reyes,163751.84,2024-05-07,District 06
TXN-003291,Cavendish Highland Ventures Inc,Erin Marino,10804.39,2024-01-22,District 11
TXN-003292,Thornbury Sovereign Consulting Co,Fiona Skovgaard,187988.11,2024-04-25,District 02
TXN-003293,Darlington Commercial Logistics PLC,Laurent Quaresma,80498.93,2025-01-01,District 07
TXN-003294,Clarence Summit Solutions Inc,Estelle Jankowski,127604.66,2025-06-14,District 08
TXN-003295,Jessup Crestline Holdings PLC,Fabian Pelletier,8478.98,2024-11-01,District 01
TXN-003296,Radcliffe Atlas Solutions Inc,Paolina Bergstrom,6543.51,2026-06-14,District 11
TXN-003297,Norwood Zenith Partners Inc,Anika Tolvanen,515128.46,2024-12-28,District 04
TXN-003298,Northgate Highland Trading Ltd,Nikolai Jovanovic,18043.46,2024-11-19,District 12
TXN-003299,Moorfield Harbor Logistics Ltd,Tatiana Tolvanen,276513.24,2025-06-30,District 01
TXN-003300,Glenmore Sovereign Infrastructure LLC,Boris Bergstrom,190590.79,2024-03-08,District 05
TXN-003301,Trevor Crestline Partners Ltd,Felix Halvorsen,2968.84,2024-08-28,District 12
TXN-003302,Larkspur Metro Enterprises Ltd,Elena Vasquez,8285.95,2025-06-19,District 10
TXN-003303,Larkspur Apex Services Ltd,Damien Johannsen,235857.19,2024-08-15,District 04
TXN-003304,Brookfield Industrial Works Ltd,Kaspar Graziani,10964.61,2024-08-07,District 04
TXN-003305,Kirkwood Crestline Infrastructure LLC,Regina Karlsen,31397.16,2026-07-14,District 06
TXN-003306,Elmhurst Summit Works Inc,Wilhelm Rasmussen,3547.86,2026-07-08,District 08
TXN-003307,Fairmont Apex Services Co,Enzo Lindqvist,4362.04,2025-09-18,District 07
TXN-003308,Grantham Coastal Contractors PLC,Sanne Nyberg,13691.61,2024-07-26,District 01
TXN-003309,Cavendish Zenith Ventures Inc,Petra Corvin,94007.83,2025-12-17,District 03
TXN-003310,Yorkfield Civil Works PLC,Jonas Karlsen,504471.46,2024-12-11,District 02
TXN-003311,Grantham Crestline Services LLC,Damien Vanek,433683.49,2024-11-14,District 10
TXN-003312,Eastvale Commercial Holdings LLC,Lucia Vasquez,8753.40,2026-04-02,District 06
TXN-003313,Foxglove Sovereign Infrastructure LLC,Yannick Nordin,67715.68,2025-07-25,District 05
TXN-003314,Fairmont Metro Developments Inc,Regina Dagher,380229.14,2025-10-27,District 04
TXN-003315,Inglewood Midland Contractors Ltd,Farida Kaminski,578811.36,2026-01-28,District 05
TXN-003316,Stonebridge Zenith Enterprises Inc,Klaus Salvati,3609.35,2025-05-25,District 02
TXN-003317,Norwood Summit Group Inc,Zoran Clemencic,154371.38,2025-08-01,District 07
TXN-003318,Inglewood Titan Ventures Inc,Miranda Trandafir,3252.30,2026-06-18,District 09
TXN-003319,Queensbury Coastal Group LLC,Pavel Laine,35919.92,2025-03-28,District 05
TXN-003320,Foxglove Lakeside Infrastructure Inc,Petra Bondarenko,24876.48,2025-01-30,District 08
TXN-003321,Yorkfield Zenith Contractors Ltd,Paolina Demirci,201863.88,2024-05-15,District 04
TXN-003322,Northgate Metro Logistics PLC,Lena Delacroix,452047.00,2026-04-26,District 03
TXN-003323,Radcliffe Harbor Solutions PLC,Valentin Roth,181681.98,2024-12-14,District 06
TXN-003324,Trevor Metro Group LLC,Beatriz Popescu,2510.44,2024-08-22,District 12
TXN-003325,Kirkwood Civil Services Inc,Elias Novak,62694.06,2025-05-25,District 09
TXN-003326,Copperfield Harbor Infrastructure Co,Yannick Petrov,27900.63,2024-03-24,District 08
TXN-003327,Devereux Reliance Works LLC,Nadia Silvestri,107315.38,2025-06-25,District 04
TXN-003328,Ullswater Coastal Enterprises PLC,Stefan Tolvanen,346666.10,2024-08-02,District 08
TXN-003329,Amberley Sovereign Group PLC,Farida Halvorsen,16478.85,2024-01-25,District 01
TXN-003330,Kirkwood Civil Works Co,Matteo Roth,178413.11,2025-12-06,District 12
TXN-003331,Oakridge Industrial Enterprises Ltd,Viktor Engstrom,250133.43,2024-06-22,District 05
TXN-003332,Eastvale Midland Logistics Ltd,Halvard Nyberg,21483.56,2024-01-22,District 11
TXN-003333,Belmont Industrial Works PLC,Matteo Oberlin,468575.67,2025-07-07,District 02
TXN-003334,Marlowe Lakeside Contractors Ltd,Conrad Blanchard,86808.89,2024-10-12,District 08
TXN-003335,Vernon Highland Group Inc,Pavel Iversen,6605.46,2025-03-06,District 11
TXN-003336,Amberley Reliance Partners LLC,Janek Iversen,29751.79,2026-01-05,District 09
TXN-003337,Oakridge Summit Holdings LLC,Elias Meier,142314.77,2025-02-08,District 01
TXN-003338,Glenmore Crestline Engineering LLC,Aaron Caruso,111474.11,2024-12-01,District 01
TXN-003339,Darlington Sovereign Consulting Co,Guillaume Lambert,5527.89,2026-04-14,District 01
TXN-003340,Thornbury Midland Group Ltd,Janek Bergstrom,492665.85,2026-03-03,District 07
TXN-003341,Clarence Sovereign Engineering Ltd,Lucia Richter,312386.68,2024-02-26,District 01
TXN-003342,Inglewood Coastal Consulting PLC,Miroslav Fischer,25106.36,2025-06-11,District 06
TXN-003343,Fenwick Civic Ventures LLC,Katarina Rasmussen,585043.97,2024-01-23,District 02
TXN-003344,Blackwood Civic Ventures Inc,Lucian Bauer,397053.82,2024-04-19,District 02
TXN-003345,Oakridge Prime Group Ltd,Elias Quaresma,30304.12,2026-03-30,District 10
TXN-003346,Oakridge Highland Partners Inc,Stefan Rosqvist,3093.31,2024-06-23,District 11
TXN-003347,Blackwood Midland Group PLC,Hugo Wendel,352592.10,2024-07-05,District 09
TXN-003348,Holloway Zenith Engineering Inc,Julien Zajac,22717.36,2024-07-01,District 07
TXN-003349,Radcliffe Coastal Enterprises Co,Hanna Magnusson,20057.50,2026-07-10,District 10
TXN-003350,Redstone Midland Engineering Ltd,Laurent Garrido,206911.51,2026-04-12,District 12
TXN-003351,Brookfield Pioneer Holdings Inc,Yelena Mertens,98616.04,2024-06-12,District 11
TXN-003352,Stonebridge Pioneer Engineering Ltd,Hugo Szabo,14578.90,2024-07-05,District 10
TXN-003353,Devereux Zenith Contractors Co,Guillaume Petrov,606385.74,2025-06-23,District 01
TXN-003354,Moorfield Metro Trading Ltd,Alena Marino,17416.98,2026-09-07,District 03
TXN-003355,Everly Titan Developments PLC,Olaf Oberlin,373527.73,2024-09-07,District 11
TXN-003356,Orchard Midland Ventures Co,Leona Kaufmann,5412.28,2024-02-29,District 05
TXN-003357,Clarence Metro Services Ltd,Vera Demirci,4933.99,2024-10-04,District 06
TXN-003358,Oakridge Atlas Works Co,Regina Tolvanen,4752.75,2025-02-11,District 06
TXN-003359,Amberley Coastal Holdings LLC,Helena Iversen,6819.99,2024-01-25,District 05
TXN-003360,Grantham Summit Trading Ltd,Olivia Sauer,381617.75,2024-12-26,District 07
TXN-003361,Devereux Commercial Services Inc,Sabine Dupont,5080.24,2024-10-06,District 04
TXN-003362,Pinewood Highland Ventures Ltd,Emeline Arnaud,9506.11,2026-01-20,District 01
TXN-003363,Yorkfield Crestline Engineering Ltd,Laurent Rasmussen,12489.96,2025-01-15,District 02
TXN-003364,Eastvale Reliance Group LLC,Oskar Slavik,3572.12,2025-06-11,District 06
TXN-003365,Brookfield Highland Holdings Inc,Greta Dupont,54094.86,2025-08-25,District 07
TXN-003366,Fenwick Civic Enterprises LLC,Cecelia Schneider,7559.48,2024-02-16,District 01
TXN-003367,Foxglove Atlas Infrastructure PLC,Conrad Keller,53144.57,2025-07-28,District 08
TXN-003368,Westbrook Reliance Solutions PLC,Lucia Demirci,125403.13,2024-11-27,District 04
TXN-003369,Foxglove Prime Works Inc,Emeline Zielinski,10376.56,2024-03-18,District 06
TXN-003370,Fairmont Civic Services PLC,Delphine Trandafir,89006.43,2026-03-06,District 11
TXN-003371,Norwood Coastal Infrastructure Ltd,Katarina Persson,93455.44,2025-12-28,District 03
TXN-003372,Oakridge Harbor Works LLC,Nikolai Yilmaz,759491.17,2024-09-21,District 10
TXN-003373,Everly Atlas Consulting Ltd,Oskar Tarnowski,74614.16,2024-05-05,District 02
TXN-003374,Underhill Commercial Solutions PLC,Greta Lambert,264014.26,2024-01-26,District 05
TXN-003375,Zephyr Prime Solutions Inc,Ulrike Scheffer,4332.44,2024-04-10,District 03
TXN-003376,Oakridge Harbor Trading Co,Regina Trandafir,53536.66,2025-03-23,District 08
TXN-003377,Pinewood Civic Group Co,Olivia Meier,30337.21,2024-09-14,District 06
TXN-003378,Underhill Highland Consulting PLC,Enzo Mikkelsen,4906.17,2024-02-20,District 07
TXN-003379,Northgate Lakeside Solutions PLC,Yelena Salvati,50458.11,2026-04-21,District 01
TXN-003380,Harlow Coastal Enterprises LLC,Jacqueline Sauer,5900.69,2024-09-25,District 09
TXN-003381,Harlow Zenith Solutions PLC,Katarina Richter,2696.94,2026-06-10,District 10
TXN-003382,Darlington Sovereign Contractors Co,Ilse Castellan,428064.47,2024-05-29,District 02
TXN-003383,Fenwick Highland Solutions Ltd,Camille Moreau,110611.78,2025-03-24,District 08
TXN-003384,Holloway Highland Services LLC,Sabine Meier,23506.83,2024-06-23,District 03
TXN-003385,Cavendish Metro Enterprises Ltd,Zara Dupont,10981.81,2025-11-26,District 02
TXN-003386,Foxglove Prime Ventures Ltd,Tadeusz Teodorescu,97578.84,2025-08-07,District 11
TXN-003387,Jessup Atlas Consulting Inc,Evander Slavik,391485.35,2025-08-01,District 07
TXN-003388,Clarence Highland Services PLC,Nikolai Halvorsen,168192.94,2025-05-08,District 01
TXN-003389,Orchard Highland Works Co,Helena Horvath,6571.17,2025-06-21,District 08
TXN-003390,Pemberton Civic Ventures Ltd,Lena Kirkpatrick,97112.35,2025-08-26,District 07
TXN-003391,Kingsmere Atlas Partners Ltd,Estelle Castellan,644990.93,2025-08-07,District 08
TXN-003392,Thornbury Harbor Infrastructure Co,Camille Vogel,119219.81,2025-02-19,District 08
TXN-003393,Eastvale Zenith Consulting Co,Laurent Ferreira,12632.77,2025-03-06,District 11
TXN-003394,Redstone Civil Contractors LLC,Noor Demirci,63809.47,2025-12-23,District 11
TXN-003395,Oakridge Lakeside Trading Co,Fabian Olszynski,2854.23,2024-11-14,District 11
TXN-003396,Elmhurst Prime Works LLC,Nadia Bauer,88596.15,2024-10-25,District 03
TXN-003397,Ullswater Midland Consulting Inc,Laurent Eekhoff,899895.69,2024-10-17,District 04
TXN-003398,Inglewood Prime Consulting Co,Stefan Blanchard,856366.09,2024-12-10,District 08
TXN-003399,Inglewood Prime Partners Co,Tadeusz Lorenz,358088.76,2026-03-17,District 10
TXN-003400,Orchard Midland Works LLC,Boris Ionescu,44679.64,2025-09-23,District 08
TXN-003401,Redstone Industrial Group Inc,Miranda Nordin,88882.92,2026-03-05,District 02
TXN-003402,Darlington Prime Trading LLC,Lena Tarnowski,20396.54,2025-09-27,District 01
TXN-003403,Inglewood Pioneer Partners Ltd,Miranda Yilmaz,591079.66,2025-12-21,District 03
TXN-003404,Sandalwood Sovereign Trading Inc,Paolina Oberlin,5553.11,2025-05-05,District 05
TXN-003405,Grantham Pioneer Logistics Co,Florian Oberlin,18831.02,2024-08-30,District 08
TXN-003406,Eastvale Prime Contractors Inc,Guillaume Weber,30680.47,2024-08-08,District 02
TXN-003407,Norwood Pioneer Ventures Co,Evander Sauer,434795.36,2026-08-23,District 06
TXN-003408,Belmont Prime Logistics PLC,Quentin Bergstrom,133786.58,2025-06-29,District 12
TXN-003409,Thornbury Atlas Developments Ltd,Fabian Skovgaard,95549.05,2024-08-12,District 11
TXN-003410,Radcliffe Apex Enterprises PLC,Adrian Zanetti,23037.40,2026-06-13,District 11
TXN-003411,Inglewood Civic Holdings Inc,Sanne Petrov,247691.34,2026-06-29,District 09
TXN-003412,Blackwood Summit Developments LLC,Enzo Nordin,236797.39,2026-07-26,District 03
TXN-003413,Marlowe Civic Developments PLC,Rosalind Eekhoff,489410.59,2024-07-18,District 06
TXN-003414,Oakridge Apex Engineering Inc,Rafaella Ferreira,99334.79,2025-10-19,District 08
TXN-003415,Northgate Civil Group Co,Conrad Saavedra,500923.77,2025-02-19,District 02
TXN-003416,Pemberton Coastal Contractors Co,Leona Bondarenko,171015.14,2025-07-17,District 01
TXN-003417,Blackwood Zenith Partners LLC,Conrad Fischer,10167.00,2026-04-20,District 08
TXN-003418,Foxglove Commercial Logistics PLC,Emeline Ferreira,78025.83,2024-01-02,District 09
TXN-003419,Devereux Metro Enterprises LLC,Julien Iversen,59497.22,2026-05-30,District 10
TXN-003420,Fenwick Atlas Partners PLC,Farida Laine,9511.35,2025-05-03,District 11
TXN-003421,Zephyr Commercial Ventures Co,Jacqueline Dupont,111997.59,2026-03-16,District 11
TXN-003422,Brookfield Titan Enterprises LLC,Erin Dupont,13110.74,2026-04-18,District 07
TXN-003423,Fenwick Zenith Services Inc,Sanne Ferreira,20089.09,2025-10-21,District 10
TXN-003424,Orchard Industrial Partners LLC,Cecelia Brogaard,185509.03,2026-08-19,District 09
TXN-003425,Darlington Industrial Works PLC,Lars Kirkpatrick,29605.30,2025-01-22,District 10
TXN-003426,Wexford Civil Solutions LLC,Antoine Castellan,3030.02,2025-05-08,District 01
TXN-003427,Vernon Reliance Partners Co,Valentin Haugen,98696.45,2025-12-22,District 03
TXN-003428,Redstone Crestline Engineering LLC,Enzo Eekhoff,10766.97,2025-07-06,District 08
TXN-003429,Brookfield Civic Consulting LLC,Rasmus Corvin,16219.90,2025-01-01,District 12
TXN-003430,Foxglove Titan Group Inc,Zoran Falkenstein,20421.43,2024-08-12,District 12
TXN-003431,Pinewood Pioneer Trading LLC,Zara Engstrom,910150.50,2024-11-01,District 07
TXN-003432,Aldergate Apex Services Co,Karina Zanetti,15224.76,2024-04-17,District 05
TXN-003433,Elmhurst Harbor Solutions Ltd,Dmitri Georgiev,364004.91,2024-10-23,District 11
TXN-003434,Redstone Harbor Solutions LLC,Regina Bondarenko,159606.37,2025-06-09,District 09
TXN-003435,Orchard Pioneer Partners Inc,Branislav Christensen,273923.35,2026-07-09,District 02
TXN-003436,Aldergate Atlas Logistics PLC,Delphine Jovanovic,345442.48,2026-03-01,District 04
TXN-003437,Langford Crestline Engineering Inc,Quentin Scheffer,43280.53,2024-06-18,District 02
TXN-003438,Orchard Civil Infrastructure PLC,Miranda Molinari,8077.04,2024-10-01,District 05
TXN-003439,Devereux Prime Solutions PLC,Greta Aaltonen,8401.37,2025-06-09,District 02
TXN-003440,Ullswater Civil Infrastructure Co,Evander Caruso,57408.62,2025-12-09,District 05
TXN-003441,Holloway Prime Engineering PLC,Hector Girard,75238.40,2024-09-25,District 06
TXN-003442,Kingsmere Industrial Holdings Inc,Thibault Szabo,243519.77,2024-02-25,District 09
TXN-003443,Redstone Coastal Engineering Co,Pavel Yilmaz,26147.26,2026-02-11,District 05
TXN-003444,Elmhurst Reliance Trading Inc,Severin Bergstrom,6724.10,2025-02-10,District 12
TXN-003445,Kingsmere Summit Partners Inc,Vera Arnaud,577433.42,2025-06-02,District 07
TXN-003446,Northgate Summit Services PLC,Florian Hoffmann,8148.88,2024-09-02,District 07
TXN-003447,Northgate Highland Group Inc,Rasmus Skovgaard,81353.77,2025-12-05,District 01
TXN-003448,Clarence Highland Engineering PLC,Lucian Ferreira,223161.48,2024-01-14,District 05
TXN-003449,Everly Harbor Enterprises LLC,Karina Georgiev,32651.02,2024-08-30,District 04
TXN-003450,Ashford Highland Holdings Co,Halvard Jovanovic,189660.83,2025-10-16,District 11
TXN-003451,Larkspur Reliance Partners Inc,Emeline Wojcik,299649.85,2025-06-19,District 08
TXN-003452,Westbrook Harbor Partners PLC,Anika Horvath,2762.09,2026-01-01,District 10
TXN-003453,Thornbury Apex Contractors PLC,Laura Novak,5401.53,2026-08-02,District 08
TXN-003454,Underhill Apex Enterprises Ltd,Emeline Schneider,453693.26,2024-09-10,District 01
TXN-003455,Blackwood Prime Consulting Ltd,Laurent Zanetti,62081.34,2026-01-06,District 02
TXN-003456,Dunmore Zenith Group Inc,Olaf Novak,52330.18,2024-02-12,District 10
TXN-003457,Langford Crestline Holdings PLC,Rurik Tarnowski,25453.61,2026-09-08,District 08
TXN-003458,Brookfield Atlas Solutions PLC,Tadeusz Quaresma,38036.93,2026-05-22,District 11
TXN-003459,Devereux Pioneer Solutions Inc,Rurik Ursu,53795.82,2026-02-23,District 04
TXN-003460,Pemberton Sovereign Ventures Ltd,Fabian Slavik,4983.83,2024-04-06,District 03
TXN-003461,Ashford Highland Developments Co,Yusuf Steffensen,90860.54,2025-12-04,District 03
TXN-003462,Langford Lakeside Works LLC,Xenia Karlsen,2934.21,2025-03-10,District 11
TXN-003463,Pinewood Summit Enterprises PLC,Delphine Sandberg,3664.36,2024-03-27,District 07
TXN-003464,Copperfield Harbor Solutions LLC,Dorian Pichler,19594.66,2025-03-05,District 10
TXN-003465,Inglewood Zenith Trading Inc,Petra Iversen,323802.81,2026-04-21,District 11
TXN-003466,Zephyr Harbor Contractors PLC,Stefan Karlsen,415246.73,2024-05-19,District 03
TXN-003467,Wexford Sovereign Ventures Ltd,Hugo Steffensen,104744.84,2026-04-05,District 02
TXN-003468,Pemberton Metro Developments Co,Camille Richter,214925.75,2026-06-27,District 11
TXN-003469,Wexford Civil Infrastructure LLC,Lena Fischer,17760.65,2026-03-09,District 05
TXN-003470,Tongi Builders Ltd,Rafiqul Hasan,4868.71,2026-08-22,District 05
TXN-003471,Everly Apex Infrastructure PLC,Rurik Hoffmann,94849.61,2025-08-13,District 07
TXN-003472,Kingsmere Midland Holdings Co,Elias Capel,77470.35,2024-07-14,District 06
TXN-003473,Thornbury Lakeside Services LLC,Rafaella Gauthier,16755.23,2025-03-05,District 02
TXN-003474,Queensbury Civic Logistics Ltd,Paolina Fischer,9776.85,2026-06-07,District 07
TXN-003475,Ashford Midland Holdings Co,Conrad Oberlin,21724.65,2024-05-10,District 11
TXN-003476,Amberley Civic Ventures Ltd,Boris Ferreira,15197.70,2025-08-16,District 03
TXN-003477,Wexford Zenith Consulting PLC,Miroslav Teodorescu,184522.95,2025-09-20,District 09
TXN-003478,Foxglove Reliance Consulting Inc,Elena Steffensen,152409.02,2025-06-12,District 11
TXN-003479,Fenwick Commercial Infrastructure Ltd,Gabriel Volkan,6796.12,2025-12-21,District 04
TXN-003480,Jessup Civil Trading Ltd,Kaspar Castellan,143397.61,2024-11-09,District 07
TXN-003481,Everly Commercial Enterprises LLC,Alena Pichler,4547.41,2026-05-23,District 03
TXN-003482,Holloway Civil Consulting LLC,Jelena Saavedra,5143.61,2026-03-20,District 11
TXN-003483,Redstone Harbor Works Inc,Sabine Reyes,178484.89,2025-02-12,District 09
TXN-003484,Eastvale Metro Group LLC,Hector Dobrev,7669.62,2024-12-05,District 09
TXN-003485,Elmhurst Prime Logistics LLC,Farida Ionescu,3946.65,2025-12-06,District 12
TXN-003486,Yorkfield Metro Works Co,Zara Pichler,12701.77,2026-04-20,District 11
TXN-003487,Pinewood Atlas Solutions Co,Greta Corvin,192172.53,2025-07-07,District 05
TXN-003488,Ullswater Atlas Logistics LLC,Alena Klassen,115909.95,2024-03-26,District 01
TXN-003489,Darlington Prime Works LLC,Dmitri Christensen,80856.70,2024-01-10,District 10
TXN-003490,Sandalwood Coastal Engineering Inc,Lena Zanetti,211288.43,2024-07-27,District 12
TXN-003491,Stonebridge Prime Holdings PLC,Felix Escobar,12925.29,2026-02-16,District 03
TXN-003492,Redstone Coastal Enterprises PLC,Janek Girard,2617.63,2024-09-25,District 09
TXN-003493,Norwood Summit Ventures Ltd,Guillaume Braun,20684.34,2025-10-02,District 05
TXN-003494,Wexford Commercial Trading Ltd,Jacqueline Wojcik,9189.61,2025-07-21,District 02
TXN-003495,Jessup Civil Developments PLC,Jonas Klassen,14439.07,2025-10-25,District 03
TXN-003496,Larkspur Sovereign Logistics Co,Ivo Salvati,126570.08,2025-04-19,District 04
TXN-003497,Sandalwood Harbor Developments Ltd,Dorian Aaltonen,281528.47,2025-07-14,District 07
TXN-003498,Larkspur Commercial Infrastructure Inc,Rafaella Roth,17156.96,2024-08-01,District 12
TXN-003499,Inglewood Harbor Partners PLC,Evander Quaresma,276569.77,2026-03-07,District 05
TXN-003500,Orchard Commercial Contractors LLC,Xenia Bakker,381311.37,2025-05-08,District 11
TXN-003501,Ullswater Civic Ventures Inc,Katarina Zajac,312628.12,2025-10-20,District 10
TXN-003502,Pemberton Apex Engineering Inc,Jacqueline Weber,516417.45,2025-12-04,District 07
TXN-003503,Kirkwood Civil Logistics LLC,Branislav Meier,62943.52,2024-05-08,District 04
TXN-003504,Sandalwood Metro Ventures Ltd,Guillaume Caruso,625504.49,2024-02-18,District 01
TXN-003505,Brookfield Highland Ventures Inc,Julien Meier,54381.04,2024-03-13,District 10
TXN-003506,Kirkwood Summit Enterprises LLC,Petra Lindqvist,90744.42,2024-02-14,District 03
TXN-003507,Harlow Crestline Logistics Inc,Estelle Hartmann,204927.46,2026-06-08,District 06
TXN-003508,Fenwick Pioneer Ventures PLC,Laura Nordin,6156.70,2026-06-14,District 09
TXN-003509,Inglewood Zenith Developments LLC,Klaus Caruso,19034.78,2024-06-02,District 03
TXN-003510,Zephyr Industrial Infrastructure LLC,Lars Bauer,58158.06,2024-01-14,District 08
TXN-003511,Kirkwood Civic Works PLC,Alena Zanetti,38832.30,2026-09-09,District 02
TXN-003512,Fenwick Lakeside Services Ltd,Sanne Molinari,883573.79,2026-04-24,District 06
TXN-003513,Redstone Zenith Enterprises Inc,Pavel Nordin,250705.97,2024-07-12,District 10
TXN-003514,Wexford Lakeside Developments Inc,Karina Bauer,753086.56,2024-03-14,District 12
TXN-003515,Redstone Metro Ventures Inc,Margaux Dagher,412961.28,2025-10-17,District 10
TXN-003516,Larkspur Midland Partners PLC,Aaron Kirkpatrick,698595.94,2026-04-06,District 10
TXN-003517,Elmhurst Coastal Infrastructure Inc,Yannick Clemencic,4200.32,2025-07-11,District 02
TXN-003518,Jessup Commercial Contractors Ltd,Kaspar Sandberg,93820.41,2025-01-13,District 06
TXN-003519,Redstone Sovereign Consulting Ltd,Ulrike Vogel,5026.04,2024-04-07,District 09
TXN-003520,Foxglove Pioneer Ventures Co,Matteo Teodorescu,20774.47,2026-04-20,District 05
TXN-003521,Glenmore Coastal Ventures PLC,Sanne Mueller,118034.57,2026-07-06,District 05
TXN-003522,Zephyr Summit Ventures Ltd,Hanna Rosqvist,2506.54,2025-07-04,District 07
TXN-003523,Everly Coastal Group PLC,Karina Nyberg,820506.75,2026-06-02,District 12
TXN-003524,Wexford Industrial Enterprises Co,Noor Vogel,94113.68,2026-06-05,District 03
TXN-003525,Brookfield Summit Solutions Co,Rasmus Fischer,19965.43,2025-05-10,District 06
TXN-003526,Orchard Civil Engineering LLC,Severin Jankowski,276478.93,2024-08-20,District 02
TXN-003527,Ullswater Civil Group PLC,Julien Magnusson,42845.81,2024-03-06,District 08
TXN-003528,Grantham Atlas Logistics LLC,Quentin Weber,63475.92,2026-05-06,District 04
TXN-003529,Belmont Titan Group Co,Rafaella Mikkelsen,376433.05,2025-04-21,District 09
TXN-003530,Northgate Titan Enterprises Inc,Guillaume Tarnowski,91135.78,2025-12-21,District 03
TXN-003531,Clarence Summit Partners Inc,Nadia Laine,26697.71,2026-06-03,District 04
TXN-003532,Pemberton Reliance Partners Ltd,Rurik Olszynski,151993.43,2025-03-15,District 04
TXN-003533,Blackwood Crestline Ventures Co,Nadia Brogaard,51851.87,2026-07-13,District 04
TXN-003534,Orchard Harbor Holdings Ltd,Sanne Iversen,5617.92,2025-03-11,District 04
TXN-003535,Radcliffe Lakeside Infrastructure LLC,Lucia Engstrom,6349.70,2024-12-31,District 08
TXN-003536,Langford Crestline Services LLC,Felix Saavedra,59641.66,2026-08-25,District 08
TXN-003537,Thornbury Prime Services Inc,Yannick Iversen,4878.25,2024-10-22,District 07
TXN-003538,Devereux Summit Developments PLC,Yannick Georgiev,95590.43,2024-05-31,District 01
TXN-003539,Inglewood Metro Trading Co,Magda Tolvanen,72525.56,2025-03-20,District 04
TXN-003540,Wexford Harbor Contractors LLC,Regina Skovgaard,5424.57,2026-02-27,District 08
TXN-003541,Marlowe Commercial Services Inc,Margaux Sauer,2696.37,2024-06-15,District 06
TXN-003542,Orchard Industrial Trading Co,Yusuf Aaltonen,198643.94,2025-07-04,District 06
TXN-003543,Vernon Zenith Group Co,Halvard Teodorescu,43125.40,2026-07-21,District 07
TXN-003544,Redstone Harbor Solutions Ltd,Olivia Weiss,70307.22,2025-03-13,District 07
TXN-003545,Vernon Midland Enterprises LLC,Rafaella Braun,5559.61,2024-09-10,District 03
TXN-003546,Aldergate Summit Logistics Co,Evander Novak,5790.55,2025-12-03,District 01
TXN-003547,Brookfield Sovereign Partners Ltd,Ilse Demirci,262848.19,2024-06-18,District 08
TXN-003548,Westbrook Metro Enterprises Inc,Laura Rosqvist,3447.25,2024-03-29,District 07
TXN-003549,Underhill Summit Contractors Ltd,Lucia Lukacs,409938.45,2025-11-17,District 12
TXN-003550,Aldergate Pioneer Services Ltd,Amos Falkenstein,383687.62,2025-01-03,District 11
TXN-003551,Darlington Zenith Partners Inc,Sanne Salvati,20587.08,2024-08-13,District 09
TXN-003552,Trevor Reliance Ventures LLC,Paolina Iversen,16339.70,2025-07-29,District 02
TXN-003553,Fenwick Pioneer Services Ltd,Casper Eekhoff,544649.46,2024-11-27,District 05
TXN-003554,Pinewood Civil Enterprises Co,Rasmus Salvati,6326.45,2025-10-02,District 02
TXN-003555,Eastvale Highland Logistics Inc,Lucia Braun,2668.75,2024-05-01,District 08
TXN-003556,Orchard Pioneer Consulting PLC,Olaf Stark,45645.72,2024-05-04,District 08
TXN-003557,Inglewood Summit Consulting LLC,Matteo Saavedra,4963.83,2024-11-28,District 06
TXN-003558,Belmont Civil Partners PLC,Kaspar Pedersen,4603.29,2025-03-10,District 12
TXN-003559,Blackwood Reliance Group Ltd,Rafaella Villanueva,29626.67,2024-10-25,District 07
TXN-003560,Queensbury Industrial Holdings Inc,Amos Tolvanen,63860.76,2025-01-24,District 09
TXN-003561,Wexford Lakeside Consulting LLC,Delphine Nyberg,547403.86,2026-04-27,District 06
TXN-003562,Pemberton Reliance Engineering Ltd,Antoine Popescu,163546.67,2026-03-24,District 05
TXN-003563,Amberley Harbor Solutions Ltd,Florian Zielinski,3164.99,2025-06-10,District 03
TXN-003564,Westbrook Civic Enterprises Inc,Sabine Vogel,2689.66,2025-03-29,District 11
TXN-003565,Blackwood Civic Developments Ltd,Anika Novak,139886.76,2025-03-08,District 07
TXN-003566,Langford Commercial Partners Inc,Rasmus Reyes,2651.59,2026-06-13,District 11
TXN-003567,Foxglove Reliance Holdings Co,Silvia Rosqvist,16987.25,2024-01-09,District 07
TXN-003568,Yorkfield Civic Enterprises LLC,Hugo Marchetti,68993.99,2026-01-31,District 12
TXN-003569,Thornbury Lakeside Infrastructure Ltd,Leona Popescu,936288.17,2025-09-26,District 04
TXN-003570,Northgate Pioneer Solutions Co,Antoine Tolvanen,776909.03,2026-05-25,District 04
TXN-003571,Redstone Civic Partners Ltd,Tatiana Tarnowski,92222.57,2025-12-04,District 03
TXN-003572,Redstone Metro Contractors Ltd,Zoran Lorenz,5831.60,2025-04-25,District 08
TXN-003573,Wexford Prime Works Ltd,Fabian Horvath,172944.27,2025-01-27,District 02
TXN-003574,Dunmore Apex Contractors Co,Adrian Yilmaz,41126.78,2025-10-27,District 07
TXN-003575,Westbrook Lakeside Contractors Co,Pablo Quaresma,246155.98,2026-01-13,District 04
TXN-003576,Marlowe Highland Ventures Ltd,Noor Novak,74437.57,2026-06-13,District 12
TXN-003577,Brookfield Titan Services PLC,Dalia Steffensen,10273.03,2025-11-10,District 11
TXN-003578,Grantham Civil Developments Ltd,Karina Kaufmann,117902.35,2026-08-11,District 11
TXN-003579,Redstone Prime Services Inc,Adrian Johannsen,211741.05,2024-12-12,District 04
TXN-003580,Moorfield Coastal Ventures Ltd,Nadia Horvath,625656.15,2025-11-18,District 02
TXN-003581,Everly Commercial Contractors LLC,Greta Halvorsen,254893.08,2024-03-15,District 08
TXN-003582,Eastvale Civil Works LLC,Felix Teodorescu,287112.36,2024-06-29,District 01
TXN-003583,Ashford Pioneer Group Inc,Elena Halvorsen,3030.38,2026-08-27,District 04
TXN-003584,Queensbury Pioneer Group PLC,Yelena Roth,11633.54,2025-02-16,District 11
TXN-003585,Clarence Highland Partners Inc,Amos Lorenz,3449.03,2025-03-07,District 08
TXN-003586,Foxglove Reliance Works Co,Noor Garrido,674124.42,2024-01-23,District 03
TXN-003587,Harlow Titan Consulting PLC,Valentin Wallin,194209.24,2025-10-19,District 08
TXN-003588,Langford Apex Developments LLC,Delphine Ferreira,8195.92,2025-05-26,District 07
TXN-003589,Ashford Lakeside Trading Ltd,Alena Szabo,847734.63,2025-06-23,District 12
TXN-003590,Redstone Industrial Services Ltd,Dalia Johannsen,34069.93,2026-05-17,District 11
TXN-003591,Clarence Civil Group PLC,Rene Wojcik,93654.71,2024-12-31,District 03
TXN-003592,Brookfield Prime Partners PLC,Sanne Sebesta,245118.25,2025-06-04,District 02
TXN-003593,Glenmore Highland Ventures Ltd,Janek Hoffmann,127760.40,2025-03-02,District 07
TXN-003594,Marlowe Prime Developments PLC,Sanne Lindqvist,66044.21,2026-02-27,District 05
TXN-003595,Moorfield Zenith Ventures LLC,Branislav Salvati,11377.33,2026-05-27,District 05
TXN-003596,Foxglove Midland Logistics Co,Magda Weiss,133980.66,2024-06-28,District 12
TXN-003597,Devereux Harbor Developments Co,Quentin Capel,152390.13,2024-11-09,District 03
TXN-003598,Grantham Titan Enterprises Inc,Camille Beaumont,32587.17,2026-07-10,District 11
TXN-003599,Ashford Highland Services Ltd,Vera Reyes,4004.30,2024-05-03,District 06
TXN-003600,Oakridge Titan Works PLC,Gabriel Garrido,309141.49,2025-03-05,District 02
TXN-003601,Golden Harvest Agricultural Company,Tomas Ekstrom,4294.23,2026-04-27,District 11
TXN-003602,Glenmore Harbor Trading LLC,Zoran Gauthier,6064.73,2024-11-06,District 07
TXN-003603,Yorkfield Zenith Partners Ltd,Rene Fontaine,70618.35,2025-07-03,District 10
TXN-003604,Kirkwood Crestline Developments PLC,Amos Saavedra,67134.29,2024-02-01,District 10
TXN-003605,Grantham Lakeside Consulting LLC,Dmitri Karlsen,20492.92,2026-02-19,District 12
TXN-003606,Vanguard Steel Works Inc,Marek Duvall,7004.90,2024-08-31,District 02
TXN-003607,Moorfield Metro Group Ltd,Nikolai Thomassen,254526.52,2026-02-18,District 10
TXN-003608,Marlowe Atlas Developments Ltd,Zara Szabo,212201.66,2026-04-29,District 01
TXN-003609,Belmont Midland Developments PLC,Halvard Lindqvist,5693.49,2026-07-21,District 04
TXN-003610,Vernon Coastal Ventures Inc,Branislav Slavik,45910.20,2024-03-30,District 04
TXN-003611,Ashford Industrial Holdings Ltd,Samir Kaufmann,121937.44,2025-06-15,District 11
TXN-003612,Larkspur Crestline Trading Inc,Camille Hoffmann,65494.74,2026-05-01,District 03
TXN-003613,Brookfield Highland Contractors Ltd,Anika Brogaard,68040.17,2026-02-28,District 05
TXN-003614,Thornbury Sovereign Partners LLC,Karina Corvin,86947.32,2026-04-27,District 07
TXN-003615,Westbrook Civic Engineering Co,Janek Sandberg,182778.39,2024-07-09,District 06
TXN-003616,Northgate Crestline Logistics Inc,Laura Gauthier,241488.30,2025-07-23,District 04
TXN-003617,Darlington Highland Developments Ltd,Lucian Castellan,4303.14,2026-03-03,District 02
TXN-003618,Harlow Zenith Contractors Inc,Quentin Olszynski,344444.37,2026-08-08,District 05
TXN-003619,Orchard Industrial Solutions PLC,Farida Graziani,2682.61,2025-07-28,District 09
TXN-003620,Langford Titan Contractors Co,Samir Capel,461993.61,2024-02-20,District 09
TXN-003621,Darlington Summit Logistics LLC,Silvia Dahlberg,257371.19,2026-06-27,District 01
TXN-003622,Langford Civic Logistics Ltd,Thibault Andersson,807781.61,2026-06-09,District 10
TXN-003623,Inglewood Midland Holdings Ltd,Fabian Nyberg,30605.50,2025-12-15,District 02
TXN-003624,Elmhurst Pioneer Enterprises LLC,Zoran Wagner,123761.30,2025-11-01,District 11
TXN-003625,Ullswater Lakeside Logistics Ltd,Jonas Olszynski,9645.13,2024-06-05,District 10
TXN-003626,Orchard Civil Trading PLC,Miranda Brogaard,3658.67,2025-01-20,District 05
TXN-003627,Zephyr Commercial Trading PLC,Rosalind Tolvanen,279121.57,2025-04-20,District 01
TXN-003628,Elmhurst Summit Engineering Inc,Viktor Popescu,316980.38,2025-07-17,District 03
TXN-003629,Holloway Prime Solutions LLC,Felix Ignatiev,100427.51,2024-07-06,District 04
TXN-003630,Vanguard Steelworks,Marek Duvall,247206.56,2024-07-05,District 02
TXN-003631,Queensbury Prime Enterprises Ltd,Katarina Georgiev,8756.21,2026-01-08,District 03
TXN-003632,Orchard Commercial Solutions LLC,Tatiana Sebesta,4318.89,2024-06-13,District 06
TXN-003633,Oakridge Midland Trading Ltd,Cecelia Braun,9284.01,2025-05-17,District 07
TXN-003634,Zephyr Atlas Consulting Co,Enzo Reyes,10195.69,2026-02-25,District 04
TXN-003635,Blackwood Reliance Trading PLC,Olaf Demirci,796303.59,2025-06-24,District 08
TXN-003636,Wexford Apex Enterprises LLC,Evander Karlsen,161711.09,2025-03-14,District 12
TXN-003637,Jessup Apex Group PLC,Wilhelm Castellan,3173.36,2024-01-18,District 12
TXN-003638,Ullswater Midland Consulting Ltd,Noor Szabo,188161.13,2025-05-08,District 05
TXN-003639,Kirkwood Crestline Engineering Co,Farida Mertens,430020.44,2025-09-26,District 09
TXN-003640,Jessup Civil Works LLC,Halvard Bakker,464391.63,2024-07-02,District 10
TXN-003641,Copperfield Prime Trading Inc,Guillaume Bauer,9439.42,2025-10-23,District 11
TXN-003642,Clarence Titan Infrastructure LLC,Olivia Roth,53064.33,2024-02-15,District 02
TXN-003643,Jessup Apex Works Ltd,Anika Salvati,4805.51,2026-07-04,District 01
TXN-003644,Yorkfield Coastal Developments Co,Dorian Volkan,13892.51,2024-10-23,District 08
TXN-003645,Elmhurst Summit Holdings Co,Adrian Jankowski,27286.86,2025-05-16,District 02
TXN-003646,Redstone Civic Works LLC,Stefan Villanueva,192659.22,2024-10-29,District 05
TXN-003647,Larkspur Sovereign Group LLC,Evander Christensen,12157.32,2024-11-29,District 05
TXN-003648,Copperfield Pioneer Works Inc,Samir Novak,15043.81,2024-01-10,District 05
TXN-003649,Sandalwood Harbor Infrastructure LLC,Laura Brogaard,103486.97,2024-08-16,District 11
TXN-003650,Yorkfield Reliance Works Inc,Petra Volkan,5470.83,2024-09-18,District 03
TXN-003651,Harlow Highland Trading Ltd,Fiona Delacroix,388923.69,2024-09-06,District 12
TXN-003652,Wexford Titan Developments PLC,Emeline Kaufmann,512366.21,2024-12-10,District 03
TXN-003653,Eastvale Prime Infrastructure Inc,Boris Sauer,180387.71,2025-10-23,District 05
TXN-003654,Clarence Apex Enterprises LLC,Damien Graziani,5491.86,2024-08-05,District 07
TXN-003655,Devereux Reliance Infrastructure Ltd,Dmitri Pedersen,31244.46,2026-08-26,District 10
TXN-003656,Wexford Reliance Trading PLC,Damien Molinari,30298.07,2025-03-02,District 11
TXN-003657,Trevor Harbor Infrastructure Ltd,Sabine Hartmann,228182.34,2025-08-06,District 06
TXN-003658,Belmont Harbor Holdings Ltd,Tadeusz Novak,9538.07,2026-06-03,District 06
TXN-003659,Blackwood Sovereign Infrastructure LLC,Kaspar Scheffer,3334.52,2024-12-08,District 04
TXN-003660,Fairmont Sovereign Holdings PLC,Rosalind Escobar,68298.01,2024-12-08,District 01
TXN-003661,Redstone Coastal Infrastructure Inc,Halvard Blanchard,152981.99,2024-03-27,District 10
TXN-003662,Marlowe Summit Partners Ltd,Lucian Thiel,15741.30,2025-01-29,District 04
TXN-003663,Orchard Apex Solutions PLC,Nikolai Corvin,2776.28,2024-03-31,District 02
TXN-003664,Wexford Pioneer Services Co,Evander Corvin,508172.66,2024-06-09,District 03
TXN-003665,Everly Metro Trading Inc,Rene Slavik,11345.22,2026-07-28,District 04
TXN-003666,Ullswater Atlas Partners Co,Tadeusz Weiss,328294.05,2026-08-25,District 09
TXN-003667,Pemberton Civil Holdings Inc,Kaspar Oberlin,83205.62,2024-05-24,District 11
TXN-003668,Norwood Civil Holdings Ltd,Leona Fischer,14222.72,2024-05-04,District 04
TXN-003669,Larkspur Titan Developments Inc,Rurik Fontaine,6923.03,2025-04-13,District 12
TXN-003670,Aldergate Coastal Ventures Inc,Lena Wallin,56766.38,2025-08-19,District 04
TXN-003671,Zephyr Civic Trading Inc,Hugo Laine,9642.99,2026-05-21,District 05
TXN-003672,Redstone Civic Ventures Inc,Karina Hartmann,45781.22,2024-11-09,District 02
TXN-003673,Marlowe Midland Group Ltd,Julien Blanchard,280234.51,2025-11-23,District 09
TXN-003674,Amberley Pioneer Works LLC,Paolina Karlsen,31067.00,2024-10-01,District 12
TXN-003675,Fairmont Reliance Engineering LLC,Adrian Hartmann,3547.67,2024-01-26,District 08
TXN-003676,Harlow Harbor Logistics PLC,Rurik Braun,419322.63,2024-07-14,District 12
TXN-003677,Vernon Harbor Solutions LLC,Sanne Beaumont,49489.76,2026-07-16,District 01
TXN-003678,Holloway Civil Enterprises Co,Noor Corvin,112767.79,2026-06-04,District 07
TXN-003679,Dunmore Highland Engineering Ltd,Silvia Horvath,8550.13,2025-03-07,District 12
TXN-003680,Foxglove Crestline Services Co,Pavel Sebesta,31526.43,2026-08-13,District 01
TXN-003681,Pemberton Harbor Works PLC,Greta Marino,15796.80,2025-06-17,District 12
TXN-003682,Wexford Titan Infrastructure Inc,Guillaume Molinari,10541.53,2024-11-29,District 02
TXN-003683,Radcliffe Reliance Enterprises LLC,Fabian Stark,7392.47,2025-10-05,District 09
TXN-003684,Blackwood Crestline Group Inc,Fiona Wallin,190855.37,2025-08-23,District 02
TXN-003685,Cavendish Lakeside Consulting LLC,Beatriz Molinari,9972.71,2025-11-24,District 09
TXN-003686,Aldergate Civil Trading PLC,Miranda Fontaine,123468.38,2025-02-13,District 09
TXN-003687,Clarence Prime Consulting Co,Xenia Johannsen,340045.05,2026-08-03,District 04
TXN-003688,Harlow Atlas Infrastructure Ltd,Matteo Scheffer,47848.72,2024-12-30,District 06
TXN-003689,Norwood Pioneer Engineering LLC,Elias Johannsen,77318.33,2025-05-25,District 07
TXN-003690,Kirkwood Sovereign Partners LLC,Rosalind Clemencic,4093.55,2025-03-07,District 09
TXN-003691,Orchard Metro Ventures PLC,Tatiana Brogaard,94173.90,2024-07-12,District 05
TXN-003692,Trevor Midland Ventures Inc,Fabian Yilmaz,22283.39,2025-12-31,District 12
TXN-003693,Clarence Commercial Enterprises Ltd,Janek Thiel,12710.28,2024-12-16,District 08
TXN-003694,Blackwood Pioneer Works Co,Felix Dobrev,741378.86,2025-08-28,District 05
TXN-003695,Cavendish Crestline Enterprises Co,Magda Demirci,565117.57,2025-11-22,District 01
TXN-003696,Bluecrest Marine Services LLC,Ingrid Sollas,271320.24,2024-10-05,District 09
TXN-003697,Copperfield Zenith Consulting Co,Adrian Stark,513177.52,2024-11-12,District 09
TXN-003698,Westbrook Atlas Trading PLC,Lars Weber,636397.53,2024-03-06,District 06
TXN-003699,Pinewood Pioneer Logistics PLC,Miranda Silvestri,88562.28,2024-03-27,District 04
TXN-003700,Redstone Highland Trading Inc,Conrad Schneider,48683.09,2026-03-03,District 10
TXN-003701,Ullswater Highland Logistics LLC,Janek Mueller,181447.65,2024-11-05,District 09
TXN-003702,Wexford Pioneer Infrastructure PLC,Margaux Georgiev,97646.01,2025-08-08,District 07
TXN-003703,Northgate Prime Consulting LLC,Ulrike Dahlberg,142183.41,2026-04-28,District 01
TXN-003704,Ullswater Lakeside Ventures Inc,Lucia Delacroix,2562.61,2025-09-30,District 07
TXN-003705,Brookfield Apex Works Ltd,Jelena Magnusson,837906.24,2025-02-09,District 01
TXN-003706,Cavendish Lakeside Developments Inc,Margaux Marino,273591.93,2026-01-02,District 04
TXN-003707,Oakridge Metro Works Inc,Lars Kaufmann,2524.42,2025-12-03,District 02
TXN-003708,Northgate Harbor Infrastructure LLC,Lena Weber,489589.56,2024-05-14,District 01
TXN-003709,Thornbury Civic Holdings LLC,Viktor Vogel,67507.83,2025-10-12,District 12
TXN-003710,Queensbury Crestline Developments Co,Rene Jankowski,3542.96,2026-01-17,District 01
TXN-003711,Amberley Industrial Ventures Ltd,Fiona Brogaard,132791.04,2025-07-26,District 06
TXN-003712,Aldergate Civic Trading PLC,Katarina Christensen,98007.25,2025-08-03,District 07
TXN-003713,Belmont Coastal Ventures Inc,Cecelia Hoffmann,45434.43,2025-01-28,District 02
TXN-003714,Wexford Industrial Infrastructure Co,Conrad Beaumont,247015.63,2024-09-06,District 07
TXN-003715,Vernon Sovereign Logistics Ltd,Lars Quaresma,3167.43,2024-09-14,District 02
TXN-003716,Belmont Crestline Solutions PLC,Wilhelm Zielinski,4219.34,2026-08-22,District 07
TXN-003717,Ullswater Prime Logistics Inc,Fabian Lukacs,454601.97,2024-09-30,District 03
TXN-003718,Elmhurst Reliance Trading Co,Paolina Fontaine,9876.77,2024-07-08,District 08
TXN-003719,Inglewood Midland Consulting Ltd,Boris Quaresma,21949.13,2024-09-25,District 05
TXN-003720,Kingsmere Atlas Contractors LLC,Adrian Eekhoff,108722.47,2026-05-16,District 01
TXN-003721,Brookfield Lakeside Group Co,Wilhelm Volkan,4309.42,2025-04-29,District 11
TXN-003722,Langford Reliance Consulting PLC,Noor Brogaard,23463.53,2025-08-25,District 05
TXN-003723,Ashford Titan Solutions Co,Alena Sauer,13034.17,2025-05-20,District 07
TXN-003724,Devereux Crestline Holdings Inc,Margaux Skovgaard,5844.36,2024-09-17,District 04
TXN-003725,Elmhurst Coastal Holdings Ltd,Vera Vasquez,5154.20,2024-02-29,District 11
TXN-003726,Jessup Reliance Logistics Inc,Yusuf Brogaard,140516.54,2024-10-17,District 10
TXN-003727,Vernon Reliance Logistics Inc,Lars Yilmaz,932279.97,2024-02-20,District 03
TXN-003728,Dunmore Midland Engineering LLC,Jacqueline Arnaud,929727.45,2025-01-04,District 05
TXN-003729,Kingsmere Pioneer Contractors PLC,Rurik Chaudhry,59992.31,2024-02-13,District 03
TXN-003730,Aldergate Harbor Holdings Co,Hector Lindqvist,50156.28,2026-05-06,District 01
TXN-003731,Langford Lakeside Engineering LLC,Yannick Escobar,759861.55,2024-08-22,District 05
TXN-003732,Pinewood Highland Works LLC,Lucia Wagner,152105.81,2024-05-07,District 09
TXN-003733,Moorfield Sovereign Developments PLC,Farida Zanetti,9868.30,2025-01-02,District 08
TXN-003734,Copperfield Summit Consulting LLC,Ilse Salvati,19444.93,2025-10-28,District 04
TXN-003735,Everly Civic Enterprises PLC,Julien Bauer,4427.99,2026-02-04,District 07
TXN-003736,Kingsmere Civil Infrastructure Ltd,Olivia Horvath,4564.68,2025-06-08,District 07
TXN-003737,Kirkwood Summit Engineering LLC,Lars Volkan,68790.96,2024-01-30,District 09
TXN-003738,Sandalwood Civil Infrastructure PLC,Rafaella Pelletier,96018.45,2024-10-16,District 06
TXN-003739,Ashford Summit Contractors Co,Camille Novak,3048.82,2025-12-03,District 06
TXN-003740,Redstone Highland Logistics PLC,Evander Dupont,462082.73,2025-01-07,District 06
TXN-003741,Oakridge Lakeside Trading Inc,Camille Blanchard,134971.02,2025-01-06,District 11
TXN-003742,Cavendish Atlas Enterprises Inc,Pablo Novak,10931.61,2024-04-06,District 09
TXN-003743,Ashford Highland Partners PLC,Yannick Salvati,10515.22,2025-06-06,District 08
TXN-003744,Glenmore Pioneer Group LLC,Zara Arnaud,293240.17,2026-06-30,District 12
TXN-003745,Sandalwood Sovereign Infrastructure Ltd,Petra Bergstrom,136477.18,2026-01-13,District 08
TXN-003746,Kingsmere Zenith Consulting Inc,Oskar Christensen,431340.80,2025-07-13,District 07
TXN-003747,Clarence Coastal Services Co,Nadia Kirkpatrick,205335.24,2026-01-24,District 02
TXN-003748,Ullswater Reliance Services PLC,Enzo Girard,2777.51,2024-04-13,District 10
TXN-003749,Jessup Pioneer Ventures LLC,Rafaella Reyes,5066.31,2025-03-31,District 10
TXN-003750,Devereux Titan Contractors PLC,Greta Blanchard,62264.21,2024-12-15,District 12
TXN-003751,Ullswater Atlas Consulting PLC,Yusuf Dagher,663397.55,2024-03-28,District 10
TXN-003752,Radcliffe Midland Ventures Inc,Beatriz Kaminski,4000.45,2024-04-29,District 05
TXN-003753,Harlow Pioneer Group Inc,Rasmus Ionescu,925383.86,2024-07-05,District 02
TXN-003754,Jessup Reliance Contractors PLC,Halvard Delacroix,3331.23,2024-06-26,District 04
TXN-003755,Jessup Crestline Contractors Co,Jelena Dobrev,12234.94,2024-09-01,District 10
TXN-003756,Clarence Zenith Solutions Co,Rene Quaresma,713240.90,2025-02-22,District 08
TXN-003757,Blackwood Civic Developments LLC,Tatiana Ursu,11202.11,2025-03-29,District 07
TXN-003758,Verdant Gate Holdings,Solace Marine Works Ltd,259674.32,2025-07-16,District 08
TXN-003759,Fenwick Civic Works Co,Noor Clemencic,14034.27,2024-01-18,District 10
TXN-003760,Harlow Prime Services PLC,Halvard Caruso,6725.13,2025-05-18,District 07
TXN-003761,Oakridge Commercial Group PLC,Tadeusz Clemencic,11127.54,2025-01-30,District 11
TXN-003762,Larkspur Reliance Solutions LLC,Rafaella Kaufmann,107945.33,2024-12-19,District 07
TXN-003763,Cavendish Apex Infrastructure Ltd,Magda Mertens,7038.04,2024-10-23,District 12
TXN-003764,Norwood Civic Services LLC,Tatiana Marchetti,126622.67,2026-01-15,District 03
TXN-003765,Holloway Zenith Ventures Co,Olivia Petrov,20378.86,2024-02-12,District 04
TXN-003766,Marlowe Commercial Partners Inc,Farida Sauer,388619.88,2024-10-25,District 03
TXN-003767,Radcliffe Titan Solutions LLC,Hanna Zajac,18778.27,2025-12-12,District 01
TXN-003768,Ashford Summit Partners LLC,Dalia Pedersen,937742.55,2025-02-09,District 10
TXN-003769,Thornbury Titan Contractors Co,Oskar Volkan,769239.69,2024-10-30,District 11
TXN-003770,Kirkwood Commercial Holdings PLC,Dmitri Girard,232820.35,2024-12-28,District 12
TXN-003771,Orchard Harbor Partners LLC,Samir Braun,126563.35,2025-03-17,District 01
TXN-003772,Holloway Titan Holdings Co,Leona Hoffmann,6655.01,2024-10-05,District 09
TXN-003773,Grantham Atlas Engineering LLC,Lucia Rasmussen,91366.10,2025-08-06,District 07
TXN-003774,Everly Summit Solutions Ltd,Miranda Mueller,5288.01,2024-02-10,District 11
TXN-003775,Aldergate Lakeside Infrastructure LLC,Oskar Mertens,66293.60,2026-06-10,District 07
TXN-003776,Clarence Titan Developments LLC,Olaf Kirkpatrick,152910.09,2026-04-15,District 04
TXN-003777,Dunmore Industrial Ventures LLC,Valentin Gauthier,39309.82,2025-03-18,District 03
TXN-003778,Underhill Lakeside Holdings Co,Dorian Petrov,22837.23,2026-02-22,District 10
TXN-003779,Darlington Lakeside Developments Ltd,Karina Falkenstein,13833.62,2026-08-12,District 12
TXN-003780,Orchard Apex Enterprises Inc,Thibault Molinari,807606.36,2025-11-16,District 10
TXN-003781,Kingsmere Highland Contractors Inc,Ulrike Lambert,18703.95,2025-02-10,District 01
TXN-003782,Norwood Prime Infrastructure Co,Camille Arnaud,803666.91,2025-04-14,District 07
TXN-003783,Glenmore Civic Group Co,Jonas Molinari,530831.12,2024-04-23,District 11
TXN-003784,Norwood Metro Developments Inc,Emeline Jovanovic,860655.69,2025-10-30,District 06
TXN-003785,Zephyr Crestline Solutions Ltd,Jonas Haugen,13097.96,2025-03-28,District 05
TXN-003786,Dunmore Summit Developments PLC,Jacqueline Marchetti,124753.36,2024-03-29,District 04
TXN-003787,Larkspur Commercial Infrastructure LLC,Wilhelm Ignatiev,136010.97,2025-03-08,District 12
TXN-003788,Queensbury Highland Consulting Ltd,Enzo Wagner,181746.25,2025-06-24,District 06
TXN-003789,Brookfield Lakeside Developments LLC,Erin Mikkelsen,2649.23,2024-08-24,District 06
TXN-003790,Moorfield Crestline Trading PLC,Wilhelm Jankowski,107232.46,2025-07-24,District 09
TXN-003791,Aldergate Civic Partners PLC,Olaf Silvestri,69726.57,2024-05-26,District 04
TXN-003792,Devereux Lakeside Logistics PLC,Lucian Garrido,311235.67,2025-02-26,District 07
TXN-003793,Queensbury Commercial Trading Ltd,Alena Tarnowski,65617.71,2024-06-20,District 06
TXN-003794,Orchard Reliance Solutions Co,Laura Fontaine,11684.47,2025-06-26,District 04
TXN-003795,Glenmore Highland Solutions Co,Quentin Dagher,131647.18,2025-10-19,District 05
TXN-003796,Redstone Lakeside Solutions Co,Miranda Bakker,6514.49,2024-02-09,District 02
TXN-003797,Jessup Crestline Logistics PLC,Jelena Pelletier,21920.49,2026-02-11,District 12
TXN-003798,Queensbury Harbor Works Ltd,Petra Nordin,309334.73,2026-08-22,District 01
TXN-003799,Dunmore Civil Contractors PLC,Wilhelm Blanchard,452130.85,2024-08-18,District 12
TXN-003800,Pinewood Prime Trading PLC,Magda Reyes,48057.23,2025-06-10,District 12
TXN-003801,Marlowe Apex Works PLC,Branislav Engstrom,5103.60,2025-04-27,District 02
TXN-003802,Foxglove Pioneer Consulting Ltd,Enzo Oberlin,4037.10,2025-06-25,District 11
TXN-003803,Thornbury Highland Partners Inc,Petra Eekhoff,10743.36,2025-08-24,District 10
TXN-003804,Fenwick Reliance Engineering LLC,Emeline Rasmussen,206689.33,2026-07-30,District 01
TXN-003805,Pinewood Reliance Trading Co,Noor Ignatiev,49856.31,2024-04-11,District 11
TXN-003806,Everly Harbor Contractors Ltd,Emeline Corvin,325120.90,2026-06-27,District 04
TXN-003807,Holloway Highland Logistics Co,Valentin Mikkelsen,38713.93,2026-05-25,District 01
TXN-003808,Wexford Sovereign Solutions Inc,Cecelia Reyes,238891.57,2025-05-18,District 11
TXN-003809,Elmhurst Lakeside Holdings LLC,Janek Gauthier,196918.25,2024-07-31,District 05
TXN-003810,Brookfield Harbor Holdings Ltd,Samir Bergstrom,2844.16,2024-05-23,District 05
TXN-003811,Pemberton Civil Contractors Inc,Fiona Slavik,22941.96,2025-09-26,District 04
TXN-003812,Thornbury Highland Infrastructure Ltd,Estelle Lindqvist,715476.13,2026-02-25,District 06
TXN-003813,Marlowe Crestline Services LLC,Florian Chaudhry,9234.54,2024-04-17,District 06
TXN-003814,Holloway Civic Logistics Inc,Lucia Olszynski,542781.79,2024-01-20,District 04
TXN-003815,Glenmore Civic Infrastructure LLC,Halvard Saavedra,13093.62,2025-07-14,District 09
TXN-003816,Westbrook Crestline Works Inc,Thibault Capel,413735.55,2024-12-22,District 08
TXN-003817,Darlington Civil Developments LLC,Alena Garrido,17898.43,2024-09-19,District 05
TXN-003818,Kirkwood Harbor Services Co,Miranda Johannsen,822189.77,2025-11-29,District 05
TXN-003819,Cavendish Industrial Developments PLC,Elias Vogel,519361.36,2026-01-03,District 05
TXN-003820,Devereux Sovereign Services Inc,Anika Ionescu,236628.78,2026-07-06,District 05
TXN-003821,Blackwood Sovereign Logistics LLC,Helena Volkan,439560.45,2025-12-31,District 07
TXN-003822,Redstone Apex Developments Inc,Wilhelm Escobar,278950.28,2026-01-26,District 07
TXN-003823,Redstone Summit Contractors Ltd,Enzo Slavik,176659.96,2024-08-22,District 02
TXN-003824,Radcliffe Apex Ventures Co,Felix Demirci,363065.23,2024-01-19,District 02
TXN-003825,Ullswater Metro Consulting PLC,Wilhelm Laine,7018.45,2026-05-03,District 04
TXN-003826,Grantham Titan Consulting Co,Olivia Yilmaz,5411.51,2026-05-15,District 03
TXN-003827,Copperfield Atlas Infrastructure Ltd,Klaus Quaresma,85726.16,2026-06-05,District 08
TXN-003828,Yorkfield Atlas Solutions Co,Sanne Trandafir,206547.34,2025-11-21,District 04
TXN-003829,Radcliffe Industrial Services Inc,Amos Meier,735966.25,2025-04-14,District 10
TXN-003830,Brookfield Commercial Trading Inc,Aaron Tolvanen,94146.22,2025-12-19,District 03
TXN-003831,Stonebridge Civic Infrastructure Co,Rasmus Rasmussen,160191.48,2024-08-12,District 09
TXN-003832,Fenwick Summit Consulting Inc,Valentin Stark,252276.95,2024-05-05,District 03
TXN-003833,Jessup Commercial Holdings Inc,Laurent Sandberg,196661.71,2026-08-28,District 02
TXN-003834,Westbrook Industrial Holdings Ltd,Ulrike Sebesta,5296.04,2024-06-19,District 04
TXN-003835,Devereux Pioneer Enterprises Inc,Ilse Chaudhry,4632.88,2025-10-11,District 04
TXN-003836,Pemberton Civil Enterprises Inc,Tadeusz Andersson,6936.46,2024-10-19,District 09
TXN-003837,Orchard Sovereign Holdings Ltd,Valentin Karlsen,131171.47,2025-12-22,District 06
TXN-003838,Cavendish Lakeside Consulting Co,Jonas Tarnowski,407349.55,2026-05-02,District 05
TXN-003839,Larkspur Civic Enterprises Inc,Enzo Aaltonen,3685.58,2025-09-03,District 01
TXN-003840,Radcliffe Harbor Group Co,Ulrike Bondarenko,5531.46,2025-05-28,District 09
TXN-003841,Pinewood Lakeside Developments Co,Quentin Aaltonen,7043.51,2025-02-07,District 01
TXN-003842,Orchard Coastal Contractors Co,Klaus Schneider,464109.79,2025-04-15,District 03
TXN-003843,Glenmore Sovereign Holdings LLC,Yelena Fischer,15400.21,2025-01-15,District 12
TXN-003844,Marlowe Commercial Works PLC,Lucian Kirkpatrick,17676.89,2025-05-11,District 09
TXN-003845,Marlowe Apex Partners PLC,Noor Wojcik,22754.59,2025-12-03,District 09
TXN-003846,Amberley Summit Engineering PLC,Dmitri Dupont,746447.95,2026-01-06,District 01
TXN-003847,Ashford Apex Logistics Ltd,Elena Wendel,43632.21,2025-04-02,District 07
TXN-003848,Glenmore Civic Contractors LLC,Ulrike Petrov,153899.15,2025-07-17,District 10
TXN-003849,Jessup Metro Services Inc,Zoran Engstrom,37548.45,2026-09-06,District 06
TXN-003850,Copperfield Prime Logistics Ltd,Nadia Meier,8063.25,2024-09-30,District 05
TXN-003851,Grantham Highland Trading Co,Yelena Novak,26946.91,2025-03-27,District 07
TXN-003852,Harlow Industrial Enterprises Inc,Tadeusz Mikkelsen,717567.00,2024-06-23,District 08
TXN-003853,Marlowe Apex Group Ltd,Boris Vasquez,518369.14,2024-01-21,District 02
TXN-003854,Larkspur Coastal Group PLC,Xenia Novak,63426.92,2025-08-15,District 05
TXN-003855,Jessup Civil Consulting Ltd,Lucian Jovanovic,209703.78,2024-02-25,District 12
TXN-003856,Cavendish Civil Logistics Co,Ivo Nyberg,195685.44,2026-08-18,District 09
TXN-003857,Brookfield Prime Contractors Inc,Dalia Marchetti,28350.96,2024-01-19,District 04
TXN-003858,Norwood Highland Consulting LLC,Greta Silvestri,11601.14,2024-09-13,District 03
TXN-003859,Kingsmere Zenith Group LLC,Aaron Vogel,7009.08,2024-03-05,District 08
TXN-003860,Redstone Sovereign Engineering Ltd,Katarina Volkan,893914.81,2025-04-04,District 05
TXN-003861,Ashford Coastal Ventures LLC,Yelena Olszynski,125545.75,2026-04-18,District 10
TXN-003862,Cavendish Harbor Services LLC,Ilse Dupont,19315.33,2025-03-16,District 07
TXN-003863,Holloway Sovereign Works Inc,Rasmus Laine,94557.75,2024-07-04,District 03
TXN-003864,Trevor Civil Ventures Co,Tatiana Salvati,9561.11,2025-11-08,District 10
TXN-003865,Underhill Commercial Contractors Co,Oskar Brogaard,5847.82,2025-05-16,District 05
TXN-003866,Kingsmere Commercial Consulting Inc,Silvia Molinari,121034.22,2026-06-04,District 05
TXN-003867,Underhill Industrial Works Inc,Magda Trandafir,97526.76,2026-03-30,District 05
TXN-003868,Jessup Midland Ventures Ltd,Xenia Kovacs,57141.57,2024-08-09,District 08
TXN-003869,Underhill Harbor Engineering PLC,Emeline Vasquez,7227.97,2024-04-16,District 07
TXN-003870,Underhill Apex Partners Ltd,Yelena Kovacs,632522.74,2026-08-13,District 02
TXN-003871,Fenwick Midland Infrastructure Ltd,Wilhelm Corvin,3190.96,2024-11-29,District 04
TXN-003872,Pemberton Harbor Contractors PLC,Magda Lukacs,30231.70,2026-02-08,District 11
TXN-003873,Golden Harvest Agro Co.,Tomas Ekstrom,109713.23,2024-11-21,District 11
TXN-003874,Clarence Industrial Logistics PLC,Yelena Jovanovic,9525.00,2026-06-15,District 03
TXN-003875,Cavendish Highland Ventures Co,Rasmus Steffensen,216424.48,2024-11-08,District 11
TXN-003876,Foxglove Summit Ventures Co,Anika Hoffmann,367278.72,2025-11-20,District 07
TXN-003877,Larkspur Reliance Consulting Ltd,Felix Villanueva,10980.58,2025-05-08,District 10
TXN-003878,Devereux Civic Developments Co,Yelena Oberlin,157949.23,2026-07-22,District 01
TXN-003879,Fenwick Sovereign Contractors Co,Nikolai Rosqvist,114098.54,2026-09-05,District 09
TXN-003880,Fenwick Harbor Developments LLC,Thibault Arnaud,81457.39,2026-07-07,District 10
TXN-003881,Vernon Reliance Solutions Ltd,Severin Kaufmann,90739.12,2026-02-18,District 11
TXN-003882,Brookfield Coastal Developments PLC,Helena Dietrich,7698.20,2024-07-02,District 07
TXN-003883,Everly Midland Ventures Inc,Regina Zanetti,149330.05,2025-10-17,District 03
TXN-003884,Harlow Coastal Contractors PLC,Delphine Hartmann,54522.91,2025-05-07,District 12
TXN-003885,Stonebridge Zenith Solutions Ltd,Hanna Garrido,10959.74,2025-05-27,District 02
TXN-003886,Foxglove Sovereign Holdings Co,Quentin Moreau,100544.38,2024-10-20,District 09
TXN-003887,Foxglove Atlas Partners PLC,Samir Weber,4789.82,2026-09-01,District 01
TXN-003888,Darlington Zenith Group LLC,Julien Petrov,22764.14,2025-09-06,District 02
TXN-003889,Kirkwood Summit Services Inc,Karina Moreau,110062.46,2026-07-19,District 10
TXN-003890,Blackwood Coastal Developments LLC,Janek Brogaard,26697.26,2024-03-28,District 06
TXN-003891,Fenwick Prime Group Inc,Ilse Garrido,593252.59,2026-08-14,District 02
TXN-003892,Radcliffe Civil Engineering PLC,Quentin Dobrev,382432.45,2024-10-21,District 05
TXN-003893,Dunmore Highland Engineering Co,Regina Weber,8813.71,2025-09-30,District 07
TXN-003894,Kingsmere Highland Solutions Ltd,Fabian Roth,37354.35,2025-08-24,District 01
TXN-003895,Ashford Reliance Services Ltd,Magda Bondarenko,246283.76,2026-05-27,District 09
TXN-003896,Trevor Titan Services Inc,Katarina Braun,30461.01,2024-08-15,District 09
TXN-003897,Ullswater Highland Consulting LLC,Karina Dobrev,239165.46,2024-03-31,District 03
TXN-003898,Devereux Industrial Services LLC,Camille Vasquez,427193.86,2026-07-06,District 07
TXN-003899,Holloway Commercial Solutions Inc,Jelena Georgiev,64036.48,2025-12-23,District 03
TXN-003900,Devereux Midland Enterprises PLC,Leona Horvath,47408.31,2025-05-16,District 03
TXN-003901,Pemberton Commercial Partners Ltd,Severin Lambert,121675.04,2025-08-06,District 08
TXN-003902,Underhill Crestline Infrastructure Ltd,Zoran Olszynski,4208.65,2024-11-02,District 05
TXN-003903,Underhill Commercial Trading Co,Sabine Nyberg,149126.83,2025-12-03,District 05
TXN-003904,Zephyr Sovereign Contractors Inc,Beatriz Saavedra,3251.05,2025-03-23,District 01
TXN-003905,Queensbury Atlas Holdings Co,Casper Clemencic,942635.70,2026-07-24,District 07
TXN-003906,Blackwood Lakeside Holdings Co,Greta Olszynski,11882.79,2026-02-24,District 10
TXN-003907,Oakridge Civic Works Ltd,Thibault Ursu,715519.77,2024-12-22,District 09
TXN-003908,Moorfield Apex Partners Inc,Severin Zielinski,315744.96,2024-06-19,District 09
TXN-003909,Belmont Lakeside Enterprises LLC,Noor Horvath,8706.71,2026-06-11,District 06
TXN-003910,Glenmore Highland Holdings Ltd,Severin Nyberg,345526.11,2026-09-07,District 10
TXN-003911,Zephyr Civic Trading Co,Valentin Bergstrom,147003.81,2025-10-23,District 05
TXN-003912,Redstone Highland Contractors Inc,Greta Scheffer,17046.63,2024-01-11,District 06
TXN-003913,Ashford Sovereign Trading LLC,Dalia Wagner,105131.72,2024-08-14,District 11
TXN-003914,Amberley Coastal Partners LLC,Miranda Nyberg,4137.76,2024-01-09,District 03
TXN-003915,Westbrook Midland Solutions Inc,Regina Mikkelsen,122372.86,2024-06-26,District 07
TXN-003916,Darlington Coastal Trading LLC,Hanna Kirkpatrick,7977.82,2025-03-19,District 08
TXN-003917,Devereux Metro Trading Ltd,Olivia Reyes,2885.46,2024-11-17,District 01
TXN-003918,Thornbury Industrial Services Ltd,Enzo Graziani,98017.26,2025-12-24,District 03
TXN-003919,Orchard Highland Developments PLC,Noor Slavik,556204.58,2025-07-17,District 11
TXN-003920,Radcliffe Highland Engineering Co,Leona Eekhoff,16020.05,2025-09-23,District 09
TXN-003921,Redstone Metro Partners Inc,Dorian Arnaud,10524.34,2024-08-31,District 05
TXN-003922,Devereux Prime Engineering Ltd,Jelena Nordin,7420.11,2025-08-22,District 06
TXN-003923,Vernon Civic Infrastructure Co,Delphine Dahlberg,16633.33,2024-04-10,District 12
TXN-003924,Kirkwood Sovereign Infrastructure Ltd,Katarina Meier,703886.21,2026-05-28,District 12
TXN-003925,Vernon Crestline Ventures Co,Jonas Weiss,647214.70,2024-03-12,District 10
TXN-003926,Everly Sovereign Works LLC,Olaf Pichler,785666.57,2025-04-11,District 01
TXN-003927,Orchard Pioneer Ventures LLC,Pavel Clemencic,279269.08,2025-09-27,District 03
TXN-003928,Copperfield Atlas Services Inc,Rene Tarnowski,95754.66,2025-08-31,District 07
TXN-003929,Wexford Lakeside Holdings LLC,Julien Halvorsen,6223.07,2024-05-05,District 01
TXN-003930,Yorkfield Civic Ventures LLC,Felix Blanchard,289829.11,2026-06-11,District 05
TXN-003931,Kirkwood Metro Services Ltd,Kaspar Iversen,465030.33,2024-01-30,District 01
TXN-003932,Darlington Highland Infrastructure Inc,Gabriel Mertens,34818.79,2025-10-04,District 03
TXN-003933,Ashford Titan Consulting Ltd,Tatiana Silvestri,464970.53,2025-06-17,District 03
TXN-003934,Norwood Crestline Logistics Co,Pablo Rasmussen,118811.40,2025-09-17,District 06
TXN-003935,Clarence Crestline Services Co,Gabriel Quaresma,175045.61,2024-08-21,District 02
TXN-003936,Moorfield Summit Trading PLC,Pablo Wojcik,182698.13,2024-09-10,District 11
TXN-003937,Pemberton Coastal Infrastructure LLC,Olivia Popescu,106690.90,2026-08-31,District 07
TXN-003938,Holloway Crestline Group Inc,Dalia Karlsen,386687.47,2025-03-13,District 05
TXN-003939,Fenwick Atlas Holdings Co,Laura Scheffer,40686.12,2024-11-08,District 09
TXN-003940,Aldergate Titan Trading Inc,Hanna Kaminski,154381.90,2026-04-18,District 09
TXN-003941,Blackwood Reliance Ventures Inc,Silvia Hartmann,3022.39,2025-10-08,District 11
TXN-003942,Radcliffe Zenith Infrastructure Inc,Nikolai Hoffmann,14591.43,2024-11-23,District 04
TXN-003943,Larkspur Prime Engineering Ltd,Julien Sandberg,336159.59,2026-05-16,District 12
TXN-003944,Cavendish Coastal Group PLC,Beatriz Weiss,305298.23,2026-08-30,District 09
TXN-003945,Glenmore Commercial Ventures Co,Elias Girard,658429.02,2024-08-13,District 12
TXN-003946,Orchard Summit Infrastructure Ltd,Lena Nyberg,139611.81,2024-06-01,District 02
TXN-003947,Fairmont Sovereign Services Co,Adrian Castellan,77580.06,2024-10-02,District 06
TXN-003948,Grantham Summit Group Co,Miranda Sebesta,13637.56,2024-11-12,District 07
TXN-003949,Everly Industrial Engineering Ltd,Adrian Teodorescu,39338.89,2026-02-11,District 10
TXN-003950,Eastvale Sovereign Holdings Ltd,Lars Richter,3058.77,2025-07-28,District 05
TXN-003951,Devereux Midland Engineering LLC,Casper Zielinski,4358.11,2025-07-06,District 07
TXN-003952,Redstone Industrial Solutions Co,Sabine Radovanovic,148688.26,2024-04-12,District 07
TXN-003953,Holloway Apex Group LLC,Julien Pelletier,71264.13,2024-07-31,District 06
TXN-003954,Clarence Pioneer Enterprises PLC,Noor Caruso,4637.92,2024-01-26,District 12
TXN-003955,Underhill Zenith Services Ltd,Jelena Pichler,5507.62,2024-12-29,District 06
TXN-003956,Marlowe Reliance Works PLC,Oskar Andersson,3575.76,2024-04-05,District 06
TXN-003957,Pemberton Apex Developments Ltd,Samir Ursu,61308.84,2025-05-01,District 05
TXN-003958,Brookfield Pioneer Infrastructure Co,Paolina Laine,384705.58,2024-11-19,District 01
TXN-003959,Kirkwood Sovereign Solutions LLC,Janek Ionescu,9055.59,2025-09-02,District 10
TXN-003960,Elmhurst Industrial Enterprises LLC,Vera Sauer,39643.16,2024-08-07,District 05
TXN-003961,Radcliffe Harbor Works LLC,Adrian Georgiev,111345.55,2026-06-06,District 09
TXN-003962,Trevor Metro Contractors Co,Greta Zielinski,151794.46,2024-05-05,District 12
TXN-003963,Vernon Industrial Contractors LLC,Elias Ferreira,66214.95,2025-08-07,District 07
TXN-003964,Radcliffe Crestline Works Ltd,Dorian Richter,21663.67,2024-03-24,District 05
TXN-003965,Dunmore Atlas Engineering Ltd,Rosalind Lukacs,26041.29,2024-05-16,District 12
TXN-003966,Queensbury Prime Enterprises LLC,Ivo Dahlberg,515855.01,2026-08-30,District 07
TXN-003967,Sandalwood Apex Contractors Co,Kaspar Roth,34634.62,2024-07-21,District 03
TXN-003968,Radcliffe Sovereign Logistics Ltd,Miranda Rosqvist,302402.93,2025-10-06,District 05
TXN-003969,Harlow Lakeside Partners Ltd,Nadia Scheffer,325709.70,2025-10-21,District 04
TXN-003970,Oakridge Civil Ventures Inc,Kaspar Novak,242383.33,2024-05-04,District 03
TXN-003971,Redstone Midland Engineering Co,Olivia Pedersen,7681.68,2024-04-19,District 09
TXN-003972,Ullswater Metro Services Co,Paolina Brogaard,3803.76,2024-11-21,District 01
TXN-003973,Everly Midland Holdings Co,Margaux Mertens,340421.79,2024-06-06,District 10
TXN-003974,Glenmore Titan Enterprises Co,Nikolai Dahlberg,369890.11,2026-07-29,District 06
TXN-003975,Inglewood Industrial Developments PLC,Florian Vogel,5791.83,2026-07-24,District 04
TXN-003976,Zephyr Harbor Enterprises LLC,Janek Trandafir,4634.69,2024-02-02,District 02
TXN-003977,Ullswater Lakeside Infrastructure Ltd,Kaspar Dupont,19150.90,2024-05-17,District 08
TXN-003978,Ullswater Civic Partners PLC,Anika Wagner,16867.08,2024-01-30,District 03
TXN-003979,Marlowe Commercial Developments LLC,Julien Stark,408833.83,2026-08-12,District 05
TXN-003980,Marlowe Commercial Solutions Co,Tadeusz Dobrev,239559.84,2024-02-16,District 08
TXN-003981,Wexford Summit Developments PLC,Cecelia Skovgaard,486779.36,2026-07-24,District 02
TXN-003982,Kingsmere Metro Consulting PLC,Rurik Lorenz,110895.72,2026-03-06,District 05
TXN-003983,Kirkwood Prime Developments Co,Dalia Skovgaard,70063.43,2024-04-10,District 02
TXN-003984,Moorfield Crestline Developments Inc,Sabine Kaminski,22385.32,2025-03-19,District 09
TXN-003985,Redstone Coastal Holdings LLC,Beatriz Clemencic,17830.75,2024-09-08,District 09
TXN-003986,Ashford Civil Consulting Ltd,Zara Bondarenko,73950.08,2026-09-06,District 12
TXN-003987,Belmont Coastal Ventures Ltd,Felix Johannsen,19245.29,2025-01-17,District 04
TXN-003988,Blackwood Highland Trading LLC,Nadia Persson,168844.26,2025-05-05,District 08
TXN-003989,Orchard Crestline Solutions Ltd,Tadeusz Moreau,96736.24,2025-12-08,District 03
TXN-003990,Kingsmere Atlas Group Co,Cecelia Dupont,70709.66,2026-07-09,District 09
TXN-003991,Fairmont Commercial Holdings Ltd,Silvia Sebesta,80004.95,2025-09-23,District 05
TXN-003992,Amberley Summit Ventures Inc,Olaf Petrov,35648.94,2024-03-07,District 08
TXN-003993,Zephyr Zenith Enterprises Co,Julien Lindqvist,52948.36,2025-07-19,District 12
TXN-003994,Westbrook Civic Consulting Inc,Lucian Jankowski,182697.76,2026-04-14,District 06
TXN-003995,Fenwick Midland Solutions Inc,Yelena Escobar,392204.43,2025-08-29,District 02
TXN-003996,Thornbury Atlas Consulting Co,Yusuf Yilmaz,475095.14,2026-01-08,District 12
TXN-003997,Orchard Midland Ventures PLC,Ivo Engstrom,17312.08,2025-03-14,District 11
TXN-003998,Fairmont Coastal Logistics Ltd,Guillaume Dupont,57585.03,2025-10-12,District 02
TXN-003999,Grantham Reliance Ventures LLC,Greta Wendel,13739.89,2026-08-13,District 01
TXN-004000,Fenwick Zenith Enterprises Inc,Stefan Vasquez,91123.08,2025-12-23,District 03
TXN-004001,Eastvale Zenith Services Co,Dorian Radovanovic,12848.05,2024-06-01,District 10
TXN-004002,Belmont Atlas Group LLC,Quentin Villanueva,416992.24,2025-06-16,District 10
TXN-004003,Brookfield Civil Logistics Ltd,Olaf Hartmann,905714.76,2024-06-23,District 09
TXN-004004,Dunmore Midland Partners Inc,Yusuf Bauer,807906.05,2024-02-12,District 01
TXN-004005,Underhill Sovereign Infrastructure Ltd,Jonas Caruso,10611.18,2026-08-10,District 05
TXN-004006,Oakridge Prime Solutions LLC,Julien Escobar,730569.01,2024-07-05,District 04
TXN-004007,Holloway Titan Logistics PLC,Katarina Bauer,4484.61,2026-07-02,District 02
TXN-004008,Orchard Industrial Ventures Co,Halvard Girard,6886.74,2024-04-20,District 03
TXN-004009,Fenwick Civil Services PLC,Zoran Zielinski,314609.83,2025-02-14,District 09
TXN-004010,Pemberton Sovereign Holdings Inc,Thibault Beaumont,22650.92,2024-12-01,District 04
TXN-004011,Radcliffe Coastal Developments Inc,Yelena Pedersen,9266.03,2025-07-18,District 12
TXN-004012,Stonebridge Harbor Works Co,Yelena Zielinski,47376.61,2024-04-13,District 08
TXN-004013,Darlington Metro Solutions Inc,Yannick Halvorsen,259321.80,2024-02-04,District 07
TXN-004014,Pinewood Commercial Consulting Inc,Anika Kirkpatrick,59732.94,2025-08-26,District 09
TXN-004015,Clarence Apex Group Ltd,Paolina Johannsen,16853.79,2025-06-09,District 08
TXN-004016,Inglewood Zenith Logistics Ltd,Ilse Caruso,5737.09,2026-06-24,District 12
TXN-004017,Wexford Pioneer Logistics Ltd,Pablo Caruso,434559.97,2025-01-12,District 10
TXN-004018,Aldergate Reliance Ventures PLC,Tadeusz Trandafir,9108.67,2024-04-29,District 06
TXN-004019,Marlowe Titan Logistics Ltd,Helena Girard,244224.25,2024-01-30,District 02
TXN-004020,Grantham Coastal Developments Co,Dorian Beaumont,104353.42,2026-05-18,District 01
TXN-004021,Stonebridge Highland Group Ltd,Karina Capel,22811.51,2024-09-08,District 10
TXN-004022,Stonebridge Sovereign Logistics LLC,Lucian Rosqvist,10257.97,2026-06-30,District 09
TXN-004023,Belmont Industrial Partners Co,Antoine Dagher,308944.11,2025-09-06,District 08
TXN-004024,Larkspur Reliance Consulting LLC,Olaf Mertens,94602.97,2025-10-28,District 06
TXN-004025,Amberley Coastal Holdings Co,Margaux Nordin,22393.05,2024-06-03,District 06
TXN-004026,Holloway Highland Consulting Ltd,Elena Lorenz,42720.55,2024-12-01,District 01
TXN-004027,Everly Highland Holdings Ltd,Vera Tolvanen,4535.74,2024-03-14,District 04
TXN-004028,Copperfield Atlas Enterprises Ltd,Laura Clemencic,141777.95,2024-09-05,District 03
TXN-004029,Northgate Zenith Partners Ltd,Lucian Dahlberg,254293.47,2024-07-02,District 08
TXN-004030,Ullswater Civic Group Co,Nadia Delacroix,291348.28,2024-02-07,District 11
TXN-004031,Oakridge Titan Logistics Inc,Camille Slavik,947360.77,2024-04-01,District 05
TXN-004032,Copperfield Titan Contractors PLC,Olivia Ferreira,13519.01,2025-06-20,District 02
TXN-004033,Amberley Reliance Works Ltd,Karina Wallin,4822.36,2026-02-05,District 06
TXN-004034,Fenwick Lakeside Works Ltd,Katarina Olszynski,402027.09,2024-10-30,District 03
TXN-004035,Vernon Industrial Enterprises Co,Damien Slavik,62339.22,2025-09-20,District 06
TXN-004036,Zephyr Commercial Works Inc,Anika Dupont,5400.47,2024-01-27,District 07
TXN-004037,Jessup Zenith Works Ltd,Helena Dobrev,62998.77,2024-03-28,District 10
TXN-004038,Westbrook Apex Group LLC,Ulrike Saavedra,3334.47,2025-03-23,District 02
TXN-004039,Redstone Civil Trading Inc,Miroslav Wojcik,40934.68,2025-09-27,District 07
TXN-004040,Trevor Prime Consulting Ltd,Yelena Schneider,264974.54,2026-08-10,District 01
TXN-004041,Norwood Civic Logistics Inc,Ulrike Quaresma,43409.91,2024-05-27,District 09
TXN-004042,Zephyr Industrial Consulting LLC,Ilse Pichler,452937.16,2024-12-01,District 04
TXN-004043,Sandalwood Pioneer Group LLC,Laura Tolvanen,4135.48,2024-08-11,District 06
TXN-004044,Glenmore Lakeside Holdings Co,Dorian Popescu,12883.07,2024-03-29,District 05
TXN-004045,Westbrook Commercial Logistics Co,Ulrike Sandberg,278156.24,2026-01-09,District 08
TXN-004046,Foxglove Prime Group Co,Halvard Garrido,207766.16,2024-12-22,District 02
TXN-004047,Vanguard Steelworks,Marek Duvall,5491.83,2024-03-09,District 02
TXN-004048,Darlington Civic Ventures Ltd,Katarina Klassen,9030.30,2026-06-12,District 11
TXN-004049,Elmhurst Summit Works Co,Helena Jankowski,4962.21,2024-11-15,District 06
TXN-004050,Holloway Zenith Consulting Ltd,Lena Capel,4990.24,2026-04-10,District 03
TXN-004051,Copperfield Civil Ventures Ltd,Hector Pichler,58570.94,2024-06-13,District 03
TXN-004052,Darlington Reliance Services Co,Farida Teodorescu,3473.49,2024-08-29,District 12
TXN-004053,Everly Metro Works Co,Lena Dietrich,104694.74,2025-08-20,District 11
TXN-004054,Foxglove Apex Enterprises PLC,Olaf Weber,136300.34,2024-09-16,District 02
TXN-004055,Brookfield Midland Infrastructure Inc,Elias Pichler,5048.95,2024-08-03,District 06
TXN-004056,Wexford Midland Engineering Inc,Severin Wagner,744965.00,2024-08-26,District 05
TXN-004057,Clarence Metro Solutions Inc,Leona Pichler,31034.65,2026-04-20,District 06
TXN-004058,Darlington Atlas Enterprises LLC,Amos Andersson,154581.75,2026-02-28,District 12
TXN-004059,Grantham Industrial Works LLC,Gabriel Corvin,695848.33,2026-03-08,District 03
TXN-004060,Jessup Midland Contractors Ltd,Cecelia Vanek,451101.67,2025-10-25,District 01
TXN-004061,Ullswater Atlas Group PLC,Lars Brogaard,264124.69,2026-05-23,District 06
TXN-004062,Radcliffe Lakeside Infrastructure Inc,Florian Brogaard,6200.66,2024-11-13,District 08
TXN-004063,Jessup Prime Trading Ltd,Pablo Delacroix,18648.57,2025-01-29,District 11
TXN-004064,Redstone Pioneer Developments LLC,Halvard Ionescu,8109.54,2025-01-26,District 05
TXN-004065,Solace Marine Works Ltd,Halcyon Drilling Co,258342.35,2025-07-18,District 08
TXN-004066,Holloway Civil Contractors LLC,Enzo Popescu,4240.58,2024-08-25,District 01
TXN-004067,Norwood Commercial Enterprises Inc,Greta Saavedra,912660.35,2024-02-14,District 12
TXN-004068,Foxglove Highland Logistics Co,Leona Roth,102152.84,2026-04-26,District 08
TXN-004069,Brookfield Industrial Trading LLC,Tatiana Wagner,64483.03,2025-07-30,District 07
TXN-004070,Vernon Midland Developments Inc,Tadeusz Dietrich,303152.18,2024-03-12,District 06
TXN-004071,Zephyr Highland Services LLC,Zoran Zajac,96732.24,2025-12-23,District 03
TXN-004072,Amberley Commercial Contractors Ltd,Hector Castellan,723845.78,2025-09-08,District 07
TXN-004073,Zephyr Commercial Logistics Inc,Jelena Ignatiev,95995.79,2026-03-06,District 10
TXN-004074,Clarence Summit Enterprises PLC,Miranda Castellan,62621.98,2025-10-03,District 08
TXN-004075,Orchard Prime Ventures Co,Severin Garrido,29990.06,2025-05-21,District 07
TXN-004076,Jessup Atlas Services Inc,Xenia Molinari,114767.56,2024-09-06,District 05
TXN-004077,Glenmore Titan Ventures PLC,Yelena Bakker,162873.86,2025-08-17,District 07
TXN-004078,Marlowe Prime Group Inc,Kaspar Quaresma,125427.28,2026-08-22,District 07
TXN-004079,Darlington Lakeside Consulting Ltd,Dmitri Bondarenko,110517.26,2025-02-08,District 04
TXN-004080,Vernon Zenith Contractors Co,Sabine Gauthier,92631.28,2025-12-24,District 03
TXN-004081,Brookfield Titan Holdings Co,Fiona Ferreira,369086.03,2024-06-06,District 09
TXN-004082,Clarence Apex Group Inc,Beatriz Stark,775704.56,2024-04-12,District 09
TXN-004083,Langford Harbor Group Ltd,Rafaella Lindqvist,4218.35,2024-04-01,District 04
TXN-004084,Foxglove Apex Group PLC,Quentin Thiel,18612.91,2024-09-21,District 07
TXN-004085,Belmont Reliance Works Co,Cecelia Thiel,96216.72,2024-08-29,District 05
TXN-004086,Queensbury Civic Developments Ltd,Margaux Slavik,3276.02,2026-01-19,District 12
TXN-004087,Northgate Lakeside Logistics Inc,Matteo Kaminski,4377.94,2025-04-18,District 12
TXN-004088,Pemberton Midland Group PLC,Klaus Roth,9821.13,2024-01-08,District 08
TXN-004089,Langford Summit Consulting Co,Katarina Thiel,61532.79,2026-02-07,District 09
TXN-004090,Orchard Industrial Trading Inc,Delphine Tarnowski,19221.03,2025-12-30,District 12
TXN-004091,Ashford Zenith Works Ltd,Thibault Jankowski,74946.45,2025-11-10,District 12
TXN-004092,Orchard Reliance Developments Ltd,Janek Hartmann,227569.24,2026-05-05,District 04
TXN-004093,Everly Apex Trading Co,Alena Kirkpatrick,22943.41,2024-04-14,District 02
TXN-004094,Radcliffe Highland Partners PLC,Wilhelm Weiss,104153.60,2025-06-27,District 06
TXN-004095,Yorkfield Pioneer Contractors Co,Kaspar Ferreira,176643.83,2025-07-29,District 08
TXN-004096,Copperfield Apex Partners Inc,Delphine Castellan,23869.71,2024-11-15,District 06
TXN-004097,Westbrook Civil Logistics PLC,Jonas Dahlberg,5503.70,2024-11-29,District 05
TXN-004098,Golden Harvest Agricultural Company,Tomas Ekstrom,59683.22,2026-04-08,District 11
TXN-004099,Yorkfield Coastal Partners LLC,Valentin Vogel,3465.51,2026-05-26,District 09
TXN-004100,Northgate Midland Works Co,Hanna Falkenstein,11814.59,2025-01-20,District 03
TXN-004101,Marlowe Lakeside Group Co,Felix Zielinski,17066.83,2025-09-15,District 06
TXN-004102,Marlowe Apex Solutions Ltd,Lena Sandberg,4607.25,2025-04-12,District 06
TXN-004103,Moorfield Harbor Works Inc,Jonas Escobar,90432.69,2024-08-23,District 12
TXN-004104,Kingsmere Lakeside Enterprises LLC,Cecelia Kovacs,618494.21,2025-11-01,District 02
TXN-004105,Kingsmere Prime Enterprises Inc,Rosalind Kovacs,5622.20,2024-01-20,District 10
TXN-004106,Holloway Prime Holdings LLC,Adrian Weber,15753.87,2024-05-29,District 05
TXN-004107,Devereux Crestline Ventures Ltd,Leona Trandafir,139782.44,2025-07-13,District 06
TXN-004108,Northgate Metro Holdings PLC,Samir Vogel,3642.84,2026-07-27,District 12
TXN-004109,Moorfield Midland Holdings PLC,Petra Tarnowski,22984.43,2025-07-20,District 01
TXN-004110,Sandalwood Industrial Works LLC,Emeline Nyberg,97580.63,2024-06-02,District 10
TXN-004111,Larkspur Prime Works Ltd,Leona Bauer,306981.57,2025-12-07,District 11
TXN-004112,Jessup Prime Works PLC,Pablo Popescu,430372.18,2026-03-12,District 01
TXN-004113,Everly Civil Partners Inc,Rasmus Marino,7806.14,2024-06-28,District 08
TXN-004114,Kingsmere Coastal Solutions Co,Regina Richter,15210.76,2024-06-25,District 05
TXN-004115,Ullswater Harbor Enterprises Co,Severin Magnusson,16181.16,2026-05-28,District 04
TXN-004116,Elmhurst Metro Works Ltd,Silvia Wallin,284941.93,2024-06-19,District 04
TXN-004117,Moorfield Industrial Ventures LLC,Tadeusz Sebesta,6755.94,2025-12-01,District 09
TXN-004118,Inglewood Highland Enterprises Inc,Ulrike Zanetti,6940.22,2024-08-28,District 04
TXN-004119,Ashford Commercial Group LLC,Regina Braun,286584.51,2025-11-15,District 10
TXN-004120,Copperfield Atlas Infrastructure PLC,Elena Magnusson,53004.36,2025-05-21,District 05
TXN-004121,Copperfield Civic Engineering Ltd,Karina Mikkelsen,27537.51,2024-09-11,District 03
TXN-004122,Glenmore Highland Ventures Inc,Dmitri Olszynski,61736.50,2024-06-07,District 11
TXN-004123,Northgate Coastal Developments Inc,Nadia Salvati,932371.94,2026-08-17,District 02
TXN-004124,Ashford Sovereign Consulting LLC,Antoine Kaufmann,379437.64,2024-10-17,District 01
TXN-004125,Jessup Atlas Holdings Ltd,Severin Laine,5107.13,2024-02-26,District 01
TXN-004126,Marlowe Coastal Partners Ltd,Viktor Lindqvist,16292.71,2025-02-18,District 02
TXN-004127,Everly Harbor Works Co,Thibault Graziani,93358.26,2025-08-16,District 07
TXN-004128,Grantham Lakeside Solutions Ltd,Rene Andersson,8162.21,2024-09-07,District 10
TXN-004129,Holloway Coastal Infrastructure Co,Sabine Georgiev,12805.29,2024-12-29,District 08
TXN-004130,Copperfield Harbor Partners Ltd,Regina Kaminski,32339.24,2025-01-04,District 03
TXN-004131,Inglewood Summit Group LLC,Ivo Dobrev,9286.26,2024-03-25,District 04
TXN-004132,Underhill Industrial Services Inc,Severin Wojcik,336156.13,2024-03-16,District 09
TXN-004133,Oakridge Zenith Infrastructure LLC,Lucia Persson,2984.84,2026-03-29,District 09
TXN-004134,Eastvale Titan Partners PLC,Laurent Slavik,234165.43,2024-05-28,District 10
TXN-004135,Clarence Highland Contractors Ltd,Erin Bondarenko,149287.37,2024-09-07,District 04
TXN-004136,Fenwick Civic Contractors LLC,Felix Bondarenko,833110.48,2024-11-08,District 06
TXN-004137,Zephyr Titan Works PLC,Conrad Kaufmann,3648.47,2026-07-02,District 03
TXN-004138,Kingsmere Civil Group Co,Viktor Nyberg,338977.90,2024-06-18,District 07
TXN-004139,Dunmore Zenith Engineering Inc,Halvard Wendel,53763.11,2025-12-06,District 10
TXN-004140,Ashford Prime Works Co,Severin Girard,412868.61,2024-05-14,District 03
TXN-004141,Moorfield Civic Partners Inc,Greta Zanetti,15447.08,2026-06-08,District 12
TXN-004142,Pinewood Zenith Developments Inc,Jonas Engstrom,3212.72,2024-11-04,District 02
TXN-004143,Aldergate Metro Consulting LLC,Yelena Trandafir,4024.52,2026-01-21,District 04
TXN-004144,Glenmore Harbor Holdings Inc,Rurik Klassen,107771.17,2026-07-30,District 11
TXN-004145,Wexford Commercial Partners LLC,Ulrike Wagner,34675.11,2024-01-30,District 02
TXN-004146,Oakridge Highland Enterprises PLC,Miroslav Radovanovic,102357.19,2025-05-06,District 03
TXN-004147,Clarence Industrial Enterprises PLC,Halvard Magnusson,403041.03,2024-04-16,District 06
TXN-004148,Ashford Metro Works LLC,Sabine Pichler,175147.21,2025-06-14,District 06
TXN-004149,Radcliffe Harbor Consulting Ltd,Oskar Dupont,32772.06,2024-04-11,District 10
TXN-004150,Brookfield Zenith Ventures LLC,Farida Scheffer,82288.04,2025-04-24,District 04
TXN-004151,Ashford Metro Infrastructure LLC,Ilse Volkan,89077.54,2025-03-12,District 01
TXN-004152,Ullswater Summit Ventures Inc,Florian Szabo,10479.95,2025-09-16,District 12
TXN-004153,Golden Harvest Agricultural Company,Tomas Ekstrom,7966.45,2025-08-13,District 11
TXN-004154,Harlow Midland Holdings Inc,Yusuf Girard,45252.22,2024-09-20,District 06
TXN-004155,Fenwick Sovereign Developments PLC,Ulrike Bauer,28900.41,2025-08-22,District 04
TXN-004156,Yorkfield Sovereign Engineering Co,Conrad Bakker,281764.08,2026-03-12,District 01
TXN-004157,Eastvale Prime Partners Co,Elias Pedersen,7387.08,2026-03-15,District 08
TXN-004158,Copperfield Coastal Solutions Inc,Vera Bakker,8004.97,2026-06-13,District 12
TXN-004159,Fairmont Summit Consulting PLC,Zoran Eekhoff,741811.35,2024-05-14,District 02
TXN-004160,Everly Civil Group PLC,Tatiana Yilmaz,194033.22,2024-07-30,District 07
TXN-004161,Harlow Crestline Trading Co,Rurik Volkan,8240.03,2025-06-21,District 03
TXN-004162,Marlowe Metro Infrastructure Ltd,Greta Fischer,93625.60,2025-04-04,District 09
TXN-004163,Copperfield Crestline Partners Co,Matteo Halvorsen,76100.61,2026-08-30,District 02
TXN-004164,Pemberton Civil Group Inc,Tatiana Vasquez,7920.74,2024-07-19,District 02
TXN-004165,Holloway Reliance Partners Co,Zoran Skovgaard,37807.16,2024-03-05,District 03
TXN-004166,Aldergate Industrial Engineering Co,Tadeusz Scheffer,2805.69,2024-02-04,District 01
TXN-004167,Clarence Atlas Services Co,Hector Iversen,30846.93,2025-01-18,District 09
TXN-004168,Oakridge Zenith Engineering Inc,Beatriz Wallin,234355.88,2025-03-08,District 05
TXN-004169,Aldergate Harbor Consulting Co,Aaron Laine,78180.62,2024-05-04,District 12
TXN-004170,Langford Summit Group Ltd,Rosalind Engstrom,59097.81,2026-07-27,District 04
TXN-004171,Norwood Commercial Engineering Ltd,Zoran Mertens,4205.21,2024-11-29,District 10
TXN-004172,Pinewood Highland Infrastructure LLC,Ivo Dagher,14466.06,2025-10-19,District 01
TXN-004173,Aldergate Industrial Group Co,Nikolai Meier,34943.58,2026-08-28,District 01
TXN-004174,Elmhurst Titan Logistics LLC,Farida Zajac,471369.08,2026-01-04,District 09
TXN-004175,Glenmore Titan Works LLC,Boris Christensen,16151.49,2025-10-29,District 10
TXN-004176,Cavendish Apex Works Inc,Amos Garrido,894065.62,2024-05-03,District 08
TXN-004177,Glenmore Midland Contractors PLC,Petra Bakker,50226.08,2026-06-21,District 10
TXN-004178,Moorfield Civil Infrastructure Inc,Erin Slavik,8766.60,2024-04-25,District 09
TXN-004179,Harlow Metro Solutions LLC,Pavel Lukacs,5584.15,2024-05-21,District 08
TXN-004180,Fairmont Civil Trading Ltd,Ilse Bauer,252521.31,2026-09-08,District 11
TXN-004181,Pinewood Midland Works LLC,Hector Ferreira,63154.92,2025-05-10,District 06
TXN-004182,Fairmont Reliance Partners Co,Klaus Jankowski,25990.89,2024-06-11,District 05
TXN-004183,Harlow Sovereign Partners Inc,Lucian Laine,84377.63,2025-03-09,District 08
TXN-004184,Ullswater Commercial Holdings LLC,Laurent Nordin,14603.07,2024-07-07,District 03
TXN-004185,Vernon Industrial Enterprises Inc,Karina Scheffer,13990.12,2026-03-03,District 12
TXN-004186,Eastvale Crestline Logistics LLC,Lars Chaudhry,192781.92,2024-12-02,District 04
TXN-004187,Cavendish Atlas Works LLC,Evander Teodorescu,106748.02,2025-05-03,District 12
TXN-004188,Zephyr Titan Logistics Co,Janek Thomassen,19844.39,2024-08-16,District 06
TXN-004189,Marlowe Metro Enterprises Co,Magda Georgiev,401287.34,2025-09-14,District 03
TXN-004190,Radcliffe Civil Ventures Ltd,Vera Jankowski,175868.05,2024-03-18,District 10
TXN-004191,Zephyr Midland Developments Inc,Wilhelm Vogel,536068.35,2025-07-19,District 06
TXN-004192,Holloway Highland Group LLC,Matteo Rosqvist,192806.02,2024-07-14,District 08
TXN-004193,Marlowe Pioneer Enterprises Ltd,Branislav Zielinski,4669.80,2024-09-26,District 06
TXN-004194,Norwood Highland Consulting Ltd,Janek Nordin,924495.85,2025-06-08,District 03
TXN-004195,Northgate Coastal Enterprises PLC,Oskar Castellan,155584.21,2025-05-29,District 10
TXN-004196,Zephyr Pioneer Holdings Co,Valentin Demirci,13477.76,2024-04-18,District 10
TXN-004197,Norwood Zenith Developments LLC,Klaus Lukacs,710283.71,2024-03-04,District 06
TXN-004198,Amberley Pioneer Works Inc,Zara Wagner,376803.79,2025-02-02,District 12
TXN-004199,Everly Atlas Works Inc,Anika Molinari,385102.00,2024-02-28,District 10
TXN-004200,Holloway Prime Solutions Ltd,Rasmus Mueller,5947.57,2025-08-30,District 09
TXN-004201,Langford Harbor Trading Co,Delphine Lukacs,321182.40,2026-05-25,District 06
TXN-004202,Sandalwood Coastal Trading Inc,Miranda Wojcik,12304.20,2026-04-20,District 03
TXN-004203,Copperfield Industrial Engineering Inc,Lucia Bergstrom,253716.81,2026-09-09,District 06
TXN-004204,Redstone Midland Group Co,Quentin Jovanovic,194383.82,2026-07-26,District 03
TXN-004205,Foxglove Harbor Engineering Inc,Lena Steffensen,53896.63,2024-04-01,District 02
TXN-004206,Radcliffe Harbor Trading Co,Julien Beaumont,73693.80,2025-04-20,District 01
TXN-004207,Norwood Coastal Developments Ltd,Lars Sandberg,433214.54,2024-05-30,District 10
TXN-004208,Norwood Sovereign Consulting PLC,Zara Nordin,4830.82,2026-04-26,District 01
TXN-004209,Stonebridge Pioneer Services LLC,Paolina Nordin,8125.41,2025-09-23,District 05
TXN-004210,Trevor Titan Developments PLC,Halvard Dagher,3373.95,2025-01-02,District 09
TXN-004211,Sandalwood Midland Group PLC,Beatriz Trandafir,149616.47,2026-04-22,District 08
TXN-004212,Langford Reliance Works Ltd,Petra Caruso,3749.49,2025-01-05,District 04
TXN-004213,Copperfield Prime Developments PLC,Felix Nyberg,562740.26,2024-01-10,District 03
TXN-004214,Radcliffe Highland Contractors Co,Nikolai Tarnowski,65211.84,2024-05-14,District 02
TXN-004215,Queensbury Industrial Services Inc,Pablo Falkenstein,191276.20,2024-09-18,District 09
TXN-004216,Thornbury Midland Consulting Co,Casper Christensen,33749.93,2026-04-22,District 06
TXN-004217,Thornbury Apex Works Co,Kaspar Capel,169614.04,2025-04-18,District 08
TXN-004218,Vernon Coastal Contractors Co,Greta Pelletier,4626.22,2025-02-02,District 01
TXN-004219,Cavendish Highland Enterprises PLC,Rasmus Iversen,143759.81,2024-12-01,District 08
TXN-004220,Clarence Titan Services PLC,Vera Mikkelsen,2721.30,2024-05-03,District 07
TXN-004221,Brookfield Crestline Contractors PLC,Ilse Laine,19058.99,2024-05-17,District 10
TXN-004222,Harlow Civil Contractors LLC,Elena Vogel,616354.12,2025-04-10,District 11
TXN-004223,Northgate Reliance Ventures Inc,Boris Laine,4366.83,2025-09-26,District 04
TXN-004224,Northgate Apex Consulting Co,Yannick Graziani,69758.83,2024-02-05,District 09
TXN-004225,Pemberton Zenith Logistics Co,Noor Sebesta,269603.42,2026-07-15,District 05
TXN-004226,Belmont Pioneer Developments Co,Alena Mueller,9091.75,2026-01-08,District 07
TXN-004227,Brookfield Highland Infrastructure Ltd,Katarina Dupont,19966.24,2026-01-17,District 08
TXN-004228,Eastvale Reliance Works PLC,Oskar Garrido,485492.31,2024-02-20,District 11
TXN-004229,Pinewood Sovereign Trading Ltd,Delphine Horvath,7146.56,2026-01-29,District 08
TXN-004230,Trevor Lakeside Logistics Co,Camille Garrido,3301.16,2025-03-19,District 05
TXN-004231,Aldergate Civil Works Inc,Camille Ionescu,6978.41,2026-05-07,District 03
TXN-004232,Westbrook Zenith Services Inc,Ilse Thiel,68156.97,2025-10-28,District 10
TXN-004233,Blackwood Summit Solutions Co,Hugo Hartmann,14424.47,2026-05-25,District 09
TXN-004234,Larkspur Apex Ventures Ltd,Karina Keller,10140.25,2025-11-20,District 07
TXN-004235,Zephyr Civic Ventures LLC,Stefan Eekhoff,4931.37,2024-09-26,District 02
TXN-004236,Larkspur Zenith Infrastructure Inc,Tatiana Klassen,218560.51,2024-01-14,District 02
TXN-004237,Norwood Metro Enterprises PLC,Magda Capel,44540.48,2026-07-06,District 07
TXN-004238,Oakridge Midland Group Ltd,Lucian Skovgaard,92635.55,2025-08-29,District 07
TXN-004239,Aldergate Metro Consulting Ltd,Helena Kaufmann,60782.75,2024-09-29,District 06
TXN-004240,Queensbury Crestline Solutions Inc,Samir Girard,96493.89,2025-12-09,District 03
TXN-004241,Dunmore Sovereign Works PLC,Oskar Lorenz,5089.87,2026-04-29,District 04
TXN-004242,Belmont Coastal Services Ltd,Quentin Slavik,63415.93,2025-05-18,District 09
TXN-004243,Radcliffe Midland Services Ltd,Lucian Richter,63684.21,2024-07-12,District 06
TXN-004244,Elmhurst Harbor Solutions Inc,Leona Persson,6509.98,2024-01-04,District 05
TXN-004245,Inglewood Harbor Trading Co,Kaspar Girard,85659.81,2024-11-01,District 03
TXN-004246,Fenwick Crestline Consulting Ltd,Oskar Thomassen,9617.71,2024-12-22,District 02
TXN-004247,Cavendish Midland Works Inc,Enzo Karlsen,486434.77,2025-09-12,District 04
TXN-004248,Elmhurst Harbor Developments Inc,Elena Radovanovic,316157.83,2025-01-07,District 12
TXN-004249,Zephyr Crestline Infrastructure Ltd,Wilhelm Bondarenko,2622.69,2024-10-11,District 07
TXN-004250,Stonebridge Coastal Solutions LLC,Rasmus Aaltonen,51357.56,2024-01-03,District 05
TXN-004251,Belmont Midland Solutions LLC,Amos Magnusson,19911.96,2024-06-22,District 09
TXN-004252,Pemberton Sovereign Ventures Co,Nadia Tolvanen,5826.22,2024-03-09,District 02
TXN-004253,Devereux Reliance Partners Ltd,Adrian Iversen,53389.17,2026-02-12,District 07
TXN-004254,Langford Sovereign Trading Ltd,Dorian Gauthier,520166.21,2024-03-03,District 05
TXN-004255,Northgate Titan Solutions LLC,Dmitri Molinari,13349.93,2026-03-13,District 09
TXN-004256,Dunmore Lakeside Contractors PLC,Hugo Sebesta,58307.51,2024-03-29,District 12
TXN-004257,Yorkfield Summit Enterprises PLC,Tatiana Trandafir,30559.64,2024-10-25,District 08
TXN-004258,Larkspur Reliance Engineering Ltd,Fiona Falkenstein,2551.58,2024-12-15,District 10
TXN-004259,Fenwick Prime Solutions Ltd,Leona Brogaard,730585.49,2026-05-15,District 06
TXN-004260,Aldergate Titan Logistics Inc,Matteo Kirkpatrick,119726.38,2025-06-22,District 03
TXN-004261,Harlow Harbor Partners Ltd,Janek Zielinski,70435.07,2026-09-08,District 02
TXN-004262,Aldergate Coastal Solutions Ltd,Guillaume Kirkpatrick,586088.28,2025-09-25,District 05
TXN-004263,Orchard Lakeside Enterprises Co,Rene Wendel,184330.74,2024-06-16,District 10
TXN-004264,Redstone Reliance Ventures LLC,Zara Lindqvist,83858.72,2025-06-17,District 12
TXN-004265,Trevor Civil Solutions Ltd,Magda Engstrom,18560.72,2024-06-20,District 06
TXN-004266,Foxglove Atlas Logistics Co,Yusuf Mikkelsen,13205.50,2026-06-26,District 10
TXN-004267,Elmhurst Sovereign Works Co,Regina Olszynski,6146.94,2024-08-18,District 11
TXN-004268,Kirkwood Sovereign Contractors LLC,Jelena Tarnowski,92438.77,2024-09-17,District 02
TXN-004269,Darlington Zenith Contractors PLC,Jonas Jankowski,277825.25,2026-06-27,District 08
TXN-004270,Belmont Zenith Partners Co,Gabriel Bondarenko,11762.06,2025-01-06,District 09
TXN-004271,Blue Crest Marine Serv.,Ingrid Sollas,32689.85,2024-05-09,District 09
TXN-004272,Marlowe Harbor Engineering Inc,Nadia Tarnowski,2833.73,2026-02-04,District 06
TXN-004273,Pinewood Sovereign Works Ltd,Zara Graziani,2506.59,2024-09-16,District 05
TXN-004274,Copperfield Prime Logistics Inc,Julien Castellan,132610.92,2025-11-25,District 10
TXN-004275,Pemberton Reliance Engineering LLC,Jacqueline Olszynski,51609.81,2024-08-29,District 01
TXN-004276,Stonebridge Midland Infrastructure PLC,Ilse Johannsen,6939.54,2024-01-26,District 07
TXN-004277,Holloway Zenith Partners Ltd,Damien Beaumont,33514.71,2025-01-13,District 03
TXN-004278,Cavendish Summit Developments Co,Gabriel Caruso,36361.93,2025-12-16,District 06
TXN-004279,Devereux Highland Contractors Ltd,Tadeusz Garrido,97086.71,2025-08-13,District 07
TXN-004280,Eastvale Zenith Solutions LLC,Adrian Blanchard,495914.17,2026-06-08,District 06
TXN-004281,Devereux Civic Contractors Co,Stefan Ferreira,578994.45,2024-08-20,District 01
TXN-004282,Radcliffe Reliance Group Ltd,Rafaella Bauer,6104.52,2025-02-07,District 01
TXN-004283,Eastvale Reliance Holdings LLC,Miroslav Tolvanen,77447.54,2026-04-11,District 02
TXN-004284,Ashford Apex Ventures Inc,Noor Bondarenko,696046.31,2024-09-12,District 02
TXN-004285,Jessup Atlas Enterprises Inc,Elena Quaresma,242786.30,2026-08-08,District 08
TXN-004286,Belmont Midland Holdings Ltd,Elena Girard,115132.21,2024-09-07,District 08
TXN-004287,Oakridge Pioneer Infrastructure Inc,Elias Popescu,26063.72,2024-08-11,District 12
TXN-004288,Brookfield Civil Partners Co,Conrad Dupont,519483.48,2026-07-13,District 05
TXN-004289,Pinewood Metro Contractors Ltd,Katarina Molinari,104306.11,2025-06-24,District 05
TXN-004290,Harlow Civic Holdings Ltd,Gabriel Saavedra,771129.14,2024-08-10,District 11
TXN-004291,Belmont Commercial Consulting PLC,Margaux Ignatiev,213116.88,2025-12-23,District 12
TXN-004292,Blackwood Titan Infrastructure Ltd,Evander Bakker,3027.72,2024-07-28,District 03
TXN-004293,Oakridge Metro Works Co,Delphine Andersson,9550.08,2025-11-11,District 10
TXN-004294,Everly Sovereign Consulting Ltd,Pavel Wojcik,9584.20,2025-12-08,District 05
TXN-004295,Holloway Zenith Developments Inc,Florian Wallin,182251.73,2024-04-30,District 06
TXN-004296,Clarence Coastal Holdings PLC,Klaus Richter,7684.92,2026-05-10,District 01
TXN-004297,Queensbury Titan Ventures Co,Miranda Sauer,103348.03,2025-02-26,District 08
TXN-004298,Aldergate Coastal Works Ltd,Yusuf Skovgaard,16802.46,2025-11-10,District 02
TXN-004299,Pinewood Prime Engineering Inc,Emeline Mertens,6201.86,2025-03-17,District 01
TXN-004300,Amberley Atlas Ventures Co,Ilse Kovacs,98473.97,2025-08-23,District 07
TXN-004301,Sandalwood Zenith Infrastructure LLC,Ilse Zanetti,266327.03,2026-07-04,District 08
TXN-004302,Foxglove Summit Trading Inc,Stefan Pelletier,875230.65,2026-04-09,District 02
TXN-004303,Orchard Civic Ventures LLC,Fabian Vanek,6448.63,2026-09-04,District 02
TXN-004304,Tongi Bldrs Limited,Rafiqul Hasan,222791.40,2024-09-10,District 05
TXN-004305,Eastvale Reliance Engineering Ltd,Hanna Popescu,3089.18,2026-05-13,District 12
TXN-004306,Brookfield Civic Engineering Inc,Jelena Aaltonen,7479.99,2024-03-23,District 08
TXN-004307,Zephyr Pioneer Works Inc,Lucian Pedersen,515656.56,2026-02-04,District 03
TXN-004308,Pemberton Reliance Consulting PLC,Helena Capel,203868.64,2025-08-23,District 03
TXN-004309,Aldergate Crestline Trading LLC,Jelena Thiel,5581.58,2025-08-25,District 05
TXN-004310,Underhill Metro Logistics PLC,Noor Braun,22983.76,2024-11-21,District 09
TXN-004311,Vernon Civic Holdings LLC,Nadia Sandberg,15900.54,2024-08-11,District 11
TXN-004312,Kingsmere Harbor Logistics PLC,Oskar Georgiev,12482.81,2026-06-09,District 11
TXN-004313,Kingsmere Coastal Developments Inc,Lars Mertens,518055.99,2024-02-18,District 12
TXN-004314,Kirkwood Apex Logistics Inc,Oskar Haugen,60056.83,2025-12-26,District 03
TXN-004315,Thornbury Reliance Partners LLC,Petra Kovacs,3735.76,2025-11-17,District 06
TXN-004316,Darlington Coastal Holdings LLC,Petra Haugen,12168.93,2025-08-13,District 08
TXN-004317,Fenwick Sovereign Holdings Co,Ivo Graziani,151960.61,2024-09-28,District 05
TXN-004318,Norwood Zenith Consulting PLC,Zoran Silvestri,530197.50,2026-09-08,District 11
TXN-004319,Queensbury Industrial Partners Co,Yelena Garrido,70145.43,2026-04-08,District 12
TXN-004320,Copperfield Coastal Developments Co,Beatriz Hartmann,252492.94,2025-01-03,District 08
TXN-004321,Elmhurst Apex Infrastructure Ltd,Oskar Novak,88178.39,2024-02-24,District 07
TXN-004322,Jessup Atlas Solutions Ltd,Olivia Zielinski,436016.02,2024-11-25,District 10
TXN-004323,Pinewood Titan Logistics Co,Rurik Molinari,21344.05,2024-01-13,District 01
TXN-004324,Grantham Civil Logistics Ltd,Hugo Chaudhry,149873.67,2026-08-17,District 04
TXN-004325,Harlow Midland Consulting Inc,Thibault Bakker,4585.57,2025-05-24,District 08
TXN-004326,Thornbury Metro Developments PLC,Valentin Petrov,27095.46,2026-03-13,District 03
TXN-004327,Ullswater Metro Enterprises LLC,Beatriz Lorenz,99429.17,2025-08-14,District 07
TXN-004328,Northgate Harbor Contractors Inc,Antoine Roth,236650.67,2024-05-15,District 03
TXN-004329,Norwood Commercial Consulting Co,Julien Johannsen,13422.31,2024-08-02,District 06
TXN-004330,Brookfield Prime Engineering LLC,Camille Klassen,295394.76,2025-09-01,District 09
TXN-004331,Halcyon Drilling Co,Verdant Gate Holdings,262845.00,2025-07-14,District 08
TXN-004332,Underhill Highland Partners Inc,Dalia Sauer,389523.08,2024-12-03,District 01
TXN-004333,Oakridge Atlas Developments Inc,Miroslav Brogaard,61967.07,2026-05-31,District 12
TXN-004334,Belmont Harbor Infrastructure LLC,Sabine Girard,163930.08,2025-10-14,District 11
TXN-004335,Jessup Midland Enterprises Co,Nikolai Graziani,615932.87,2025-12-02,District 08
TXN-004336,Ullswater Civic Engineering Ltd,Yelena Weiss,142694.17,2024-08-20,District 06
TXN-004337,Foxglove Lakeside Logistics LLC,Karina Aaltonen,191005.72,2025-10-30,District 07
TXN-004338,Harlow Highland Partners PLC,Viktor Horvath,517864.55,2026-07-13,District 12
TXN-004339,Clarence Lakeside Ventures Inc,Oskar Lambert,8671.95,2026-02-09,District 10
TXN-004340,Brookfield Titan Ventures Inc,Dalia Nordin,418216.05,2024-04-30,District 06
TXN-004341,Thornbury Prime Group PLC,Florian Gauthier,11213.32,2026-02-27,District 01
TXN-004342,Eastvale Atlas Contractors Ltd,Florian Roth,32797.42,2026-07-10,District 02
TXN-004343,Kirkwood Industrial Developments PLC,Margaux Scheffer,99544.04,2025-08-02,District 07
TXN-004344,Wexford Reliance Logistics LLC,Casper Demirci,7822.77,2025-02-27,District 09
TXN-004345,Yorkfield Highland Engineering Co,Nadia Fischer,91352.30,2025-08-27,District 07
TXN-004346,Amberley Prime Solutions Co,Regina Teodorescu,356876.31,2024-07-03,District 10
TXN-004347,Eastvale Prime Developments Ltd,Lars Keller,154907.50,2025-04-24,District 08
TXN-004348,Foxglove Summit Enterprises LLC,Miroslav Mueller,4435.79,2024-04-04,District 06
TXN-004349,Fairmont Lakeside Group Co,Tadeusz Castellan,81063.35,2024-11-21,District 11
TXN-004350,Fenwick Commercial Consulting Ltd,Guillaume Ursu,50636.75,2026-05-27,District 09
TXN-004351,Jessup Lakeside Infrastructure LLC,Nadia Vasquez,4548.80,2024-06-07,District 08
TXN-004352,Dunmore Industrial Developments Inc,Alena Petrov,184131.03,2025-05-20,District 08
TXN-004353,Sandalwood Highland Ventures PLC,Yannick Fischer,4679.64,2025-05-17,District 06
TXN-004354,Orchard Titan Consulting Co,Pablo Zielinski,85748.93,2026-07-22,District 03
TXN-004355,Vanguard Steelworks,Marek Duvall,18620.26,2026-08-14,District 02
TXN-004356,Holloway Metro Holdings Ltd,Fabian Ionescu,16711.05,2025-05-31,District 09
TXN-004357,Thornbury Titan Engineering Inc,Rosalind Yilmaz,4187.53,2026-02-05,District 08
TXN-004358,Marlowe Harbor Infrastructure Co,Aaron Eekhoff,31836.02,2024-09-12,District 03
TXN-004359,Underhill Titan Consulting Inc,Hugo Meier,68218.82,2026-02-19,District 04
TXN-004360,Sandalwood Metro Trading Inc,Casper Weber,3067.71,2025-01-20,District 04
TXN-004361,Holloway Sovereign Services Ltd,Paolina Popescu,3311.48,2026-05-17,District 08
TXN-004362,Tongi Bldrs Limited,Rafiqul Hasan,142760.97,2024-03-02,District 05
TXN-004363,Sandalwood Coastal Developments Inc,Sanne Demirci,79618.56,2024-01-07,District 01
TXN-004364,Langford Civil Developments Ltd,Estelle Molinari,18040.01,2024-10-02,District 11
TXN-004365,Eastvale Summit Consulting Inc,Gabriel Horvath,529188.85,2025-01-29,District 04
TXN-004366,Brookfield Reliance Group Co,Wilhelm Bergstrom,8156.06,2026-05-20,District 12
TXN-004367,Fenwick Metro Holdings Co,Estelle Weiss,10015.07,2025-09-27,District 06
TXN-004368,Glenmore Coastal Consulting Ltd,Casper Graziani,840862.65,2024-05-08,District 02
TXN-004369,Westbrook Commercial Holdings Co,Greta Tarnowski,4214.93,2026-02-04,District 09
TXN-004370,Brookfield Sovereign Ventures Ltd,Pablo Clemencic,3393.23,2025-10-20,District 11
TXN-004371,Darlington Lakeside Services LLC,Aaron Mueller,3157.31,2025-03-05,District 03
TXN-004372,Pemberton Commercial Contractors Co,Felix Rasmussen,838436.41,2024-01-23,District 05
TXN-004373,Glenmore Coastal Developments LLC,Regina Castellan,145327.23,2025-12-13,District 11
TXN-004374,Elmhurst Pioneer Group LLC,Leona Quaresma,75263.89,2026-05-24,District 11
TXN-004375,Bluecrest Marine Services LLC,Ingrid Sollas,855871.63,2024-01-02,District 09
TXN-004376,Grantham Harbor Works LLC,Tatiana Zanetti,786558.75,2025-02-02,District 07
TXN-004377,Pinewood Atlas Partners Inc,Ilse Quaresma,2684.06,2026-06-30,District 11
TXN-004378,Pinewood Prime Enterprises LLC,Rene Kovacs,95309.81,2025-08-14,District 07
TXN-004379,Stonebridge Sovereign Holdings Co,Aaron Pelletier,4281.78,2024-04-16,District 05
TXN-004380,Eastvale Prime Partners LLC,Fiona Keller,6803.53,2025-05-12,District 12
TXN-004381,Blackwood Sovereign Infrastructure Inc,Halvard Engstrom,49133.96,2026-04-07,District 07
TXN-004382,Norwood Highland Engineering Co,Zara Kaminski,258559.73,2026-01-04,District 10
TXN-004383,Wexford Highland Ventures Co,Vera Slavik,90474.04,2026-06-24,District 06
TXN-004384,Queensbury Crestline Developments Inc,Viktor Escobar,5821.16,2025-08-18,District 08
TXN-004385,Inglewood Industrial Consulting Inc,Rurik Persson,39378.75,2024-04-17,District 12
TXN-004386,Redstone Metro Group Co,Lucia Ursu,6847.65,2024-08-05,District 02
TXN-004387,Larkspur Harbor Holdings PLC,Lucia Christensen,28300.82,2025-02-22,District 04
TXN-004388,Ullswater Coastal Infrastructure Inc,Stefan Szabo,9121.59,2025-11-06,District 10
TXN-004389,Stonebridge Midland Consulting Inc,Damien Nyberg,35117.22,2024-02-07,District 07
TXN-004390,Larkspur Industrial Works Co,Ilse Dobrev,820095.87,2024-10-31,District 03
TXN-004391,Stonebridge Highland Partners Inc,Vera Nyberg,428409.71,2025-12-23,District 07
TXN-004392,Belmont Civil Solutions Ltd,Oskar Weiss,373715.48,2025-04-29,District 12
TXN-004393,Ullswater Atlas Ventures Co,Helena Bauer,60467.98,2024-07-24,District 07
TXN-004394,Thornbury Midland Contractors Ltd,Dorian Weber,12866.60,2024-02-15,District 04
TXN-004395,Queensbury Coastal Services Ltd,Regina Brogaard,471706.60,2026-09-01,District 08
TXN-004396,Pemberton Prime Group Co,Paolina Tolvanen,440526.45,2024-12-07,District 02
TXN-004397,Orchard Metro Partners Ltd,Valentin Iversen,3257.63,2024-01-17,District 08
TXN-004398,Darlington Highland Services Inc,Beatriz Teodorescu,381992.47,2024-10-06,District 06
TXN-004399,Kirkwood Reliance Engineering PLC,Cecelia Sauer,4709.14,2024-09-20,District 10
TXN-004400,Harlow Lakeside Logistics Inc,Laura Girard,129265.62,2025-05-12,District 05
TXN-004401,Moorfield Pioneer Works LLC,Greta Slavik,90744.28,2025-08-05,District 07
TXN-004402,Holloway Reliance Services LLC,Emeline Bakker,46092.87,2025-09-04,District 08
TXN-004403,Yorkfield Industrial Holdings Ltd,Damien Novak,90254.35,2025-08-07,District 07
TXN-004404,Jessup Reliance Partners Inc,Alena Bondarenko,191836.07,2025-02-21,District 10
TXN-004405,Inglewood Industrial Works Inc,Pavel Volkan,157171.54,2024-06-10,District 02
TXN-004406,Fairmont Commercial Holdings Co,Silvia Fontaine,560004.62,2025-01-22,District 04
TXN-004407,Yorkfield Pioneer Contractors LLC,Yusuf Horvath,570748.81,2024-06-18,District 04
TXN-004408,Kingsmere Crestline Enterprises Inc,Nadia Rosqvist,25724.97,2026-04-24,District 01
TXN-004409,Eastvale Crestline Infrastructure LLC,Ivo Bergstrom,46338.58,2026-06-25,District 07
TXN-004410,Underhill Zenith Group Co,Anika Weber,182120.20,2025-10-25,District 09
TXN-004411,Dunmore Atlas Works Inc,Thibault Radovanovic,64801.26,2025-08-19,District 06
TXN-004412,Yorkfield Atlas Engineering Inc,Valentin Graziani,7793.37,2025-02-26,District 12
TXN-004413,Elmhurst Pioneer Ventures LLC,Quentin Wallin,12207.16,2024-07-08,District 03
TXN-004414,Zephyr Industrial Developments PLC,Camille Rasmussen,44223.33,2024-04-05,District 08
TXN-004415,Grantham Metro Ventures LLC,Yelena Popescu,3376.93,2024-05-11,District 11
TXN-004416,Fairmont Crestline Services Co,Yannick Demirci,10516.94,2024-09-10,District 10
TXN-004417,Larkspur Atlas Works PLC,Janek Marino,32926.15,2025-09-14,District 07
TXN-004418,Copperfield Prime Consulting Inc,Antoine Ferreira,230762.22,2025-07-09,District 06
TXN-004419,Westbrook Highland Consulting PLC,Sabine Tarnowski,35739.10,2026-03-18,District 05
TXN-004420,Radcliffe Sovereign Infrastructure PLC,Dalia Demirci,54962.91,2024-05-26,District 06
TXN-004421,Copperfield Prime Ventures Co,Miroslav Kaufmann,515808.00,2024-02-10,District 02
TXN-004422,Norwood Commercial Developments PLC,Helena Laine,360332.62,2026-02-24,District 03
TXN-004423,Pemberton Zenith Contractors Ltd,Valentin Zanetti,10516.51,2026-06-05,District 12
TXN-004424,Elmhurst Lakeside Logistics Inc,Dorian Hartmann,91096.45,2025-08-26,District 07
TXN-004425,Fenwick Commercial Engineering PLC,Ilse Aaltonen,7775.11,2024-03-22,District 07
TXN-004426,Yorkfield Lakeside Infrastructure Co,Petra Lambert,732346.32,2025-08-17,District 12
TXN-004427,Norwood Commercial Group PLC,Estelle Teodorescu,15449.38,2026-03-12,District 05
TXN-004428,Cavendish Highland Holdings Co,Laura Saavedra,5733.24,2026-07-09,District 05
TXN-004429,Kirkwood Civic Trading Ltd,Evander Zanetti,4184.86,2025-07-29,District 11
TXN-004430,Pinewood Lakeside Trading Co,Fabian Ursu,141618.65,2025-07-05,District 05
TXN-004431,Amberley Industrial Enterprises Inc,Fiona Yilmaz,165280.24,2026-02-20,District 03
TXN-004432,Harlow Metro Infrastructure PLC,Delphine Olszynski,119650.26,2025-02-22,District 12
TXN-004433,Norwood Zenith Infrastructure Inc,Adrian Klassen,8595.41,2025-11-14,District 09
TXN-004434,Radcliffe Crestline Logistics PLC,Hanna Christensen,36321.52,2025-02-16,District 01
TXN-004435,Yorkfield Pioneer Solutions Ltd,Karina Marchetti,337586.78,2024-12-07,District 04
TXN-004436,Pinewood Harbor Infrastructure Co,Yannick Bondarenko,9428.65,2026-04-13,District 12
TXN-004437,Belmont Civil Group LLC,Beatriz Vogel,11875.52,2026-04-06,District 11
TXN-004438,Fairmont Summit Enterprises Ltd,Severin Dupont,401635.91,2026-08-12,District 08
TXN-004439,Blackwood Lakeside Group LLC,Miranda Szabo,97163.49,2025-08-10,District 07
TXN-004440,Harlow Crestline Holdings Co,Fabian Falkenstein,248906.74,2024-11-16,District 06
TXN-004441,Redstone Zenith Developments Inc,Rasmus Bondarenko,20168.12,2024-03-08,District 05
TXN-004442,Inglewood Industrial Solutions Ltd,Rasmus Andersson,170608.60,2026-03-11,District 06
TXN-004443,Harlow Reliance Logistics Inc,Ivo Scheffer,17831.06,2024-08-05,District 04
TXN-004444,Harlow Titan Services LLC,Dmitri Chaudhry,22605.05,2025-10-22,District 04
TXN-004445,Ullswater Civic Infrastructure PLC,Alena Novak,339190.68,2024-09-14,District 05
TXN-004446,Westbrook Civil Ventures PLC,Klaus Eekhoff,5056.37,2024-03-18,District 09
TXN-004447,Underhill Sovereign Trading Co,Miroslav Villanueva,428427.36,2026-05-04,District 10
TXN-004448,Foxglove Commercial Enterprises Inc,Jacqueline Hoffmann,90354.45,2025-01-17,District 06
TXN-004449,Devereux Civil Solutions Co,Quentin Gauthier,2506.00,2026-07-31,District 04
TXN-004450,Stonebridge Titan Ventures LLC,Beatriz Hoffmann,270332.64,2026-08-11,District 03
TXN-004451,Kirkwood Reliance Services Ltd,Rosalind Stark,483723.06,2025-02-03,District 10
TXN-004452,Foxglove Highland Developments LLC,Sanne Skovgaard,72559.08,2024-08-18,District 03
TXN-004453,Underhill Commercial Services Ltd,Amos Trandafir,114514.00,2024-09-25,District 01
TXN-004454,Eastvale Sovereign Ventures Ltd,Miroslav Vogel,91420.84,2025-11-25,District 03
TXN-004455,Brookfield Zenith Holdings PLC,Zara Moreau,133263.02,2026-04-12,District 05
TXN-004456,Kingsmere Apex Partners Co,Yannick Pelletier,79882.28,2025-02-26,District 03
TXN-004457,Oakridge Lakeside Ventures LLC,Aaron Lambert,518691.81,2024-05-13,District 04
TXN-004458,Trevor Reliance Partners PLC,Jonas Kirkpatrick,643087.36,2024-02-06,District 09
TXN-004459,Brookfield Harbor Solutions Co,Erin Dagher,545401.36,2024-09-06,District 08
TXN-004460,Grantham Commercial Works Inc,Delphine Kaufmann,95214.27,2024-02-10,District 02
TXN-004461,Zephyr Civil Infrastructure Inc,Jelena Bakker,800375.88,2025-09-23,District 07
TXN-004462,Trevor Pioneer Works LLC,Amos Demirci,404195.84,2024-08-23,District 05
TXN-004463,Glenmore Civic Infrastructure Ltd,Viktor Tarnowski,3040.30,2025-12-03,District 05
TXN-004464,Ullswater Commercial Enterprises Inc,Ulrike Thomassen,27605.18,2025-07-21,District 03
TXN-004465,Ullswater Reliance Enterprises Inc,Nadia Reyes,18290.71,2026-07-21,District 12
TXN-004466,Ullswater Atlas Holdings LLC,Jelena Volkan,3810.62,2026-08-28,District 06
TXN-004467,Harlow Commercial Trading Ltd,Yusuf Tolvanen,13321.18,2024-09-30,District 05
TXN-004468,Radcliffe Summit Works Co,Zoran Villanueva,127004.17,2025-06-11,District 11
TXN-004469,Norwood Titan Contractors Inc,Wilhelm Wojcik,235896.20,2025-06-12,District 03
TXN-004470,Kingsmere Metro Consulting LLC,Kaspar Caruso,140631.76,2025-11-04,District 06
TXN-004471,Yorkfield Apex Consulting Co,Severin Reyes,55935.01,2025-06-26,District 09
TXN-004472,Eastvale Metro Developments Ltd,Miranda Hoffmann,7846.65,2025-02-16,District 06
TXN-004473,Redstone Industrial Partners Inc,Cecelia Novak,88687.66,2024-07-27,District 11
TXN-004474,Jessup Commercial Contractors Co,Olaf Ferreira,117075.13,2025-11-26,District 10
TXN-004475,Cavendish Zenith Consulting PLC,Yannick Haugen,47324.01,2024-05-01,District 09
TXN-004476,Aldergate Summit Developments PLC,Hugo Karlsen,23783.94,2025-11-03,District 07
TXN-004477,Inglewood Midland Group Co,Rasmus Dupont,294701.57,2024-03-30,District 09
TXN-004478,Belmont Crestline Logistics Ltd,Klaus Steffensen,572889.76,2026-07-29,District 03
TXN-004479,Northgate Commercial Infrastructure PLC,Halvard Oberlin,8018.48,2026-01-10,District 05
TXN-004480,Moorfield Civil Services LLC,Camille Schneider,40871.18,2024-03-15,District 04
TXN-004481,Langford Metro Holdings Ltd,Yannick Bauer,35746.43,2026-07-26,District 04
TXN-004482,Kingsmere Metro Ventures Inc,Lucia Oberlin,342102.48,2024-05-18,District 12
TXN-004483,Inglewood Atlas Ventures LLC,Emeline Villanueva,6427.66,2026-06-17,District 11
TXN-004484,Moorfield Coastal Services Ltd,Yannick Trandafir,18115.65,2025-09-25,District 07
TXN-004485,Kingsmere Civil Contractors LLC,Laurent Mikkelsen,642908.48,2024-08-20,District 11
TXN-004486,Pemberton Crestline Consulting Inc,Rasmus Arnaud,437057.99,2025-11-22,District 08
TXN-004487,Cavendish Civil Ventures Ltd,Ivo Molinari,8070.93,2025-03-13,District 11
TXN-004488,Belmont Highland Services Ltd,Felix Skovgaard,81572.15,2025-02-02,District 02
TXN-004489,Kingsmere Lakeside Contractors PLC,Petra Girard,46718.07,2024-03-17,District 10
TXN-004490,Westbrook Titan Developments LLC,Rene Engstrom,5110.89,2024-11-09,District 12
TXN-004491,Aldergate Sovereign Consulting Ltd,Elias Ignatiev,333104.44,2025-08-17,District 03
TXN-004492,Kirkwood Commercial Enterprises Co,Quentin Klassen,321404.49,2026-05-28,District 07
TXN-004493,Blackwood Highland Works LLC,Lars Blanchard,2819.07,2024-01-22,District 01
TXN-004494,Moorfield Civil Group PLC,Dalia Haugen,58270.22,2025-02-13,District 06
TXN-004495,Copperfield Industrial Infrastructure Ltd,Conrad Jankowski,4203.37,2025-09-28,District 09
TXN-004496,Copperfield Midland Solutions Inc,Lars Caruso,4328.97,2025-06-27,District 07
TXN-004497,Vernon Sovereign Works LLC,Amos Hoffmann,416378.44,2024-04-05,District 12
TXN-004498,Blackwood Lakeside Partners Inc,Klaus Lambert,211283.39,2024-04-29,District 04
TXN-004499,Darlington Crestline Enterprises Co,Elias Christensen,739978.50,2024-08-11,District 05
TXN-004500,Westbrook Sovereign Partners Ltd,Emeline Escobar,528908.95,2024-06-17,District 12
TXN-004501,Radcliffe Reliance Services LLC,Miranda Oberlin,54828.77,2024-11-01,District 11
TXN-004502,Aldergate Harbor Developments Ltd,Camille Haugen,10003.79,2025-03-13,District 08
TXN-004503,Kirkwood Atlas Engineering PLC,Enzo Sandberg,369361.25,2024-12-03,District 03
TXN-004504,Darlington Reliance Partners Inc,Miranda Pedersen,10381.20,2026-03-02,District 03
TXN-004505,Langford Industrial Consulting Inc,Noor Graziani,353628.73,2024-06-14,District 03
TXN-004506,Copperfield Lakeside Enterprises Co,Zara Clemencic,120166.78,2024-09-05,District 11
TXN-004507,Clarence Commercial Infrastructure PLC,Zara Sandberg,380510.62,2025-09-02,District 07
TXN-004508,Glenmore Crestline Holdings PLC,Yannick Scheffer,29460.10,2025-04-06,District 11
TXN-004509,Redstone Coastal Works LLC,Florian Stark,3556.14,2024-05-12,District 09
TXN-004510,Glenmore Industrial Solutions Ltd,Dalia Weiss,21207.74,2026-01-13,District 02
TXN-004511,Amberley Commercial Solutions Co,Hugo Mikkelsen,472051.75,2025-12-31,District 11
TXN-004512,Pemberton Lakeside Trading Ltd,Erin Chaudhry,313627.90,2024-07-26,District 02
TXN-004513,Zephyr Summit Services Ltd,Tatiana Rasmussen,12605.37,2026-05-10,District 06
TXN-004514,Sandalwood Zenith Trading Inc,Helena Kovacs,22933.47,2025-10-12,District 10
TXN-004515,Underhill Atlas Consulting Co,Katarina Vasquez,465122.64,2024-08-25,District 06
TXN-004516,Elmhurst Metro Logistics LLC,Regina Hoffmann,202185.14,2026-06-22,District 08
TXN-004517,Harlow Highland Contractors Inc,Karina Girard,3692.65,2025-08-09,District 12
TXN-004518,Langford Apex Consulting Inc,Sabine Andersson,92756.62,2024-10-27,District 07
TXN-004519,Stonebridge Summit Services LLC,Farida Steffensen,166390.25,2025-06-06,District 09
TXN-004520,Jessup Harbor Solutions Inc,Jonas Sandberg,626850.29,2025-12-05,District 11
TXN-004521,Eastvale Titan Enterprises Inc,Severin Delacroix,3358.31,2026-07-10,District 11
TXN-004522,Grantham Harbor Enterprises LLC,Magda Caruso,11345.31,2026-02-03,District 11
TXN-004523,Redstone Prime Engineering LLC,Jelena Lukacs,51424.25,2025-11-09,District 11
TXN-004524,Redstone Zenith Infrastructure Inc,Evander Brogaard,108275.38,2025-04-26,District 01
TXN-004525,Copperfield Sovereign Works Co,Greta Demirci,40089.92,2025-11-06,District 06
TXN-004526,Jessup Lakeside Partners Inc,Olaf Sebesta,2558.54,2024-08-12,District 03
TXN-004527,Northgate Pioneer Engineering Inc,Estelle Pedersen,112529.38,2026-08-05,District 03
TXN-004528,Inglewood Harbor Solutions Co,Silvia Nyberg,208780.73,2026-08-08,District 10
TXN-004529,Pemberton Pioneer Logistics Inc,Boris Kirkpatrick,13461.41,2024-04-11,District 09
TXN-004530,Inglewood Commercial Trading Co,Thibault Garrido,229133.82,2026-02-27,District 06
TXN-004531,Belmont Apex Group PLC,Evander Capel,34574.39,2024-09-13,District 02
TXN-004532,Stonebridge Atlas Enterprises PLC,Pablo Kaminski,41282.97,2024-08-26,District 06
TXN-004533,Aldergate Prime Trading LLC,Rurik Meier,239104.14,2025-06-01,District 12
TXN-004534,Eastvale Reliance Holdings PLC,Xenia Iversen,123641.18,2024-02-01,District 11
TXN-004535,Stonebridge Reliance Solutions Co,Sanne Mertens,8978.37,2024-07-21,District 01
TXN-004536,Oakridge Midland Group LLC,Erin Capel,335928.42,2024-09-26,District 06
TXN-004537,Grantham Prime Developments Inc,Elena Delacroix,90101.04,2025-08-11,District 07
TXN-004538,Langford Titan Contractors Ltd,Viktor Garrido,93931.83,2025-12-23,District 03
TXN-004539,Moorfield Zenith Logistics PLC,Tatiana Lukacs,5462.35,2025-12-31,District 04
TXN-004540,Fairmont Prime Engineering Ltd,Branislav Sandberg,21872.78,2025-05-15,District 11
TXN-004541,Moorfield Atlas Consulting Inc,Adrian Kirkpatrick,30677.72,2025-07-19,District 10
TXN-004542,Jessup Apex Ventures Inc,Felix Eekhoff,106436.59,2024-07-24,District 11
TXN-004543,Moorfield Apex Trading Inc,Aaron Weber,20672.15,2024-03-11,District 09
TXN-004544,Kirkwood Crestline Trading Ltd,Noor Dupont,228521.50,2026-09-09,District 09
TXN-004545,Queensbury Industrial Contractors Inc,Viktor Reyes,386869.91,2025-04-08,District 11
TXN-004546,Eastvale Summit Holdings Co,Rosalind Weiss,53177.69,2025-12-14,District 09
TXN-004547,Blackwood Prime Engineering PLC,Miroslav Sebesta,15590.47,2026-05-02,District 06
TXN-004548,Northgate Zenith Solutions Inc,Zoran Sebesta,9972.07,2026-01-25,District 03
TXN-004549,Cavendish Commercial Engineering Inc,Nadia Weiss,8374.05,2025-07-07,District 07
TXN-004550,Inglewood Civic Contractors LLC,Enzo Persson,23787.07,2024-05-24,District 04
TXN-004551,Everly Harbor Ventures Inc,Enzo Roth,254319.34,2026-03-15,District 01
TXN-004552,Belmont Commercial Solutions Co,Emeline Weber,39654.66,2025-05-06,District 06
TXN-004553,Harlow Commercial Holdings Ltd,Amos Girard,40733.76,2024-12-09,District 11
TXN-004554,Marlowe Commercial Holdings Ltd,Aaron Ferreira,44477.03,2024-11-15,District 01
TXN-004555,Northgate Coastal Works Ltd,Vera Engstrom,26758.00,2025-06-22,District 05
TXN-004556,Thornbury Atlas Partners PLC,Hugo Silvestri,37612.36,2024-04-08,District 11
TXN-004557,Marlowe Prime Works PLC,Greta Engstrom,117601.27,2026-07-18,District 06
TXN-004558,Wexford Zenith Works LLC,Quentin Mertens,10998.59,2024-08-22,District 01
TXN-004559,Norwood Harbor Enterprises Co,Elena Chaudhry,13517.54,2025-11-26,District 10
TXN-004560,Fenwick Civic Engineering Ltd,Fabian Molinari,399772.17,2024-11-21,District 05
TXN-004561,Foxglove Civil Enterprises Inc,Zoran Oberlin,75613.08,2024-02-27,District 12
TXN-004562,Foxglove Reliance Holdings Ltd,Sanne Villanueva,3235.72,2026-05-22,District 05
TXN-004563,Dunmore Reliance Group LLC,Jacqueline Aaltonen,5277.76,2026-04-12,District 09
TXN-004564,Everly Coastal Enterprises Co,Samir Delacroix,494706.22,2026-06-17,District 08
TXN-004565,Redstone Sovereign Logistics Inc,Gabriel Dahlberg,9125.67,2025-07-12,District 07
TXN-004566,Redstone Metro Enterprises Inc,Camille Eekhoff,3011.69,2024-02-26,District 01
TXN-004567,Underhill Midland Ventures Ltd,Miroslav Horvath,8453.30,2024-07-17,District 06
TXN-004568,Clarence Zenith Services LLC,Lucian Dobrev,48493.24,2025-06-12,District 10
TXN-004569,Darlington Commercial Solutions LLC,Gabriel Steffensen,165735.33,2026-05-09,District 04
TXN-004570,Holloway Summit Works PLC,Silvia Silvestri,11555.83,2024-10-27,District 02
TXN-004571,Sandalwood Crestline Works Co,Aaron Vasquez,10121.40,2025-05-18,District 05
TXN-004572,Dunmore Summit Services LLC,Matteo Persson,623797.08,2026-08-22,District 04
TXN-004573,Marlowe Civil Trading LLC,Ilse Beaumont,11078.66,2025-03-19,District 10
TXN-004574,Marlowe Zenith Solutions LLC,Conrad Richter,105681.94,2025-11-27,District 05
TXN-004575,Radcliffe Harbor Services PLC,Rasmus Girard,95504.91,2025-08-14,District 07
TXN-004576,Grantham Lakeside Group Inc,Nadia Novak,3205.41,2025-09-24,District 05
TXN-004577,Jessup Lakeside Contractors LLC,Rene Sandberg,42461.00,2025-02-13,District 11
TXN-004578,Norwood Crestline Partners LLC,Boris Hartmann,91707.44,2025-08-28,District 07
TXN-004579,Orchard Sovereign Infrastructure Inc,Katarina Scheffer,4092.56,2024-05-11,District 07
TXN-004580,Belmont Prime Trading Co,Enzo Zanetti,26129.97,2024-12-29,District 08
TXN-004581,Harlow Sovereign Partners Ltd,Beatriz Iversen,5396.66,2025-08-20,District 07
TXN-004582,Langford Pioneer Ventures LLC,Cecelia Caruso,132882.61,2024-05-14,District 09
TXN-004583,Oakridge Commercial Services Inc,Camille Tolvanen,73871.04,2026-01-02,District 10
TXN-004584,Stonebridge Commercial Consulting LLC,Zara Brogaard,478791.33,2025-05-22,District 03
TXN-004585,Underhill Coastal Developments Ltd,Rafaella Dagher,2687.72,2026-06-29,District 06
TXN-004586,Everly Titan Engineering PLC,Magda Dupont,186763.47,2025-06-29,District 09
TXN-004587,Radcliffe Crestline Group Ltd,Yelena Georgiev,97264.49,2025-05-05,District 10
TXN-004588,Grantham Zenith Engineering Inc,Klaus Klassen,9537.14,2026-08-12,District 02
TXN-004589,Orchard Atlas Logistics Co,Elias Ionescu,3385.67,2024-02-06,District 04
TXN-004590,Dunmore Atlas Works Co,Leona Iversen,6455.79,2025-06-08,District 09
TXN-004591,Ullswater Harbor Services PLC,Camille Quaresma,448012.44,2024-04-25,District 11
TXN-004592,Kirkwood Metro Services Inc,Alena Stark,100316.89,2026-03-22,District 04
TXN-004593,Devereux Industrial Contractors PLC,Petra Meier,935833.32,2024-12-26,District 03
TXN-004594,Inglewood Metro Works PLC,Pavel Bondarenko,5375.06,2025-02-15,District 04
TXN-004595,Underhill Atlas Holdings Co,Halvard Zanetti,11672.48,2025-12-27,District 09
TXN-004596,Devereux Civic Services LLC,Katarina Slavik,12941.64,2024-08-16,District 03
TXN-004597,Stonebridge Crestline Group LLC,Branislav Olszynski,436871.61,2026-04-03,District 05
TXN-004598,Fenwick Summit Infrastructure Co,Fiona Castellan,4037.41,2025-11-18,District 10
TXN-004599,Trevor Lakeside Services LLC,Guillaume Weiss,11577.13,2025-03-19,District 09
TXN-004600,Kingsmere Reliance Logistics Inc,Quentin Molinari,140715.21,2025-11-09,District 08
TXN-004601,Kirkwood Zenith Enterprises Co,Silvia Weber,10323.03,2024-06-03,District 09
TXN-004602,Westbrook Crestline Engineering Ltd,Yusuf Teodorescu,162899.00,2024-09-17,District 11
TXN-004603,Devereux Coastal Consulting Inc,Enzo Bondarenko,5087.79,2025-08-18,District 09
TXN-004604,Queensbury Highland Logistics LLC,Regina Wagner,53353.25,2024-01-04,District 06
TXN-004605,Pinewood Prime Solutions LLC,Leona Keller,36076.78,2024-06-10,District 10
TXN-004606,Blackwood Apex Works Ltd,Katarina Thomassen,378188.12,2025-09-28,District 09
TXN-004607,Pinewood Commercial Ventures LLC,Hanna Lambert,438462.78,2025-01-23,District 02
TXN-004608,Cavendish Commercial Developments Ltd,Amos Dupont,513548.24,2025-04-08,District 08
TXN-004609,Oakridge Civil Enterprises Ltd,Janek Zanetti,205527.87,2024-08-31,District 12
TXN-004610,Dunmore Crestline Services Co,Laurent Wagner,125510.86,2026-08-05,District 09
TXN-004611,Fairmont Summit Engineering LLC,Zara Ignatiev,40758.36,2024-07-18,District 05
TXN-004612,Copperfield Metro Partners Ltd,Jacqueline Falkenstein,47745.38,2026-08-04,District 10
TXN-004613,Fairmont Sovereign Trading Co,Quentin Laine,8306.70,2025-12-02,District 06
TXN-004614,Sandalwood Prime Logistics LLC,Paolina Radovanovic,6675.40,2024-01-04,District 10
TXN-004615,Norwood Sovereign Logistics Inc,Miranda Mikkelsen,22273.29,2024-04-04,District 03
TXN-004616,Copperfield Civil Consulting PLC,Paolina Bakker,82344.23,2025-01-20,District 08
TXN-004617,Norwood Midland Engineering LLC,Lucian Klassen,12793.85,2024-06-27,District 12
TXN-004618,Moorfield Civic Group Co,Valentin Johannsen,788267.07,2025-01-06,District 10
TXN-004619,Orchard Metro Ventures LLC,Jelena Lindqvist,48763.82,2026-08-03,District 02
TXN-004620,Brookfield Metro Enterprises PLC,Stefan Dupont,51879.18,2026-07-15,District 09
TXN-004621,Jessup Highland Consulting PLC,Margaux Molinari,73717.64,2026-01-06,District 09
TXN-004622,Tongi Builders Ltd,Rafiqul Hasan,657494.55,2026-02-07,District 05
TXN-004623,Langford Highland Contractors Ltd,Vera Molinari,13596.19,2026-05-26,District 06
TXN-004624,Harlow Industrial Solutions Co,Florian Jankowski,17276.48,2025-02-12,District 08
TXN-004625,Underhill Coastal Consulting Inc,Emeline Popescu,33780.26,2024-12-16,District 01
TXN-004626,Oakridge Prime Contractors Co,Halvard Chaudhry,37984.67,2024-09-06,District 08
TXN-004627,Queensbury Midland Holdings Inc,Laurent Vasquez,16786.74,2026-03-26,District 08
TXN-004628,Belmont Industrial Consulting Co,Tadeusz Sauer,20717.35,2024-04-20,District 05
TXN-004629,Amberley Midland Trading LLC,Julien Sauer,8156.48,2026-01-25,District 01
TXN-004630,Aldergate Commercial Trading Ltd,Yusuf Garrido,3340.48,2024-08-29,District 11
TXN-004631,Trevor Summit Holdings Co,Magda Petrov,97166.27,2025-09-16,District 07
TXN-004632,Ashford Commercial Trading LLC,Dmitri Sebesta,26123.92,2025-03-13,District 07
TXN-004633,Inglewood Commercial Contractors LLC,Elena Petrov,870255.33,2025-04-29,District 07
TXN-004634,Eastvale Lakeside Partners Ltd,Nikolai Trandafir,325622.42,2024-11-14,District 01
TXN-004635,Clarence Prime Engineering LLC,Elena Szabo,4688.77,2025-02-08,District 11
TXN-004636,Orchard Commercial Enterprises LLC,Pavel Braun,28195.26,2025-12-07,District 02
TXN-004637,Harlow Reliance Engineering PLC,Noor Zanetti,525856.06,2024-05-08,District 12
TXN-004638,Zephyr Coastal Services Co,Lucia Kovacs,75662.89,2024-01-24,District 03
TXN-004639,Pinewood Metro Ventures Co,Julien Lambert,6584.43,2025-09-26,District 07
TXN-004640,Foxglove Zenith Ventures Inc,Rafaella Lukacs,153661.12,2025-11-29,District 12
TXN-004641,Northgate Coastal Consulting Co,Karina Klassen,351616.55,2026-01-19,District 10
TXN-004642,Stonebridge Titan Infrastructure LLC,Jacqueline Ignatiev,2955.38,2024-02-13,District 02
TXN-004643,Cavendish Titan Group Inc,Estelle Horvath,38385.29,2024-01-11,District 09
TXN-004644,Vernon Apex Trading PLC,Sabine Brogaard,5601.17,2026-07-17,District 05
TXN-004645,Belmont Crestline Solutions Inc,Tadeusz Magnusson,110934.21,2026-02-17,District 05
TXN-004646,Wexford Crestline Works Ltd,Jonas Oberlin,463234.41,2026-01-24,District 06
TXN-004647,Belmont Civic Engineering LLC,Lucian Wojcik,389708.84,2026-06-03,District 03
TXN-004648,Darlington Civil Group Inc,Thibault Christensen,29661.15,2025-03-21,District 09
TXN-004649,Zephyr Civic Developments Inc,Paolina Stark,149108.23,2025-06-26,District 04
TXN-004650,Dunmore Highland Trading LLC,Karina Saavedra,31686.47,2026-07-15,District 10
TXN-004651,Harlow Highland Consulting Co,Cecelia Rasmussen,103061.11,2024-06-19,District 08
TXN-004652,Pemberton Metro Consulting Ltd,Silvia Tolvanen,104225.48,2026-06-28,District 03
TXN-004653,Grantham Midland Enterprises Inc,Alena Thomassen,71356.94,2026-03-19,District 07
TXN-004654,Everly Zenith Infrastructure LLC,Halvard Dietrich,4513.63,2024-03-30,District 12
TXN-004655,Eastvale Zenith Ventures Inc,Dorian Ignatiev,867443.62,2026-02-27,District 03
TXN-004656,Trevor Prime Group Ltd,Stefan Scheffer,4774.12,2024-06-05,District 04
TXN-004657,Grantham Apex Group Ltd,Noor Johannsen,402763.18,2026-03-29,District 03
TXN-004658,Redstone Civic Holdings Ltd,Enzo Dagher,27730.81,2025-07-03,District 01
TXN-004659,Stonebridge Atlas Enterprises Inc,Erin Kirkpatrick,51978.25,2026-06-05,District 01
TXN-004660,Devereux Civil Enterprises LLC,Rene Nordin,254654.71,2026-03-30,District 09
TXN-004661,Northgate Lakeside Ventures PLC,Boris Radovanovic,5447.48,2025-01-09,District 01
TXN-004662,Northgate Summit Contractors Inc,Nikolai Teodorescu,112221.89,2025-02-24,District 12
TXN-004663,Fairmont Lakeside Developments Inc,Vera Tarnowski,5373.26,2025-10-29,District 01
TXN-004664,Belmont Lakeside Partners Ltd,Nadia Villanueva,7049.81,2025-03-22,District 10
TXN-004665,Langford Prime Solutions Co,Sanne Haugen,61700.14,2025-07-17,District 02
TXN-004666,Yorkfield Civil Works Co,Miroslav Szabo,203142.67,2025-09-25,District 03
TXN-004667,Norwood Metro Partners Ltd,Rafaella Corvin,3996.53,2024-07-21,District 03
TXN-004668,Thornbury Prime Services PLC,Klaus Wallin,780643.78,2024-01-17,District 09
TXN-004669,Eastvale Metro Solutions Inc,Hanna Andersson,93855.19,2025-12-27,District 03
TXN-004670,Moorfield Prime Solutions Co,Severin Pichler,142634.77,2025-09-25,District 10
TXN-004671,Langford Civic Infrastructure Ltd,Lars Hartmann,42306.99,2025-10-31,District 08
TXN-004672,Cavendish Civic Enterprises Co,Jelena Quaresma,513780.17,2025-01-17,District 10
TXN-004673,Dunmore Metro Services Ltd,Aaron Schneider,228478.54,2024-11-07,District 06
TXN-004674,Elmhurst Zenith Logistics PLC,Regina Lukacs,4295.32,2025-03-18,District 10
TXN-004675,Clarence Midland Engineering Ltd,Quentin Chaudhry,67730.80,2024-03-31,District 01
TXN-004676,Trevor Zenith Partners LLC,Nadia Ionescu,20208.52,2025-09-02,District 06
TXN-004677,Underhill Commercial Services LLC,Janek Volkan,7961.06,2025-08-27,District 08
TXN-004678,Elmhurst Harbor Services Co,Nikolai Nyberg,25556.03,2024-12-01,District 06
TXN-004679,Jessup Harbor Works Co,Camille Stark,5756.35,2026-05-12,District 04
TXN-004680,Devereux Apex Engineering LLC,Evander Roth,107636.29,2025-08-13,District 02
TXN-004681,Amberley Coastal Engineering Inc,Olaf Wendel,224916.20,2024-07-22,District 07
TXN-004682,Amberley Zenith Works LLC,Jonas Skovgaard,11445.02,2024-12-26,District 06
TXN-004683,Redstone Titan Engineering PLC,Jacqueline Oberlin,4238.65,2024-08-28,District 10
TXN-004684,Thornbury Coastal Services Co,Fiona Wendel,195910.34,2025-07-23,District 07
TXN-004685,Orchard Harbor Trading Inc,Ulrike Jovanovic,408378.79,2024-12-01,District 04
TXN-004686,Pinewood Highland Contractors Co,Delphine Demirci,88438.36,2024-11-03,District 05
TXN-004687,Elmhurst Prime Consulting Co,Delphine Klassen,7344.52,2024-05-26,District 10
TXN-004688,Queensbury Titan Consulting Co,Petra Horvath,95513.57,2025-09-08,District 04
TXN-004689,Fenwick Zenith Developments Ltd,Anika Marchetti,145334.39,2026-08-09,District 08
TXN-004690,Underhill Civic Infrastructure Inc,Tatiana Dupont,104229.88,2026-01-18,District 10
TXN-004691,Devereux Crestline Contractors PLC,Rurik Georgiev,14618.63,2025-12-04,District 07
TXN-004692,Thornbury Summit Solutions Co,Rosalind Sandberg,4267.05,2025-09-12,District 07
TXN-004693,Elmhurst Lakeside Engineering LLC,Regina Vasquez,414155.06,2024-07-11,District 10
TXN-004694,Orchard Coastal Engineering Co,Delphine Fischer,96546.40,2024-01-05,District 12
TXN-004695,Foxglove Industrial Contractors Inc,Florian Delacroix,8575.83,2025-01-19,District 01
TXN-004696,Zephyr Industrial Developments LLC,Lucia Novak,28851.54,2024-05-16,District 09
TXN-004697,Langford Sovereign Holdings Ltd,Sabine Dobrev,55094.84,2024-06-26,District 12
TXN-004698,Orchard Crestline Solutions PLC,Conrad Garrido,93150.69,2025-08-18,District 07
TXN-004699,Belmont Apex Infrastructure PLC,Evander Nyberg,376181.93,2024-04-20,District 11
TXN-004700,Amberley Zenith Partners LLC,Elena Fischer,449134.74,2024-12-10,District 09
TXN-004701,Holloway Civil Services LLC,Adrian Andersson,45970.75,2025-11-07,District 09
TXN-004702,Dunmore Prime Enterprises Ltd,Viktor Zanetti,860795.83,2024-12-07,District 03
TXN-004703,Trevor Civic Consulting PLC,Estelle Eekhoff,4133.92,2024-02-05,District 02
TXN-004704,Queensbury Industrial Services PLC,Leona Girard,56602.86,2026-01-26,District 02
TXN-004705,Brookfield Midland Developments PLC,Ulrike Rosqvist,21086.97,2025-11-29,District 09
TXN-004706,Blackwood Sovereign Enterprises LLC,Jelena Dagher,7169.20,2026-03-13,District 12
TXN-004707,Moorfield Titan Services Inc,Sanne Caruso,17314.65,2025-05-07,District 07
TXN-004708,Holloway Highland Solutions Co,Gabriel Mueller,64251.16,2024-07-13,District 04
TXN-004709,Oakridge Lakeside Holdings Co,Katarina Fontaine,720032.35,2024-04-27,District 03
TXN-004710,Pemberton Crestline Logistics PLC,Hector Tarnowski,12741.19,2026-08-14,District 09
TXN-004711,Kingsmere Lakeside Partners PLC,Ivo Capel,2764.52,2024-11-02,District 12
TXN-004712,Wexford Lakeside Ventures Ltd,Noor Petrov,2656.25,2026-07-08,District 11
TXN-004713,Darlington Civil Trading LLC,Aaron Ignatiev,11051.39,2024-08-04,District 12
TXN-004714,Clarence Reliance Solutions Inc,Jelena Mueller,59793.58,2025-03-12,District 06
TXN-004715,Elmhurst Pioneer Holdings Ltd,Casper Falkenstein,387907.68,2025-03-07,District 03
TXN-004716,Blackwood Apex Holdings PLC,Jelena Petrov,7356.56,2024-10-10,District 02
TXN-004717,Langford Civic Partners Co,Silvia Klassen,658711.08,2024-04-24,District 08
TXN-004718,Pemberton Highland Engineering LLC,Aaron Kovacs,315827.01,2026-02-22,District 09
TXN-004719,Sandalwood Coastal Infrastructure Ltd,Magda Marchetti,302983.02,2024-10-27,District 01
TXN-004720,Vernon Summit Works Ltd,Helena Haugen,379806.80,2025-07-21,District 03
TXN-004721,Kingsmere Crestline Contractors LLC,Pablo Thomassen,229231.92,2025-04-05,District 03
TXN-004722,Redstone Crestline Solutions Ltd,Elias Wendel,737391.31,2025-01-04,District 04
TXN-004723,Copperfield Pioneer Trading Ltd,Camille Volkan,2836.57,2025-03-14,District 05
TXN-004724,Marlowe Reliance Trading LLC,Yusuf Kaufmann,4075.67,2026-03-16,District 01
TXN-004725,Stonebridge Industrial Group PLC,Laurent Scheffer,363258.76,2024-01-23,District 05
TXN-004726,Orchard Sovereign Trading LLC,Antoine Andersson,351799.29,2025-11-21,District 07
TXN-004727,Belmont Midland Consulting PLC,Nikolai Silvestri,25976.30,2025-01-10,District 07
TXN-004728,Zephyr Reliance Logistics LLC,Cecelia Wallin,298163.22,2026-02-16,District 12
TXN-004729,Radcliffe Titan Engineering Co,Estelle Iversen,2734.90,2025-02-11,District 01
TXN-004730,Ashford Harbor Services PLC,Helena Dagher,3597.26,2024-03-30,District 04
TXN-004731,Cavendish Apex Trading Ltd,Farida Novak,939276.39,2025-06-13,District 10
TXN-004732,Elmhurst Titan Services PLC,Antoine Chaudhry,91930.74,2025-09-24,District 10
TXN-004733,Fenwick Midland Holdings Ltd,Florian Sebesta,829010.89,2024-09-20,District 04
TXN-004734,Stonebridge Highland Trading Ltd,Anika Haugen,20252.09,2026-06-24,District 03
TXN-004735,Westbrook Harbor Ventures LLC,Olaf Vasquez,332797.32,2025-01-09,District 10
TXN-004736,Elmhurst Summit Engineering PLC,Janek Kirkpatrick,5919.01,2025-05-03,District 01
TXN-004737,Fenwick Commercial Contractors Inc,Halvard Corvin,22991.70,2026-06-06,District 04
TXN-004738,Wexford Zenith Solutions Inc,Estelle Ursu,29438.60,2024-08-10,District 09
TXN-004739,Dunmore Pioneer Solutions PLC,Laurent Ignatiev,7752.61,2026-07-15,District 01
TXN-004740,Holloway Atlas Infrastructure Inc,Dorian Reyes,79164.12,2026-03-27,District 01
TXN-004741,Thornbury Apex Holdings Ltd,Oskar Vanek,192790.79,2025-06-19,District 11
TXN-004742,Inglewood Commercial Consulting LLC,Olaf Kovacs,124163.64,2025-12-13,District 01
TXN-004743,Northgate Highland Logistics Co,Adrian Laine,46970.27,2025-05-14,District 04
TXN-004744,Holloway Metro Infrastructure PLC,Halvard Tarnowski,55331.88,2025-03-09,District 07
TXN-004745,Larkspur Pioneer Enterprises LLC,Farida Szabo,100137.41,2026-03-12,District 08
TXN-004746,Vernon Atlas Services Co,Hanna Laine,3663.57,2024-06-06,District 10
TXN-004747,Devereux Apex Contractors Ltd,Quentin Falkenstein,31041.19,2024-09-25,District 02
TXN-004748,Langford Pioneer Developments Co,Pavel Thiel,137768.65,2024-05-06,District 06
TXN-004749,Radcliffe Industrial Trading Inc,Aaron Braun,12102.13,2025-12-31,District 05
TXN-004750,Clarence Lakeside Trading Inc,Laurent Molinari,7741.34,2025-07-02,District 04
TXN-004751,Elmhurst Industrial Contractors LLC,Zara Skovgaard,5388.03,2024-01-08,District 07
TXN-004752,Blackwood Atlas Infrastructure PLC,Oskar Blanchard,59824.96,2025-10-15,District 09
TXN-004753,Aldergate Sovereign Services PLC,Noor Georgiev,6345.77,2025-11-18,District 02
TXN-004754,Westbrook Industrial Services Inc,Cecelia Laine,180544.15,2025-06-03,District 12
TXN-004755,Foxglove Commercial Works PLC,Erin Quaresma,23895.20,2026-05-02,District 08
TXN-004756,Sandalwood Civic Trading Co,Evander Vogel,60093.02,2025-12-14,District 05
TXN-004757,Amberley Coastal Services Inc,Valentin Fontaine,24636.35,2026-08-10,District 07
TXN-004758,Everly Prime Developments LLC,Nikolai Dobrev,55787.88,2024-04-23,District 04
TXN-004759,Amberley Crestline Partners Ltd,Gabriel Lukacs,16055.75,2024-06-13,District 05
TXN-004760,Foxglove Lakeside Engineering LLC,Enzo Magnusson,158091.11,2025-04-14,District 10
TXN-004761,Larkspur Coastal Ventures PLC,Camille Kovacs,34685.11,2026-04-07,District 09
TXN-004762,Foxglove Commercial Infrastructure Ltd,Janek Dobrev,290018.93,2026-06-04,District 10
TXN-004763,Belmont Metro Contractors LLC,Sabine Rasmussen,33472.13,2026-05-23,District 08
TXN-004764,Darlington Harbor Group Ltd,Lars Petrov,67306.35,2026-08-10,District 01
TXN-004765,Jessup Zenith Group LLC,Dalia Pelletier,120034.89,2026-06-16,District 12
TXN-004766,Moorfield Titan Developments LLC,Tadeusz Arnaud,164396.52,2026-01-31,District 10
TXN-004767,Norwood Crestline Partners Co,Laurent Persson,168580.03,2025-11-13,District 07
TXN-004768,Moorfield Zenith Group Inc,Katarina Steffensen,550257.65,2025-11-07,District 11
TXN-004769,Northgate Lakeside Engineering PLC,Elena Trandafir,3545.01,2026-06-13,District 09
TXN-004770,Moorfield Titan Partners Co,Xenia Pedersen,500417.65,2026-09-01,District 09
TXN-004771,Westbrook Coastal Infrastructure Co,Lena Yilmaz,101377.81,2025-10-26,District 02
TXN-004772,Jessup Titan Consulting Ltd,Laurent Pichler,15060.62,2025-10-19,District 12
TXN-004773,Inglewood Commercial Partners Co,Anika Dagher,4118.38,2026-03-31,District 03
TXN-004774,Blackwood Prime Contractors PLC,Guillaume Scheffer,562661.72,2025-04-17,District 07
TXN-004775,Harlow Metro Enterprises Ltd,Branislav Pedersen,292552.76,2025-09-08,District 04
TXN-004776,Clarence Civil Group Co,Dmitri Rasmussen,4426.09,2024-04-26,District 10
TXN-004777,Clarence Zenith Contractors Co,Olivia Tarnowski,39921.54,2026-01-12,District 08
TXN-004778,Zephyr Prime Services Inc,Miroslav Iversen,4433.76,2025-09-08,District 03
TXN-004779,Holloway Zenith Partners LLC,Halvard Kovacs,162309.63,2024-04-25,District 05
TXN-004780,Pinewood Metro Logistics Co,Olaf Johannsen,159067.82,2024-10-16,District 04
TXN-004781,Trevor Prime Ventures Co,Beatriz Mueller,6415.60,2024-05-08,District 06
TXN-004782,Kirkwood Titan Solutions Inc,Guillaume Richter,281310.53,2026-04-20,District 04
TXN-004783,Underhill Lakeside Developments Co,Xenia Haugen,15712.65,2024-04-30,District 01
TXN-004784,Sandalwood Apex Trading Ltd,Adrian Dobrev,6319.26,2024-10-09,District 04
TXN-004785,Grantham Apex Trading Co,Tatiana Ionescu,18826.11,2024-08-15,District 03
TXN-004786,Kingsmere Lakeside Partners Ltd,Magda Bauer,65193.66,2025-07-21,District 11
TXN-004787,Kirkwood Summit Solutions Co,Margaux Dupont,360651.23,2024-06-30,District 12
TXN-004788,Vernon Atlas Contractors Co,Gabriel Scheffer,689277.47,2024-06-17,District 08
TXN-004789,Ashford Highland Works Ltd,Regina Mertens,8602.87,2024-02-01,District 09
TXN-004790,Kirkwood Apex Ventures Inc,Klaus Keller,413500.66,2024-10-20,District 05
TXN-004791,Cavendish Reliance Ventures LLC,Viktor Hoffmann,18275.91,2024-03-26,District 01
TXN-004792,Larkspur Highland Engineering Co,Felix Richter,17944.95,2026-03-12,District 10
TXN-004793,Jessup Apex Solutions LLC,Noor Thomassen,35746.55,2026-08-01,District 01
TXN-004794,Fairmont Reliance Ventures Inc,Yusuf Capel,57654.75,2024-07-26,District 04
TXN-004795,Pemberton Civic Engineering PLC,Hanna Marchetti,10750.65,2025-11-25,District 10
TXN-004796,Trevor Coastal Ventures PLC,Cecelia Iversen,333992.62,2026-08-12,District 12
TXN-004797,Belmont Highland Group LLC,Alena Vogel,235647.52,2024-04-16,District 02
TXN-004798,Fenwick Summit Logistics PLC,Rurik Dahlberg,14684.43,2026-01-06,District 03
TXN-004799,Eastvale Apex Engineering Co,Silvia Lindqvist,720328.76,2026-06-02,District 02
TXN-004800,Queensbury Highland Engineering LLC,Pavel Moreau,11717.88,2025-08-19,District 11
TXN-004801,Stonebridge Zenith Works PLC,Lars Salvati,187865.56,2024-10-26,District 11
TXN-004802,Marlowe Metro Solutions PLC,Oskar Girard,4541.03,2025-01-01,District 07
TXN-004803,Fairmont Atlas Logistics Inc,Enzo Horvath,24489.06,2024-12-03,District 12
TXN-004804,Clarence Lakeside Holdings LLC,Silvia Mikkelsen,209168.95,2025-08-03,District 03
TXN-004805,Stonebridge Commercial Enterprises Inc,Gabriel Aaltonen,97731.21,2025-06-24,District 09
TXN-004806,Ullswater Coastal Partners Inc,Pavel Klassen,5498.36,2025-11-16,District 03
TXN-004807,Norwood Commercial Infrastructure Ltd,Branislav Lindqvist,4300.22,2025-12-14,District 08
TXN-004808,Ullswater Zenith Works Co,Sabine Caruso,103728.23,2025-09-04,District 09
TXN-004809,Jessup Commercial Services Ltd,Pablo Jovanovic,46165.39,2025-05-23,District 06
TXN-004810,Glenmore Lakeside Logistics Inc,Yannick Meier,5419.73,2025-09-20,District 06
TXN-004811,Norwood Industrial Partners Co,Katarina Horvath,3850.49,2024-03-25,District 11
TXN-004812,Jessup Harbor Logistics LLC,Anika Meier,305713.06,2024-10-02,District 02
TXN-004813,Kirkwood Lakeside Solutions Inc,Fabian Capel,12529.32,2025-05-18,District 10
TXN-004814,Foxglove Prime Holdings LLC,Wilhelm Garrido,59221.28,2024-01-09,District 12
TXN-004815,Holloway Metro Partners Co,Beatriz Nordin,7996.10,2025-05-23,District 09
TXN-004816,Belmont Midland Engineering Co,Lucian Fontaine,27412.91,2024-08-02,District 07
TXN-004817,Grantham Atlas Trading Inc,Sanne Christensen,638886.38,2024-03-26,District 02
TXN-004818,Copperfield Metro Holdings Inc,Nikolai Georgiev,27482.03,2025-03-25,District 01
TXN-004819,Vernon Industrial Engineering PLC,Tatiana Eekhoff,26882.95,2025-01-23,District 12
TXN-004820,Stonebridge Coastal Logistics Ltd,Sanne Johannsen,2937.02,2025-10-26,District 02
TXN-004821,Underhill Coastal Engineering Co,Elias Nyberg,216247.47,2026-04-22,District 06
TXN-004822,Northgate Apex Solutions Inc,Emeline Bauer,4369.33,2024-04-03,District 10
TXN-004823,Zephyr Metro Developments LLC,Oskar Arnaud,76843.10,2025-12-25,District 02
TXN-004824,Dunmore Titan Consulting PLC,Halvard Novak,97912.35,2025-12-27,District 01
TXN-004825,Dunmore Midland Solutions LLC,Karina Jankowski,625736.48,2024-01-19,District 05
TXN-004826,Pemberton Sovereign Engineering LLC,Rasmus Halvorsen,42945.63,2026-02-14,District 01
TXN-004827,Stonebridge Pioneer Developments Co,Elias Bergstrom,23016.43,2024-03-28,District 11
TXN-004828,Kingsmere Industrial Solutions Co,Guillaume Capel,55389.01,2024-04-19,District 07
TXN-004829,Zephyr Harbor Logistics Ltd,Anika Weiss,4841.43,2026-03-15,District 11
TXN-004830,Larkspur Lakeside Ventures PLC,Zoran Lambert,10739.98,2024-05-11,District 11
TXN-004831,Zephyr Harbor Services Co,Katarina Aaltonen,19623.02,2025-04-09,District 02
TXN-004832,Dunmore Apex Enterprises Ltd,Dmitri Laine,23288.94,2025-04-15,District 10
TXN-004833,Moorfield Lakeside Engineering LLC,Branislav Wojcik,12253.09,2025-01-29,District 09
TXN-004834,Foxglove Reliance Group Inc,Quentin Kovacs,924754.01,2024-11-17,District 11
TXN-004835,Foxglove Civil Engineering PLC,Gabriel Olszynski,4813.68,2024-02-10,District 07
TXN-004836,Westbrook Industrial Enterprises PLC,Greta Jankowski,589226.72,2025-04-20,District 06
TXN-004837,Ashford Commercial Contractors PLC,Valentin Castellan,215387.18,2024-05-23,District 05
TXN-004838,Kingsmere Midland Services Inc,Yusuf Salvati,84111.58,2024-11-26,District 09
TXN-004839,Sandalwood Reliance Services Inc,Sanne Moreau,8498.25,2024-06-11,District 01
TXN-004840,Aldergate Pioneer Trading LLC,Quentin Fischer,604561.07,2026-05-14,District 07
TXN-004841,Oakridge Civic Holdings Co,Hanna Ignatiev,18232.65,2025-09-04,District 02
TXN-004842,Stonebridge Harbor Holdings PLC,Hanna Beaumont,65831.74,2026-03-04,District 09
TXN-004843,Brookfield Civic Contractors Inc,Jelena Teodorescu,911655.21,2026-04-30,District 02
TXN-004844,Orchard Civil Group Co,Aaron Halvorsen,92241.15,2025-12-13,District 03
TXN-004845,Ullswater Sovereign Partners PLC,Sabine Graziani,10840.24,2026-04-16,District 08
TXN-004846,Vernon Commercial Solutions Ltd,Yannick Kaufmann,76568.30,2024-05-06,District 04
TXN-004847,Sandalwood Atlas Solutions LLC,Severin Iversen,66374.75,2026-02-13,District 04
TXN-004848,Dunmore Commercial Solutions Inc,Olivia Dobrev,28015.64,2026-02-27,District 10
TXN-004849,Sandalwood Civic Consulting PLC,Gabriel Salvati,17762.70,2025-11-05,District 08
TXN-004850,Norwood Commercial Contractors Inc,Rene Escobar,313392.06,2024-07-04,District 08
TXN-004851,Stonebridge Highland Contractors LLC,Anika Chaudhry,101125.04,2024-08-18,District 07
TXN-004852,Foxglove Atlas Solutions Co,Karina Brogaard,923052.05,2025-11-18,District 12
TXN-004853,Grantham Atlas Infrastructure Inc,Margaux Girard,163789.32,2024-01-06,District 09
TXN-004854,Ullswater Civil Enterprises Co,Sanne Dupont,103315.28,2026-06-18,District 10
TXN-004855,Kirkwood Reliance Holdings LLC,Tadeusz Jankowski,332381.11,2025-10-31,District 10
TXN-004856,Norwood Sovereign Contractors Ltd,Noor Ferreira,53889.53,2026-05-19,District 01
TXN-004857,Moorfield Coastal Contractors LLC,Adrian Sauer,219891.86,2024-03-05,District 12
TXN-004858,Vernon Coastal Engineering Inc,Antoine Wagner,30121.66,2026-06-08,District 01
TXN-004859,Stonebridge Apex Infrastructure Inc,Dorian Rosqvist,13133.59,2026-02-23,District 04
TXN-004860,Sandalwood Crestline Services LLC,Rurik Bauer,698020.23,2025-04-19,District 10
TXN-004861,Yorkfield Titan Engineering LLC,Lars Sauer,123500.78,2025-02-03,District 08
TXN-004862,Amberley Midland Group Co,Halvard Ferreira,12584.44,2024-02-13,District 11
TXN-004863,Darlington Metro Holdings LLC,Beatriz Marchetti,163052.18,2025-02-23,District 12
TXN-004864,Northgate Industrial Solutions Co,Emeline Slavik,38140.22,2026-04-20,District 11
TXN-004865,Aldergate Prime Group Inc,Paolina Magnusson,20699.87,2025-10-18,District 06
TXN-004866,Copperfield Sovereign Engineering PLC,Ulrike Moreau,268625.02,2024-01-08,District 09
TXN-004867,Foxglove Apex Trading Ltd,Lucian Quaresma,13545.56,2025-09-21,District 07
TXN-004868,Ashford Lakeside Solutions Ltd,Rosalind Chaudhry,61460.07,2024-01-07,District 03
TXN-004869,Queensbury Midland Contractors Co,Leona Weiss,11754.14,2024-06-12,District 09
TXN-004870,Pemberton Harbor Consulting Co,Helena Sauer,26131.06,2026-01-19,District 07
TXN-004871,Devereux Zenith Enterprises Co,Wilhelm Girard,27528.31,2025-10-20,District 05
TXN-004872,Orchard Midland Developments Ltd,Alena Escobar,15658.82,2026-05-04,District 01
TXN-004873,Wexford Pioneer Ventures Co,Xenia Bergstrom,6960.65,2024-09-18,District 04
TXN-004874,Westbrook Harbor Ventures Inc,Cecelia Bakker,698744.24,2024-06-13,District 05
TXN-004875,Langford Highland Trading Co,Greta Wojcik,40065.64,2026-09-08,District 01
TXN-004876,Redstone Midland Services Co,Yelena Keller,538287.72,2025-04-29,District 10
TXN-004877,Orchard Sovereign Trading Inc,Adrian Quaresma,157493.10,2026-03-03,District 04
TXN-004878,Stonebridge Midland Works Ltd,Halvard Dobrev,28840.45,2026-06-17,District 05
TXN-004879,Pemberton Titan Partners Ltd,Valentin Nordin,7789.09,2026-04-25,District 01
TXN-004880,Harlow Pioneer Holdings Co,Rosalind Bondarenko,2924.35,2025-05-27,District 05
TXN-004881,Eastvale Midland Solutions Co,Elena Sauer,49811.18,2025-12-03,District 05
TXN-004882,Harlow Zenith Logistics LLC,Conrad Sebesta,24662.15,2025-05-01,District 03
TXN-004883,Underhill Industrial Logistics Ltd,Elena Reyes,351948.32,2025-01-05,District 04
TXN-004884,Elmhurst Atlas Works PLC,Jelena Sauer,8635.24,2026-07-01,District 12
TXN-004885,Marlowe Zenith Logistics LLC,Elias Lindqvist,97599.00,2025-08-16,District 07
TXN-004886,Copperfield Metro Infrastructure Inc,Lars Slavik,13762.22,2024-09-18,District 11
TXN-004887,Devereux Metro Holdings Inc,Leona Oberlin,517812.20,2025-09-21,District 11
TXN-004888,Radcliffe Midland Group PLC,Pavel Silvestri,5948.18,2024-06-02,District 07
TXN-004889,Foxglove Sovereign Solutions LLC,Rafaella Wendel,49742.37,2024-07-14,District 02
TXN-004890,Everly Atlas Consulting PLC,Halvard Meier,19078.25,2024-05-11,District 11
TXN-004891,Amberley Harbor Logistics Ltd,Dorian Pedersen,4910.97,2025-04-02,District 05
TXN-004892,Marlowe Apex Works LLC,Lena Stark,5664.49,2024-06-07,District 02
TXN-004893,Pemberton Titan Contractors PLC,Erin Wojcik,42010.85,2025-08-03,District 11
TXN-004894,Thornbury Metro Logistics Ltd,Aaron Karlsen,9810.68,2026-07-26,District 09
TXN-004895,Trevor Sovereign Services Inc,Pavel Sauer,30697.01,2025-10-02,District 02
TXN-004896,Eastvale Prime Infrastructure Ltd,Miranda Slavik,16007.77,2025-06-09,District 11
TXN-004897,Blackwood Atlas Holdings Ltd,Aaron Yilmaz,97417.92,2024-09-11,District 02
TXN-004898,Larkspur Titan Ventures Ltd,Kaspar Stark,572490.96,2026-06-03,District 03
TXN-004899,Harlow Commercial Trading PLC,Halvard Halvorsen,3018.56,2025-12-01,District 01
TXN-004900,Yorkfield Atlas Works PLC,Petra Ursu,18127.38,2025-07-31,District 02
TXN-004901,Oakridge Lakeside Developments Co,Leona Lambert,5369.80,2024-04-13,District 08
TXN-004902,Elmhurst Midland Developments Inc,Samir Magnusson,758414.86,2024-12-11,District 01
TXN-004903,Ashford Civil Partners Co,Thibault Lorenz,169722.20,2024-12-28,District 12
TXN-004904,Stonebridge Industrial Group Inc,Hanna Halvorsen,33736.02,2026-07-25,District 09
TXN-004905,Trevor Prime Consulting PLC,Rasmus Yilmaz,475250.51,2024-11-03,District 05
TXN-004906,Harlow Highland Contractors Co,Damien Sebesta,121672.18,2024-12-23,District 02
TXN-004907,Foxglove Pioneer Group Ltd,Casper Pichler,5661.04,2025-12-12,District 12
TXN-004908,Ullswater Coastal Works PLC,Miranda Hartmann,91462.42,2025-12-03,District 03
TXN-004909,Everly Apex Infrastructure LLC,Laurent Andersson,4716.08,2024-03-11,District 11
TXN-004910,Cavendish Reliance Services Inc,Adrian Rasmussen,35265.09,2025-07-31,District 02
TXN-004911,Orchard Sovereign Partners LLC,Felix Molinari,55421.80,2024-01-10,District 06
TXN-004912,Clarence Zenith Infrastructure LLC,Paolina Quaresma,143744.40,2026-05-21,District 05
TXN-004913,Foxglove Apex Engineering PLC,Amos Thomassen,784176.31,2025-08-04,District 04
TXN-004914,Brookfield Zenith Logistics Co,Samir Dobrev,188496.60,2025-11-18,District 12
TXN-004915,Vernon Coastal Contractors Inc,Adrian Wojcik,128954.39,2025-03-10,District 09
TXN-004916,Eastvale Lakeside Ventures PLC,Boris Caruso,38258.29,2026-05-05,District 12
TXN-004917,Thornbury Metro Services Ltd,Felix Petrov,12357.20,2026-05-19,District 02
TXN-004918,Langford Pioneer Engineering PLC,Hugo Hoffmann,91664.04,2025-04-05,District 04
TXN-004919,Fairmont Harbor Partners Ltd,Zoran Sandberg,91977.93,2024-01-21,District 01
TXN-004920,Northgate Crestline Engineering PLC,Karina Stark,3218.95,2024-02-28,District 01
TXN-004921,Langford Reliance Contractors Co,Alena Fontaine,45549.83,2025-05-20,District 06
TXN-004922,Vernon Metro Partners PLC,Nikolai Engstrom,18592.88,2025-02-19,District 12
TXN-004923,Darlington Industrial Enterprises Inc,Halvard Popescu,27911.01,2025-08-16,District 10
TXN-004924,Sandalwood Midland Works Ltd,Delphine Volkan,672474.33,2024-04-28,District 01
TXN-004925,Thornbury Highland Logistics Inc,Dorian Lukacs,3688.64,2025-08-08,District 02
TXN-004926,Wexford Reliance Contractors Co,Rene Kaminski,22539.88,2024-07-04,District 02
TXN-004927,Blackwood Zenith Solutions Inc,Yusuf Wagner,157035.53,2026-09-08,District 05
TXN-004928,Oakridge Metro Services Inc,Rafaella Tolvanen,12706.99,2025-08-19,District 08
TXN-004929,Norwood Metro Solutions Co,Adrian Sebesta,11277.42,2026-04-10,District 07
TXN-004930,Queensbury Harbor Infrastructure Ltd,Thibault Tolvanen,32309.27,2024-05-25,District 05
TXN-004931,Amberley Reliance Works PLC,Miranda Vogel,114122.64,2025-09-25,District 04
TXN-004932,Pemberton Highland Consulting Co,Matteo Petrov,3720.14,2025-09-29,District 08
TXN-004933,Stonebridge Civic Trading Co,Evander Villanueva,8105.64,2025-10-04,District 01
TXN-004934,Radcliffe Metro Developments Co,Ilse Yilmaz,127518.42,2026-06-02,District 06
TXN-004935,Zephyr Atlas Consulting Ltd,Xenia Rosqvist,2742.91,2024-07-02,District 07
TXN-004936,Blackwood Civic Contractors LLC,Helena Ursu,73544.86,2024-11-04,District 12
TXN-004937,Fairmont Atlas Services LLC,Leona Teodorescu,7408.07,2025-08-07,District 03
TXN-004938,Wexford Crestline Solutions PLC,Guillaume Zajac,398000.06,2024-12-25,District 12
TXN-004939,Kingsmere Civic Infrastructure Inc,Silvia Haugen,4175.96,2024-01-29,District 05
TXN-004940,Devereux Civic Group Co,Vera Sebesta,94178.34,2026-05-08,District 10
TXN-004941,Aldergate Crestline Logistics PLC,Antoine Mertens,268926.77,2025-11-25,District 08
TXN-004942,Belmont Lakeside Developments PLC,Margaux Quaresma,461626.17,2024-10-12,District 05
TXN-004943,Aldergate Commercial Engineering Co,Helena Clemencic,21724.28,2024-03-17,District 03
TXN-004944,Elmhurst Prime Solutions PLC,Fiona Teodorescu,10280.40,2024-02-27,District 07
TXN-004945,Stonebridge Prime Group Ltd,Lucian Marino,52999.70,2025-03-19,District 09
TXN-004946,Aldergate Metro Logistics Ltd,Rosalind Reyes,341322.19,2026-03-10,District 08
TXN-004947,Radcliffe Zenith Contractors LLC,Valentin Beaumont,18281.06,2025-01-25,District 09
TXN-004948,Kingsmere Highland Logistics Co,Karina Dahlberg,7049.25,2024-08-04,District 11
TXN-004949,Grantham Apex Enterprises LLC,Nikolai Hartmann,7228.56,2025-05-30,District 12
TXN-004950,Redstone Atlas Contractors Co,Greta Sebesta,299795.87,2026-05-28,District 08
TXN-004951,Jessup Summit Works Inc,Ivo Clemencic,123617.18,2025-09-04,District 10
TXN-004952,Northgate Zenith Holdings LLC,Hanna Slavik,856375.73,2024-02-29,District 05
TXN-004953,Radcliffe Pioneer Services Inc,Branislav Nordin,566339.68,2026-05-19,District 05
TXN-004954,Redstone Pioneer Infrastructure LLC,Helena Schneider,10277.24,2026-01-18,District 05
TXN-004955,Everly Atlas Developments LLC,Julien Persson,445778.29,2025-06-27,District 05
TXN-004956,Ashford Apex Group Co,Lena Volkan,37089.44,2026-02-02,District 08
TXN-004957,Grantham Prime Group LLC,Hugo Bondarenko,4918.97,2026-04-20,District 11
TXN-004958,Langford Apex Group Inc,Yelena Blanchard,244275.05,2024-05-30,District 12
TXN-004959,Oakridge Civil Group Ltd,Noor Weber,42365.57,2024-03-08,District 08
TXN-004960,Devereux Reliance Logistics Co,Dmitri Jankowski,4360.63,2026-06-06,District 09
TXN-004961,Fairmont Highland Logistics Ltd,Nikolai Mueller,35628.93,2024-02-13,District 02
TXN-004962,Marlowe Zenith Enterprises Co,Evander Garrido,15178.14,2025-09-14,District 03
TXN-004963,Underhill Atlas Group Inc,Conrad Lorenz,4107.48,2024-05-18,District 10
TXN-004964,Everly Summit Works Inc,Thibault Eekhoff,5376.75,2024-11-09,District 05
TXN-004965,Sandalwood Prime Consulting LLC,Quentin Lindqvist,24404.60,2025-01-13,District 10
TXN-004966,Devereux Crestline Enterprises PLC,Antoine Marchetti,178559.37,2025-10-10,District 07
TXN-004967,Underhill Commercial Enterprises LLC,Yelena Hartmann,116327.02,2026-08-06,District 12
TXN-004968,Ullswater Crestline Consulting Inc,Rafaella Saavedra,22119.33,2026-02-17,District 10
TXN-004969,Amberley Reliance Group Inc,Leona Jankowski,26630.83,2025-01-14,District 03
TXN-004970,Foxglove Titan Group PLC,Gabriel Delacroix,4384.03,2025-09-22,District 10
TXN-004971,Ashford Midland Trading PLC,Helena Ferreira,5981.91,2026-09-07,District 06
TXN-004972,Dunmore Lakeside Consulting LLC,Hanna Johannsen,54494.29,2026-06-13,District 03
TXN-004973,Grantham Metro Contractors Co,Nadia Christensen,296223.37,2026-09-04,District 11
TXN-004974,Orchard Harbor Ventures Ltd,Evander Aaltonen,578631.86,2025-04-29,District 01
TXN-004975,Copperfield Zenith Engineering Inc,Antoine Sandberg,22193.35,2024-05-07,District 10
TXN-004976,Cavendish Pioneer Group LLC,Rurik Teodorescu,189155.05,2025-06-06,District 09
TXN-004977,Zephyr Harbor Logistics Inc,Dalia Kaminski,80024.95,2026-07-15,District 08
TXN-004978,Elmhurst Civil Trading Ltd,Fabian Garrido,13700.33,2024-08-10,District 09
TXN-004979,Northgate Apex Enterprises Co,Vera Oberlin,42750.94,2025-06-30,District 03
TXN-004980,Jessup Lakeside Consulting Inc,Tatiana Rosqvist,69481.20,2026-05-01,District 06
TXN-004981,Queensbury Prime Ventures Co,Aaron Skovgaard,45697.00,2024-04-28,District 04
TXN-004982,Pinewood Atlas Contractors Inc,Dorian Kovacs,22759.03,2025-05-08,District 03
TXN-004983,Northgate Sovereign Ventures Co,Tadeusz Aaltonen,504110.37,2024-07-22,District 11
TXN-004984,Vernon Harbor Enterprises LLC,Lucian Gauthier,8015.56,2025-12-19,District 03
TXN-004985,Aldergate Lakeside Holdings Inc,Gabriel Vogel,2831.28,2025-12-10,District 05
TXN-004986,Dunmore Crestline Holdings PLC,Miranda Chaudhry,151145.58,2024-05-02,District 01
TXN-004987,Clarence Lakeside Developments Ltd,Xenia Demirci,30573.37,2025-06-26,District 09
TXN-004988,Thornbury Civil Logistics Inc,Nadia Bondarenko,17646.69,2025-09-17,District 02
TXN-004989,Langford Pioneer Developments Ltd,Rasmus Clemencic,463471.79,2025-01-29,District 04
TXN-004990,Jessup Highland Holdings Inc,Xenia Lambert,264308.08,2025-12-04,District 04
TXN-004991,Darlington Atlas Partners Co,Boris Schneider,45883.26,2025-02-27,District 10
TXN-004992,Brookfield Apex Trading PLC,Florian Vanek,188408.08,2024-11-15,District 02
TXN-004993,Trevor Metro Infrastructure Ltd,Lars Radovanovic,3388.89,2025-04-19,District 03
TXN-004994,Redstone Summit Solutions Inc,Delphine Zajac,5515.58,2024-01-20,District 10
TXN-004995,Grantham Highland Services PLC,Regina Kirkpatrick,10660.65,2026-05-17,District 06
TXN-004996,Westbrook Atlas Services Co,Rafaella Radovanovic,16454.47,2026-07-19,District 10
TXN-004997,Thornbury Summit Group Co,Rosalind Dobrev,115287.48,2025-02-04,District 03
TXN-004998,Cavendish Civic Consulting Ltd,Petra Dahlberg,356888.22,2024-01-23,District 06
TXN-004999,Holloway Apex Services LLC,Ilse Zajac,5749.98,2025-11-06,District 10
TXN-005000,Everly Lakeside Solutions LLC,Rosalind Bauer,275051.19,2024-03-21,District 09
